Workbook

Sheet 使用说明
A1: 塔防模式｜4 日战役智能设计器
A2: 正式战役为第 1～3 日共 12 波；第 4 日白昼只进行铃兰 Boss。第 1 日前三波已锁定保留。
A4: 建议工作流
A5: 1 | B5: 先在“敌人目录”维护全局固定战斗数值、息壤与掉落概率。
A6: 2 | B6: 在“全局设置”调整模拟玩家数、击杀率，以及第 1～3 日独立地下探索行动力。
A7: 3 | B7: 在“第1日”至“第3日”编辑每波敌人、数量、出生点与刷怪节奏；第 4 日 Boss 面板只读。
A8: 4 | B8: 到“总览”检查 12 波统计、日汇总、地下探索行动力和 Boss 接续。
A9: 5 | B9: 完成后把工作簿交回 Codex；Codex 校验并转换为 schema v3 JSON。工作簿不会直接写入正式 .tres。
A11: 颜色与输入规则
A12: 浅蓝 | B12: 波次名称、敌人、数量、出生点及节奏：可编辑
A13: 金黄 | B13: 敌人固定息壤与工作簿关键提醒
A14: 浅绿 / 浅紫 | B14: 敌人掉落概率：可编辑，输入 0%～100%
A15: 浅灰 | B15: 公式与权威结构字段：请勿手工覆盖
A16: 浅红 | B16: 校验失败：缺少输入、重复敌人或数值越界
A18: 四日流程（结构性约束）
A19: 第1～3日 | B19: 每天 4 个普通波次；第 4、8、12 波完成后进入地下探索。
A20: 地下探索 | B20: 三日默认行动力分别为 5、5、5；配置为 0 时跳过。正式流程不再进入命运时间。
A21: 第4日 | B21: 白昼准备完成后只进行铃兰 Boss；不显示普通波次编号，击败后直接通关。
A22: 导入契约 | B22: schema v3：12 波、4 日、Boss 位于第 12 波后、Boss 日为第 4 日白昼。
A24: 请勿直接编辑“敌人导入数据（勿改）”“导入数据（勿改）”与“系统数据（勿改）”；它们是稳定 ID 和反向回读契约。

Sheet 总览
A1: 塔防模式｜4 日战役总览
A2: 第 1～3 日共 12 个普通波次；每日日终进入地下探索；第 4 日白昼只进行铃兰 Boss。
A4: 可回读波次 | D4: 基础敌人数 | G4: 实际敌人数 | J4: 预计息壤/队伍 | M4: Boss | N4: 铃兰
A5: =COUNTIF(E9:E20,"可回读")&" / 12" -> 12 / 12 | D5: =SUM(F9:F20) -> 21810 | G5: =SUM(G9:G20) -> 21810 | J5: =SUM(K9:K20) -> 57351 | M5: 第4日·白昼
A8: 波次 | B8: 日 | C8: 时段 | D8: 名称 | E8: 状态 | F8: 基础数量 | G8: 实际数量 | H8: 敌人种类 | I8: 最大息壤/玩家 | J8: 预计息壤/玩家 | K8: 预计息壤/队伍 | L8: 最短刷怪(s) | M8: 存活上限 | N8: 启用出生点
A9: 第1波 | B9: 1 | C9: 白昼 | D9: =第1日!B3 -> 第1波 | E9: =第1日!I4 -> 可回读 | F9: =SUM(第1日!C7:C24) -> 3000 | G9: =SUM(第1日!D7:D24) -> 3000 | H9: =COUNTA(第1日!B7:B24) -> 5 | I9: =SUM(第1日!F7:F24) -> 3000 | J9: =SUM(第1日!G7:G24) -> 3000 | K9: =SUM(第1日!H7:H24) -> 3000 | L9: =IF(G9=0,0,MAX(0,(ROUNDUP(G9/第1日!G3,0)-1)*第1日!E3)) -> 299.9 | M9: =第1日!I3 -> 300 | N9: =IF(第1日!B4="点1·开启",1,0)+IF(第1日!C4="点2·开启",1,0)+IF(第1日!D4="点3·开启",1,0)+IF(第1日!E4="点4·开启",1,0)+IF(第1日!F4="点5·开启",1,0)+IF(第1日!G4="点6·开启",1,0) -> 4
A10: 第2波 | B10: 1 | C10: 白昼 | D10: =第1日!B32 -> 第2波 | E10: =第1日!I33 -> 可回读 | F10: =SUM(第1日!C36:C53) -> 3850 | G10: =SUM(第1日!D36:D53) -> 3850 | H10: =COUNTA(第1日!B36:B53) -> 7 | I10: =SUM(第1日!F36:F53) -> 4050 | J10: =SUM(第1日!G36:G53) -> 4050 | K10: =SUM(第1日!H36:H53) -> 4050 | L10: =IF(G10=0,0,MAX(0,(ROUNDUP(G10/第1日!G32,0)-1)*第1日!E32)) -> 384.9 | M10: =第1日!I32 -> 300 | N10: =IF(第1日!B33="点1·开启",1,0)+IF(第1日!C33="点2·开启",1,0)+IF(第1日!D33="点3·开启",1,0)+IF(第1日!E33="点4·开启",1,0)+IF(第1日!F33="点5·开启",1,0)+IF(第1日!G33="点6·开启",1,0) -> 4
A11: 第3波 | B11: 1 | C11: 夜晚 | D11: =第1日!B61 -> 第3波 | E11: =第1日!I62 -> 可回读 | F11: =SUM(第1日!C65:C82) -> 3470 | G11: =SUM(第1日!D65:D82) -> 3470 | H11: =COUNTA(第1日!B65:B82) -> 9 | I11: =SUM(第1日!F65:F82) -> 4540 | J11: =SUM(第1日!G65:G82) -> 4540 | K11: =SUM(第1日!H65:H82) -> 4540 | L11: =IF(G11=0,0,MAX(0,(ROUNDUP(G11/第1日!G61,0)-1)*第1日!E61)) -> 173.4 | M11: =第1日!I61 -> 300 | N11: =IF(第1日!B62="点1·开启",1,0)+IF(第1日!C62="点2·开启",1,0)+IF(第1日!D62="点3·开启",1,0)+IF(第1日!E62="点4·开启",1,0)+IF(第1日!F62="点5·开启",1,0)+IF(第1日!G62="点6·开启",1,0) -> 6
A12: 第4波 | B12: 1 | C12: 夜晚 | D12: =第1日!B90 -> 第4波 | E12: =第1日!I91 -> 可回读 | F12: =SUM(第1日!C94:C111) -> 2080 | G12: =SUM(第1日!D94:D111) -> 2080 | H12: =COUNTA(第1日!B94:B111) -> 11 | I12: =SUM(第1日!F94:F111) -> 5140 | J12: =SUM(第1日!G94:G111) -> 5140 | K12: =SUM(第1日!H94:H111) -> 5140 | L12: =IF(G12=0,0,MAX(0,(ROUNDUP(G12/第1日!G90,0)-1)*第1日!E90)) -> 69.3 | M12: =第1日!I90 -> 300 | N12: =IF(第1日!B91="点1·开启",1,0)+IF(第1日!C91="点2·开启",1,0)+IF(第1日!D91="点3·开启",1,0)+IF(第1日!E91="点4·开启",1,0)+IF(第1日!F91="点5·开启",1,0)+IF(第1日!G91="点6·开启",1,0) -> 6
A13: 第5波 | B13: 2 | C13: 白昼 | D13: =第2日!B3 -> 第5波 | E13: =第2日!I4 -> 可回读 | F13: =SUM(第2日!C7:C24) -> 2100 | G13: =SUM(第2日!D7:D24) -> 2100 | H13: =COUNTA(第2日!B7:B24) -> 15 | I13: =SUM(第2日!F7:F24) -> 8000 | J13: =SUM(第2日!G7:G24) -> 8000 | K13: =SUM(第2日!H7:H24) -> 8000 | L13: =IF(G13=0,0,MAX(0,(ROUNDUP(G13/第2日!G3,0)-1)*第2日!E3)) -> 52.4 | M13: =第2日!I3 -> 300 | N13: =IF(第2日!B4="点1·开启",1,0)+IF(第2日!C4="点2·开启",1,0)+IF(第2日!D4="点3·开启",1,0)+IF(第2日!E4="点4·开启",1,0)+IF(第2日!F4="点5·开启",1,0)+IF(第2日!G4="点6·开启",1,0) -> 6
A14: 第6波 | B14: 2 | C14: 白昼 | D14: =第2日!B32 -> 第6波 | E14: =第2日!I33 -> 可回读 | F14: =SUM(第2日!C36:C53) -> 2240 | G14: =SUM(第2日!D36:D53) -> 2240 | H14: =COUNTA(第2日!B36:B53) -> 18 | I14: =SUM(第2日!F36:F53) -> 9060 | J14: =SUM(第2日!G36:G53) -> 9060 | K14: =SUM(第2日!H36:H53) -> 9060 | L14: =IF(G14=0,0,MAX(0,(ROUNDUP(G14/第2日!G32,0)-1)*第2日!E32)) -> 201.51 | M14: =第2日!I32 -> 275 | N14: =IF(第2日!B33="点1·开启",1,0)+IF(第2日!C33="点2·开启",1,0)+IF(第2日!D33="点3·开启",1,0)+IF(第2日!E33="点4·开启",1,0)+IF(第2日!F33="点5·开启",1,0)+IF(第2日!G33="点6·开启",1,0) -> 6
A15: 第7波 | B15: 2 | C15: 夜晚 | D15: =第2日!B61 -> 第7波 | E15: =第2日!I62 -> 可回读 | F15: =SUM(第2日!C65:C82) -> 2150 | G15: =SUM(第2日!D65:D82) -> 2150 | H15: =COUNTA(第2日!B65:B82) -> 18 | I15: =SUM(第2日!F65:F82) -> 10410 | J15: =SUM(第2日!G65:G82) -> 10410 | K15: =SUM(第2日!H65:H82) -> 10410 | L15: =IF(G15=0,0,MAX(0,(ROUNDUP(G15/第2日!G61,0)-1)*第2日!E61)) -> 171.92 | M15: =第2日!I61 -> 285 | N15: =IF(第2日!B62="点1·开启",1,0)+IF(第2日!C62="点2·开启",1,0)+IF(第2日!D62="点3·开启",1,0)+IF(第2日!E62="点4·开启",1,0)+IF(第2日!F62="点5·开启",1,0)+IF(第2日!G62="点6·开启",1,0) -> 6
A16: 第8波 | B16: 2 | C16: 夜晚 | D16: =第2日!B90 -> 第8波 | E16: =第2日!I91 -> 可回读 | F16: =SUM(第2日!C94:C111) -> 2240 | G16: =SUM(第2日!D94:D111) -> 2240 | H16: =COUNTA(第2日!B94:B111) -> 18 | I16: =SUM(第2日!F94:F111) -> 11750 | J16: =SUM(第2日!G94:G111) -> 11750 | K16: =SUM(第2日!H94:H111) -> 11750 | L16: =IF(G16=0,0,MAX(0,(ROUNDUP(G16/第2日!G90,0)-1)*第2日!E90)) -> 167.925 | M16: =第2日!I90 -> 300 | N16: =IF(第2日!B91="点1·开启",1,0)+IF(第2日!C91="点2·开启",1,0)+IF(第2日!D91="点3·开启",1,0)+IF(第2日!E91="点4·开启",1,0)+IF(第2日!F91="点5·开启",1,0)+IF(第2日!G91="点6·开启",1,0) -> 6
A17: 第9波 | B17: 3 | C17: 白昼 | D17: =第3日!B3 -> 第9波 | E17: =第3日!I4 -> 可回读 | F17: =SUM(第3日!C7:C24) -> 144 | G17: =SUM(第3日!D7:D24) -> 144 | H17: =COUNTA(第3日!B7:B24) -> 9 | I17: =SUM(第3日!F7:F24) -> 242 | J17: =SUM(第3日!G7:G24) -> 242 | K17: =SUM(第3日!H7:H24) -> 242 | L17: =IF(G17=0,0,MAX(0,(ROUNDUP(G17/第3日!G3,0)-1)*第3日!E3)) -> 40.04 | M17: =第3日!I3 -> 300 | N17: =IF(第3日!B4="点1·开启",1,0)+IF(第3日!C4="点2·开启",1,0)+IF(第3日!D4="点3·开启",1,0)+IF(第3日!E4="点4·开启",1,0)+IF(第3日!F4="点5·开启",1,0)+IF(第3日!G4="点6·开启",1,0) -> 6
A18: 第10波 | B18: 3 | C18: 白昼 | D18: =第3日!B32 -> 第10波 | E18: =第3日!I33 -> 可回读 | F18: =SUM(第3日!C36:C53) -> 160 | G18: =SUM(第3日!D36:D53) -> 160 | H18: =COUNTA(第3日!B36:B53) -> 10 | I18: =SUM(第3日!F36:F53) -> 308 | J18: =SUM(第3日!G36:G53) -> 308 | K18: =SUM(第3日!H36:H53) -> 308 | L18: =IF(G18=0,0,MAX(0,(ROUNDUP(G18/第3日!G32,0)-1)*第3日!E32)) -> 41.34 | M18: =第3日!I32 -> 300 | N18: =IF(第3日!B33="点1·开启",1,0)+IF(第3日!C33="点2·开启",1,0)+IF(第3日!D33="点3·开启",1,0)+IF(第3日!E33="点4·开启",1,0)+IF(第3日!F33="点5·开启",1,0)+IF(第3日!G33="点6·开启",1,0) -> 6
A19: 第11波 | B19: 3 | C19: 夜晚 | D19: =第3日!B61 -> 第11波 | E19: =第3日!I62 -> 可回读 | F19: =SUM(第3日!C65:C82) -> 176 | G19: =SUM(第3日!D65:D82) -> 176 | H19: =COUNTA(第3日!B65:B82) -> 12 | I19: =SUM(第3日!F65:F82) -> 398 | J19: =SUM(第3日!G65:G82) -> 398 | K19: =SUM(第3日!H65:H82) -> 398 | L19: =IF(G19=0,0,MAX(0,(ROUNDUP(G19/第3日!G61,0)-1)*第3日!E61)) -> 42 | M19: =第3日!I61 -> 300 | N19: =IF(第3日!B62="点1·开启",1,0)+IF(第3日!C62="点2·开启",1,0)+IF(第3日!D62="点3·开启",1,0)+IF(第3日!E62="点4·开启",1,0)+IF(第3日!F62="点5·开启",1,0)+IF(第3日!G62="点6·开启",1,0) -> 6
A20: 第12波 | B20: 3 | C20: 夜晚 | D20: =第3日!B90 -> 第12波 | E20: =第3日!I91 -> 可回读 | F20: =SUM(第3日!C94:C111) -> 200 | G20: =SUM(第3日!D94:D111) -> 200 | H20: =COUNTA(第3日!B94:B111) -> 13 | I20: =SUM(第3日!F94:F111) -> 453 | J20: =SUM(第3日!G94:G111) -> 453 | K20: =SUM(第3日!H94:H111) -> 453 | L20: =IF(G20=0,0,MAX(0,(ROUNDUP(G20/第3日!G90,0)-1)*第3日!E90)) -> 43.78 | M20: =第3日!I90 -> 300 | N20: =IF(第3日!B91="点1·开启",1,0)+IF(第3日!C91="点2·开启",1,0)+IF(第3日!D91="点3·开启",1,0)+IF(第3日!E91="点4·开启",1,0)+IF(第3日!F91="点5·开启",1,0)+IF(第3日!G91="点6·开启",1,0) -> 6
A22: 第 4 日·白昼｜60 秒准备 → 铃兰 Boss → 击败后直接通关（无普通波次编号、无日终探索）
A24: 每日汇总
A25: 日 | B25: 普通波次 | C25: 基础敌人 | D25: 实际敌人 | E25: 预计息壤/队伍 | F25: 日终地下探索 AP
A26: 第1日 | B26: 4 | C26: =SUM(F9:F12) -> 12400 | D26: =SUM(G9:G12) -> 12400 | E26: =SUM(K9:K12) -> 16730 | F26: =全局设置!B16 -> 5
A27: 第2日 | B27: 4 | C27: =SUM(F13:F16) -> 8730 | D27: =SUM(G13:G16) -> 8730 | E27: =SUM(K13:K16) -> 39220 | F27: =全局设置!D16 -> 5
A28: 第3日 | B28: 4 | C28: =SUM(F17:F20) -> 680 | D28: =SUM(G17:G20) -> 680 | E28: =SUM(K17:K20) -> 1401 | F28: =全局设置!F16 -> 5
A29: 第4日 | B29: 0 | C29: 0 | D29: 0 | E29: 0 | F29: 无（Boss 后通关）
A33: 波次 | B33: 预计息壤/玩家 | C33: 预计息壤/队伍
A34: 第1波 | B34: =J9 -> 3000 | C34: =K9 -> 3000
A35: 第2波 | B35: =J10 -> 4050 | C35: =K10 -> 4050
A36: 第3波 | B36: =J11 -> 4540 | C36: =K11 -> 4540
A37: 第4波 | B37: =J12 -> 5140 | C37: =K12 -> 5140
A38: 第5波 | B38: =J13 -> 8000 | C38: =K13 -> 8000
A39: 第6波 | B39: =J14 -> 9060 | C39: =K14 -> 9060
A40: 第7波 | B40: =J15 -> 10410 | C40: =K15 -> 10410
A41: 第8波 | B41: =J16 -> 11750 | C41: =K16 -> 11750
A42: 第9波 | B42: =J17 -> 242 | C42: =K17 -> 242
A43: 第10波 | B43: =J18 -> 308 | C43: =K18 -> 308
A44: 第11波 | B44: =J19 -> 398 | C44: =K19 -> 398
A45: 第12波 | B45: =J20 -> 453 | C45: =K20 -> 453
A51: 波次 | B51: 实际敌人数
A52: 第1波 | B52: =G9 -> 3000
A53: 第2波 | B53: =G10 -> 3850
A54: 第3波 | B54: =G11 -> 3470
A55: 第4波 | B55: =G12 -> 2080
A56: 第5波 | B56: =G13 -> 2100
A57: 第6波 | B57: =G14 -> 2240
A58: 第7波 | B58: =G15 -> 2150
A59: 第8波 | B59: =G16 -> 2240
A60: 第9波 | B60: =G17 -> 144
A61: 第10波 | B61: =G18 -> 160
A62: 第11波 | B62: =G19 -> 176
A63: 第12波 | B63: =G20 -> 200

Sheet 全局设置
A1: 全局设置与四日战役契约
A2: 蓝色项目影响平衡预览；地下探索行动力会进入 schema v3 并由正式成长配置读取。
A4: 模拟参数 | B4: 当前值
A5: 玩家人数 | B5: 1
A6: 每名额外玩家敌人数增幅 | B6: 0.25
A7: 预计击杀率 | B7: 1
A8: 目标普通波次数 | B8: 12
A9: 总日数 | B9: 4
A10: 每日日内波次 | B10: 4
A11: Boss 接续于 | B11: 第12波之后
A12: Boss 日期 | B12: 第4日
A13: Boss 时段 | B13: 白昼
A15: 第 1～3 日地下探索行动力（独立输入）
A16: 第1日探索 AP | B16: 5 | C16: 第2日探索 AP | D16: 5 | E16: 第3日探索 AP | F16: 5
A18: 设计完整度
A19: 可回读波次 | B19: =COUNTIF(总览!E9:E20,"可回读")&" / 12" -> 12 / 12
A20: 总体状态 | B20: =IF(B19="12 / 12","完整","仍有待设计或需修正") -> 完整
A21: 敌人目录签名 | B21: b1fe8380d773e1597266e16f821f218f409f50807d0f37e8e2cf139bc0c16be8
A22: 回读契约 | B22: tower_defense_formal / schema v3
A24: 注意：本工作簿不会直接修改正式 wave_01～12.tres；Codex 会先校验 JSON 契约并明确审计差异。

Sheet 第1日
A1: ="第1日｜4 波配置｜日终地下探索 +"&全局设置!B16&" AP" -> 第1日｜4 波配置｜日终地下探索 +5 AP
A2: 第 1 波｜第 1 日·1/4｜白昼｜当前正式配置
A3: 波次名称 | B3: 第1波 | C3: 第1波 林地试探 | D3: 出生间隔(s) | E3: 0.1 | F3: 每Tick | G3: 1 | H3: 存活上限 | I3: 300
A4: 出生点 | B4: 点1·开启 | C4: 点2·开启 | D4: 点3·开启 | E4: 点4·开启 | F4: 点5·关闭 | G4: 点6·关闭 | H4: 波次校验 | I4: =IF(COUNTA(B7:B24)=0,"待设计",IF(COUNTIF(I7:I24,"需修正")>0,"需修正","可回读")) -> 可回读
A5: 仅编辑蓝色列、敌人数值和出生点；所有公式、稳定 ID 与 schema 字段由机器区自动生成。
A6: 槽位 | B6: 敌人（下拉选择） | C6: 基础数量 | D6: 实际数量 | E6: 息壤/击杀 | F6: 最大息壤/玩家 | G6: 预计息壤/玩家 | H6: 预计息壤/队伍 | I6: 校验
A7: 1 | B7: 史莱姆 | C7: 1300 | D7: =IF(B7="",0,ROUNDUP(C7*(1+(全局设置!$B$5-1)*全局设置!$B$6),0)) -> 1300 | E7: =IF(B7="",0,IFERROR(VLOOKUP(B7,敌人目录!$A$6:$M$68,13,FALSE),0)) -> 1 | F7: =D7*E7 -> 1300 | G7: =F7*全局设置!$B$7 -> 1300 | H7: =G7*全局设置!$B$5 -> 1300 | I7: =IF(AND(B7="",C7=""),"",IF(AND(B7<>"",C7>=1,COUNTIF($B$7:$B$24,B7)=1),"可回读","需修正")) -> 可回读
A8: 2 | B8: 火焰史莱姆 | C8: 400 | D8: =IF(B8="",0,ROUNDUP(C8*(1+(全局设置!$B$5-1)*全局设置!$B$6),0)) -> 400 | E8: =IF(B8="",0,IFERROR(VLOOKUP(B8,敌人目录!$A$6:$M$68,13,FALSE),0)) -> 1 | F8: =D8*E8 -> 400 | G8: =F8*全局设置!$B$7 -> 400 | H8: =G8*全局设置!$B$5 -> 400 | I8: =IF(AND(B8="",C8=""),"",IF(AND(B8<>"",C8>=1,COUNTIF($B$7:$B$24,B8)=1),"可回读","需修正")) -> 可回读
A9: 3 | B9: 普通原石虫 | C9: 500 | D9: =IF(B9="",0,ROUNDUP(C9*(1+(全局设置!$B$5-1)*全局设置!$B$6),0)) -> 500 | E9: =IF(B9="",0,IFERROR(VLOOKUP(B9,敌人目录!$A$6:$M$68,13,FALSE),0)) -> 1 | F9: =D9*E9 -> 500 | G9: =F9*全局设置!$B$7 -> 500 | H9: =G9*全局设置!$B$5 -> 500 | I9: =IF(AND(B9="",C9=""),"",IF(AND(B9<>"",C9>=1,COUNTIF($B$7:$B$24,B9)=1),"可回读","需修正")) -> 可回读
A10: 4 | B10: 迅捷原石虫 | C10: 300 | D10: =IF(B10="",0,ROUNDUP(C10*(1+(全局设置!$B$5-1)*全局设置!$B$6),0)) -> 300 | E10: =IF(B10="",0,IFERROR(VLOOKUP(B10,敌人目录!$A$6:$M$68,13,FALSE),0)) -> 1 | F10: =D10*E10 -> 300 | G10: =F10*全局设置!$B$7 -> 300 | H10: =G10*全局设置!$B$5 -> 300 | I10: =IF(AND(B10="",C10=""),"",IF(AND(B10<>"",C10>=1,COUNTIF($B$7:$B$24,B10)=1),"可回读","需修正")) -> 可回读
A11: 5 | B11: 火焰弹原石虫 | C11: 500 | D11: =IF(B11="",0,ROUNDUP(C11*(1+(全局设置!$B$5-1)*全局设置!$B$6),0)) -> 500 | E11: =IF(B11="",0,IFERROR(VLOOKUP(B11,敌人目录!$A$6:$M$68,13,FALSE),0)) -> 1 | F11: =D11*E11 -> 500 | G11: =F11*全局设置!$B$7 -> 500 | H11: =G11*全局设置!$B$5 -> 500 | I11: =IF(AND(B11="",C11=""),"",IF(AND(B11<>"",C11>=1,COUNTIF($B$7:$B$24,B11)=1),"可回读","需修正")) -> 可回读
A12: 6 | D12: =IF(B12="",0,ROUNDUP(C12*(1+(全局设置!$B$5-1)*全局设置!$B$6),0)) -> 0 | E12: =IF(B12="",0,IFERROR(VLOOKUP(B12,敌人目录!$A$6:$M$68,13,FALSE),0)) -> 0 | F12: =D12*E12 -> 0 | G12: =F12*全局设置!$B$7 -> 0 | H12: =G12*全局设置!$B$5 -> 0 | I12: =IF(AND(B12="",C12=""),"",IF(AND(B12<>"",C12>=1,COUNTIF($B$7:$B$24,B12)=1),"可回读","需修正"))
A13: 7 | D13: =IF(B13="",0,ROUNDUP(C13*(1+(全局设置!$B$5-1)*全局设置!$B$6),0)) -> 0 | E13: =IF(B13="",0,IFERROR(VLOOKUP(B13,敌人目录!$A$6:$M$68,13,FALSE),0)) -> 0 | F13: =D13*E13 -> 0 | G13: =F13*全局设置!$B$7 -> 0 | H13: =G13*全局设置!$B$5 -> 0 | I13: =IF(AND(B13="",C13=""),"",IF(AND(B13<>"",C13>=1,COUNTIF($B$7:$B$24,B13)=1),"可回读","需修正"))
A14: 8 | D14: =IF(B14="",0,ROUNDUP(C14*(1+(全局设置!$B$5-1)*全局设置!$B$6),0)) -> 0 | E14: =IF(B14="",0,IFERROR(VLOOKUP(B14,敌人目录!$A$6:$M$68,13,FALSE),0)) -> 0 | F14: =D14*E14 -> 0 | G14: =F14*全局设置!$B$7 -> 0 | H14: =G14*全局设置!$B$5 -> 0 | I14: =IF(AND(B14="",C14=""),"",IF(AND(B14<>"",C14>=1,COUNTIF($B$7:$B$24,B14)=1),"可回读","需修正"))
A15: 9 | D15: =IF(B15="",0,ROUNDUP(C15*(1+(全局设置!$B$5-1)*全局设置!$B$6),0)) -> 0 | E15: =IF(B15="",0,IFERROR(VLOOKUP(B15,敌人目录!$A$6:$M$68,13,FALSE),0)) -> 0 | F15: =D15*E15 -> 0 | G15: =F15*全局设置!$B$7 -> 0 | H15: =G15*全局设置!$B$5 -> 0 | I15: =IF(AND(B15="",C15=""),"",IF(AND(B15<>"",C15>=1,COUNTIF($B$7:$B$24,B15)=1),"可回读","需修正"))
A16: 10 | D16: =IF(B16="",0,ROUNDUP(C16*(1+(全局设置!$B$5-1)*全局设置!$B$6),0)) -> 0 | E16: =IF(B16="",0,IFERROR(VLOOKUP(B16,敌人目录!$A$6:$M$68,13,FALSE),0)) -> 0 | F16: =D16*E16 -> 0 | G16: =F16*全局设置!$B$7 -> 0 | H16: =G16*全局设置!$B$5 -> 0 | I16: =IF(AND(B16="",C16=""),"",IF(AND(B16<>"",C16>=1,COUNTIF($B$7:$B$24,B16)=1),"可回读","需修正"))
A17: 11 | D17: =IF(B17="",0,ROUNDUP(C17*(1+(全局设置!$B$5-1)*全局设置!$B$6),0)) -> 0 | E17: =IF(B17="",0,IFERROR(VLOOKUP(B17,敌人目录!$A$6:$M$68,13,FALSE),0)) -> 0 | F17: =D17*E17 -> 0 | G17: =F17*全局设置!$B$7 -> 0 | H17: =G17*全局设置!$B$5 -> 0 | I17: =IF(AND(B17="",C17=""),"",IF(AND(B17<>"",C17>=1,COUNTIF($B$7:$B$24,B17)=1),"可回读","需修正"))
A18: 12 | D18: =IF(B18="",0,ROUNDUP(C18*(1+(全局设置!$B$5-1)*全局设置!$B$6),0)) -> 0 | E18: =IF(B18="",0,IFERROR(VLOOKUP(B18,敌人目录!$A$6:$M$68,13,FALSE),0)) -> 0 | F18: =D18*E18 -> 0 | G18: =F18*全局设置!$B$7 -> 0 | H18: =G18*全局设置!$B$5 -> 0 | I18: =IF(AND(B18="",C18=""),"",IF(AND(B18<>"",C18>=1,COUNTIF($B$7:$B$24,B18)=1),"可回读","需修正"))
A19: 13 | D19: =IF(B19="",0,ROUNDUP(C19*(1+(全局设置!$B$5-1)*全局设置!$B$6),0)) -> 0 | E19: =IF(B19="",0,IFERROR(VLOOKUP(B19,敌人目录!$A$6:$M$68,13,FALSE),0)) -> 0 | F19: =D19*E19 -> 0 | G19: =F19*全局设置!$B$7 -> 0 | H19: =G19*全局设置!$B$5 -> 0 | I19: =IF(AND(B19="",C19=""),"",IF(AND(B19<>"",C19>=1,COUNTIF($B$7:$B$24,B19)=1),"可回读","需修正"))
A20: 14 | D20: =IF(B20="",0,ROUNDUP(C20*(1+(全局设置!$B$5-1)*全局设置!$B$6),0)) -> 0 | E20: =IF(B20="",0,IFERROR(VLOOKUP(B20,敌人目录!$A$6:$M$68,13,FALSE),0)) -> 0 | F20: =D20*E20 -> 0 | G20: =F20*全局设置!$B$7 -> 0 | H20: =G20*全局设置!$B$5 -> 0 | I20: =IF(AND(B20="",C20=""),"",IF(AND(B20<>"",C20>=1,COUNTIF($B$7:$B$24,B20)=1),"可回读","需修正"))
A21: 15 | D21: =IF(B21="",0,ROUNDUP(C21*(1+(全局设置!$B$5-1)*全局设置!$B$6),0)) -> 0 | E21: =IF(B21="",0,IFERROR(VLOOKUP(B21,敌人目录!$A$6:$M$68,13,FALSE),0)) -> 0 | F21: =D21*E21 -> 0 | G21: =F21*全局设置!$B$7 -> 0 | H21: =G21*全局设置!$B$5 -> 0 | I21: =IF(AND(B21="",C21=""),"",IF(AND(B21<>"",C21>=1,COUNTIF($B$7:$B$24,B21)=1),"可回读","需修正"))
A22: 16 | D22: =IF(B22="",0,ROUNDUP(C22*(1+(全局设置!$B$5-1)*全局设置!$B$6),0)) -> 0 | E22: =IF(B22="",0,IFERROR(VLOOKUP(B22,敌人目录!$A$6:$M$68,13,FALSE),0)) -> 0 | F22: =D22*E22 -> 0 | G22: =F22*全局设置!$B$7 -> 0 | H22: =G22*全局设置!$B$5 -> 0 | I22: =IF(AND(B22="",C22=""),"",IF(AND(B22<>"",C22>=1,COUNTIF($B$7:$B$24,B22)=1),"可回读","需修正"))
A23: 17 | D23: =IF(B23="",0,ROUNDUP(C23*(1+(全局设置!$B$5-1)*全局设置!$B$6),0)) -> 0 | E23: =IF(B23="",0,IFERROR(VLOOKUP(B23,敌人目录!$A$6:$M$68,13,FALSE),0)) -> 0 | F23: =D23*E23 -> 0 | G23: =F23*全局设置!$B$7 -> 0 | H23: =G23*全局设置!$B$5 -> 0 | I23: =IF(AND(B23="",C23=""),"",IF(AND(B23<>"",C23>=1,COUNTIF($B$7:$B$24,B23)=1),"可回读","需修正"))
A24: 18 | D24: =IF(B24="",0,ROUNDUP(C24*(1+(全局设置!$B$5-1)*全局设置!$B$6),0)) -> 0 | E24: =IF(B24="",0,IFERROR(VLOOKUP(B24,敌人目录!$A$6:$M$68,13,FALSE),0)) -> 0 | F24: =D24*E24 -> 0 | G24: =F24*全局设置!$B$7 -> 0 | H24: =G24*全局设置!$B$5 -> 0 | I24: =IF(AND(B24="",C24=""),"",IF(AND(B24<>"",C24>=1,COUNTIF($B$7:$B$24,B24)=1),"可回读","需修正"))
A26: 基础总数 | B26: =SUM(C7:C24) -> 3000 | C26: 实际总数 | D26: =SUM(D7:D24) -> 3000 | E26: 最大息壤/玩家 | F26: =SUM(F7:F24) -> 3000 | G26: 预计息壤/玩家 | H26: =SUM(G7:G24) -> 3000
A27: 预计息壤/队伍 | B27: =SUM(H7:H24) -> 3000 | C27: 说明 | D27: 预计息壤 = 实际数量 × 固定息壤 × 击杀率；已移除每日命运倍率。
A31: 第 2 波｜第 1 日·2/4｜白昼｜当前正式配置
A32: 波次名称 | B32: 第2波 | C32: 第2波 迅影与硬壳 | D32: 出生间隔(s) | E32: 0.1 | F32: 每Tick | G32: 1 | H32: 存活上限 | I32: 300
A33: 出生点 | B33: 点1·开启 | C33: 点2·开启 | D33: 点3·开启 | E33: 点4·开启 | F33: 点5·关闭 | G33: 点6·关闭 | H33: 波次校验 | I33: =IF(COUNTA(B36:B53)=0,"待设计",IF(COUNTIF(I36:I53,"需修正")>0,"需修正","可回读")) -> 可回读
A34: 仅编辑蓝色列、敌人数值和出生点；所有公式、稳定 ID 与 schema 字段由机器区自动生成。
A35: 槽位 | B35: 敌人（下拉选择） | C35: 基础数量 | D35: 实际数量 | E35: 息壤/击杀 | F35: 最大息壤/玩家 | G35: 预计息壤/玩家 | H35: 预计息壤/队伍 | I35: 校验
A36: 1 | B36: 史莱姆 | C36: 2000 | D36: =IF(B36="",0,ROUNDUP(C36*(1+(全局设置!$B$5-1)*全局设置!$B$6),0)) -> 2000 | E36: =IF(B36="",0,IFERROR(VLOOKUP(B36,敌人目录!$A$6:$M$68,13,FALSE),0)) -> 1 | F36: =D36*E36 -> 2000 | G36: =F36*全局设置!$B$7 -> 2000 | H36: =G36*全局设置!$B$5 -> 2000 | I36: =IF(AND(B36="",C36=""),"",IF(AND(B36<>"",C36>=1,COUNTIF($B$36:$B$53,B36)=1),"可回读","需修正")) -> 可回读
A37: 2 | B37: 火焰史莱姆 | C37: 400 | D37: =IF(B37="",0,ROUNDUP(C37*(1+(全局设置!$B$5-1)*全局设置!$B$6),0)) -> 400 | E37: =IF(B37="",0,IFERROR(VLOOKUP(B37,敌人目录!$A$6:$M$68,13,FALSE),0)) -> 1 | F37: =D37*E37 -> 400 | G37: =F37*全局设置!$B$7 -> 400 | H37: =G37*全局设置!$B$5 -> 400 | I37: =IF(AND(B37="",C37=""),"",IF(AND(B37<>"",C37>=1,COUNTIF($B$36:$B$53,B37)=1),"可回读","需修正")) -> 可回读
A38: 3 | B38: 普通原石虫 | C38: 500 | D38: =IF(B38="",0,ROUNDUP(C38*(1+(全局设置!$B$5-1)*全局设置!$B$6),0)) -> 500 | E38: =IF(B38="",0,IFERROR(VLOOKUP(B38,敌人目录!$A$6:$M$68,13,FALSE),0)) -> 1 | F38: =D38*E38 -> 500 | G38: =F38*全局设置!$B$7 -> 500 | H38: =G38*全局设置!$B$5 -> 500 | I38: =IF(AND(B38="",C38=""),"",IF(AND(B38<>"",C38>=1,COUNTIF($B$36:$B$53,B38)=1),"可回读","需修正")) -> 可回读
A39: 4 | B39: 迅捷原石虫 | C39: 300 | D39: =IF(B39="",0,ROUNDUP(C39*(1+(全局设置!$B$5-1)*全局设置!$B$6),0)) -> 300 | E39: =IF(B39="",0,IFERROR(VLOOKUP(B39,敌人目录!$A$6:$M$68,13,FALSE),0)) -> 1 | F39: =D39*E39 -> 300 | G39: =F39*全局设置!$B$7 -> 300 | H39: =G39*全局设置!$B$5 -> 300 | I39: =IF(AND(B39="",C39=""),"",IF(AND(B39<>"",C39>=1,COUNTIF($B$36:$B$53,B39)=1),"可回读","需修正")) -> 可回读
A40: 5 | B40: 硬壳原石虫 | C40: 200 | D40: =IF(B40="",0,ROUNDUP(C40*(1+(全局设置!$B$5-1)*全局设置!$B$6),0)) -> 200 | E40: =IF(B40="",0,IFERROR(VLOOKUP(B40,敌人目录!$A$6:$M$68,13,FALSE),0)) -> 2 | F40: =D40*E40 -> 400 | G40: =F40*全局设置!$B$7 -> 400 | H40: =G40*全局设置!$B$5 -> 400 | I40: =IF(AND(B40="",C40=""),"",IF(AND(B40<>"",C40>=1,COUNTIF($B$36:$B$53,B40)=1),"可回读","需修正")) -> 可回读
A41: 6 | B41: 火焰弹原石虫 | C41: 50 | D41: =IF(B41="",0,ROUNDUP(C41*(1+(全局设置!$B$5-1)*全局设置!$B$6),0)) -> 50 | E41: =IF(B41="",0,IFERROR(VLOOKUP(B41,敌人目录!$A$6:$M$68,13,FALSE),0)) -> 1 | F41: =D41*E41 -> 50 | G41: =F41*全局设置!$B$7 -> 50 | H41: =G41*全局设置!$B$5 -> 50 | I41: =IF(AND(B41="",C41=""),"",IF(AND(B41<>"",C41>=1,COUNTIF($B$36:$B$53,B41)=1),"可回读","需修正")) -> 可回读
A42: 7 | B42: 寒冰史莱姆 | C42: 400 | D42: =IF(B42="",0,ROUNDUP(C42*(1+(全局设置!$B$5-1)*全局设置!$B$6),0)) -> 400 | E42: =IF(B42="",0,IFERROR(VLOOKUP(B42,敌人目录!$A$6:$M$68,13,FALSE),0)) -> 1 | F42: =D42*E42 -> 400 | G42: =F42*全局设置!$B$7 -> 400 | H42: =G42*全局设置!$B$5 -> 400 | I42: =IF(AND(B42="",C42=""),"",IF(AND(B42<>"",C42>=1,COUNTIF($B$36:$B$53,B42)=1),"可回读","需修正")) -> 可回读
A43: 8 | D43: =IF(B43="",0,ROUNDUP(C43*(1+(全局设置!$B$5-1)*全局设置!$B$6),0)) -> 0 | E43: =IF(B43="",0,IFERROR(VLOOKUP(B43,敌人目录!$A$6:$M$68,13,FALSE),0)) -> 0 | F43: =D43*E43 -> 0 | G43: =F43*全局设置!$B$7 -> 0 | H43: =G43*全局设置!$B$5 -> 0 | I43: =IF(AND(B43="",C43=""),"",IF(AND(B43<>"",C43>=1,COUNTIF($B$36:$B$53,B43)=1),"可回读","需修正"))
A44: 9 | D44: =IF(B44="",0,ROUNDUP(C44*(1+(全局设置!$B$5-1)*全局设置!$B$6),0)) -> 0 | E44: =IF(B44="",0,IFERROR(VLOOKUP(B44,敌人目录!$A$6:$M$68,13,FALSE),0)) -> 0 | F44: =D44*E44 -> 0 | G44: =F44*全局设置!$B$7 -> 0 | H44: =G44*全局设置!$B$5 -> 0 | I44: =IF(AND(B44="",C44=""),"",IF(AND(B44<>"",C44>=1,COUNTIF($B$36:$B$53,B44)=1),"可回读","需修正"))
A45: 10 | D45: =IF(B45="",0,ROUNDUP(C45*(1+(全局设置!$B$5-1)*全局设置!$B$6),0)) -> 0 | E45: =IF(B45="",0,IFERROR(VLOOKUP(B45,敌人目录!$A$6:$M$68,13,FALSE),0)) -> 0 | F45: =D45*E45 -> 0 | G45: =F45*全局设置!$B$7 -> 0 | H45: =G45*全局设置!$B$5 -> 0 | I45: =IF(AND(B45="",C45=""),"",IF(AND(B45<>"",C45>=1,COUNTIF($B$36:$B$53,B45)=1),"可回读","需修正"))
A46: 11 | D46: =IF(B46="",0,ROUNDUP(C46*(1+(全局设置!$B$5-1)*全局设置!$B$6),0)) -> 0 | E46: =IF(B46="",0,IFERROR(VLOOKUP(B46,敌人目录!$A$6:$M$68,13,FALSE),0)) -> 0 | F46: =D46*E46 -> 0 | G46: =F46*全局设置!$B$7 -> 0 | H46: =G46*全局设置!$B$5 -> 0 | I46: =IF(AND(B46="",C46=""),"",IF(AND(B46<>"",C46>=1,COUNTIF($B$36:$B$53,B46)=1),"可回读","需修正"))
A47: 12 | D47: =IF(B47="",0,ROUNDUP(C47*(1+(全局设置!$B$5-1)*全局设置!$B$6),0)) -> 0 | E47: =IF(B47="",0,IFERROR(VLOOKUP(B47,敌人目录!$A$6:$M$68,13,FALSE),0)) -> 0 | F47: =D47*E47 -> 0 | G47: =F47*全局设置!$B$7 -> 0 | H47: =G47*全局设置!$B$5 -> 0 | I47: =IF(AND(B47="",C47=""),"",IF(AND(B47<>"",C47>=1,COUNTIF($B$36:$B$53,B47)=1),"可回读","需修正"))
A48: 13 | D48: =IF(B48="",0,ROUNDUP(C48*(1+(全局设置!$B$5-1)*全局设置!$B$6),0)) -> 0 | E48: =IF(B48="",0,IFERROR(VLOOKUP(B48,敌人目录!$A$6:$M$68,13,FALSE),0)) -> 0 | F48: =D48*E48 -> 0 | G48: =F48*全局设置!$B$7 -> 0 | H48: =G48*全局设置!$B$5 -> 0 | I48: =IF(AND(B48="",C48=""),"",IF(AND(B48<>"",C48>=1,COUNTIF($B$36:$B$53,B48)=1),"可回读","需修正"))
A49: 14 | D49: =IF(B49="",0,ROUNDUP(C49*(1+(全局设置!$B$5-1)*全局设置!$B$6),0)) -> 0 | E49: =IF(B49="",0,IFERROR(VLOOKUP(B49,敌人目录!$A$6:$M$68,13,FALSE),0)) -> 0 | F49: =D49*E49 -> 0 | G49: =F49*全局设置!$B$7 -> 0 | H49: =G49*全局设置!$B$5 -> 0 | I49: =IF(AND(B49="",C49=""),"",IF(AND(B49<>"",C49>=1,COUNTIF($B$36:$B$53,B49)=1),"可回读","需修正"))
A50: 15 | D50: =IF(B50="",0,ROUNDUP(C50*(1+(全局设置!$B$5-1)*全局设置!$B$6),0)) -> 0 | E50: =IF(B50="",0,IFERROR(VLOOKUP(B50,敌人目录!$A$6:$M$68,13,FALSE),0)) -> 0 | F50: =D50*E50 -> 0 | G50: =F50*全局设置!$B$7 -> 0 | H50: =G50*全局设置!$B$5 -> 0 | I50: =IF(AND(B50="",C50=""),"",IF(AND(B50<>"",C50>=1,COUNTIF($B$36:$B$53,B50)=1),"可回读","需修正"))
A51: 16 | D51: =IF(B51="",0,ROUNDUP(C51*(1+(全局设置!$B$5-1)*全局设置!$B$6),0)) -> 0 | E51: =IF(B51="",0,IFERROR(VLOOKUP(B51,敌人目录!$A$6:$M$68,13,FALSE),0)) -> 0 | F51: =D51*E51 -> 0 | G51: =F51*全局设置!$B$7 -> 0 | H51: =G51*全局设置!$B$5 -> 0 | I51: =IF(AND(B51="",C51=""),"",IF(AND(B51<>"",C51>=1,COUNTIF($B$36:$B$53,B51)=1),"可回读","需修正"))
A52: 17 | D52: =IF(B52="",0,ROUNDUP(C52*(1+(全局设置!$B$5-1)*全局设置!$B$6),0)) -> 0 | E52: =IF(B52="",0,IFERROR(VLOOKUP(B52,敌人目录!$A$6:$M$68,13,FALSE),0)) -> 0 | F52: =D52*E52 -> 0 | G52: =F52*全局设置!$B$7 -> 0 | H52: =G52*全局设置!$B$5 -> 0 | I52: =IF(AND(B52="",C52=""),"",IF(AND(B52<>"",C52>=1,COUNTIF($B$36:$B$53,B52)=1),"可回读","需修正"))
A53: 18 | D53: =IF(B53="",0,ROUNDUP(C53*(1+(全局设置!$B$5-1)*全局设置!$B$6),0)) -> 0 | E53: =IF(B53="",0,IFERROR(VLOOKUP(B53,敌人目录!$A$6:$M$68,13,FALSE),0)) -> 0 | F53: =D53*E53 -> 0 | G53: =F53*全局设置!$B$7 -> 0 | H53: =G53*全局设置!$B$5 -> 0 | I53: =IF(AND(B53="",C53=""),"",IF(AND(B53<>"",C53>=1,COUNTIF($B$36:$B$53,B53)=1),"可回读","需修正"))
A55: 基础总数 | B55: =SUM(C36:C53) -> 3850 | C55: 实际总数 | D55: =SUM(D36:D53) -> 3850 | E55: 最大息壤/玩家 | F55: =SUM(F36:F53) -> 4050 | G55: 预计息壤/玩家 | H55: =SUM(G36:G53) -> 4050
A56: 预计息壤/队伍 | B56: =SUM(H36:H53) -> 4050 | C56: 说明 | D56: 预计息壤 = 实际数量 × 固定息壤 × 击杀率；已移除每日命运倍率。
A60: 第 3 波｜第 1 日·3/4｜夜晚｜当前正式配置
A61: 波次名称 | B61: 第3波 | C61: 第3波 火线初现 | D61: 出生间隔(s) | E61: 0.1 | F61: 每Tick | G61: 2 | H61: 存活上限 | I61: 300
A62: 出生点 | B62: 点1·开启 | C62: 点2·开启 | D62: 点3·开启 | E62: 点4·开启 | F62: 点5·开启 | G62: 点6·开启 | H62: 波次校验 | I62: =IF(COUNTA(B65:B82)=0,"待设计",IF(COUNTIF(I65:I82,"需修正")>0,"需修正","可回读")) -> 可回读
A63: 仅编辑蓝色列、敌人数值和出生点；所有公式、稳定 ID 与 schema 字段由机器区自动生成。
A64: 槽位 | B64: 敌人（下拉选择） | C64: 基础数量 | D64: 实际数量 | E64: 息壤/击杀 | F64: 最大息壤/玩家 | G64: 预计息壤/玩家 | H64: 预计息壤/队伍 | I64: 校验
A65: 1 | B65: 守护者原石虫 | C65: 50 | D65: =IF(B65="",0,ROUNDUP(C65*(1+(全局设置!$B$5-1)*全局设置!$B$6),0)) -> 50 | E65: =IF(B65="",0,IFERROR(VLOOKUP(B65,敌人目录!$A$6:$M$68,13,FALSE),0)) -> 2 | F65: =D65*E65 -> 100 | G65: =F65*全局设置!$B$7 -> 100 | H65: =G65*全局设置!$B$5 -> 100 | I65: =IF(AND(B65="",C65=""),"",IF(AND(B65<>"",C65>=1,COUNTIF($B$65:$B$82,B65)=1),"可回读","需修正")) -> 可回读
A66: 2 | B66: 普通原石虫 | C66: 500 | D66: =IF(B66="",0,ROUNDUP(C66*(1+(全局设置!$B$5-1)*全局设置!$B$6),0)) -> 500 | E66: =IF(B66="",0,IFERROR(VLOOKUP(B66,敌人目录!$A$6:$M$68,13,FALSE),0)) -> 1 | F66: =D66*E66 -> 500 | G66: =F66*全局设置!$B$7 -> 500 | H66: =G66*全局设置!$B$5 -> 500 | I66: =IF(AND(B66="",C66=""),"",IF(AND(B66<>"",C66>=1,COUNTIF($B$65:$B$82,B66)=1),"可回读","需修正")) -> 可回读
A67: 3 | B67: 硬壳原石虫 | C67: 1000 | D67: =IF(B67="",0,ROUNDUP(C67*(1+(全局设置!$B$5-1)*全局设置!$B$6),0)) -> 1000 | E67: =IF(B67="",0,IFERROR(VLOOKUP(B67,敌人目录!$A$6:$M$68,13,FALSE),0)) -> 2 | F67: =D67*E67 -> 2000 | G67: =F67*全局设置!$B$7 -> 2000 | H67: =G67*全局设置!$B$5 -> 2000 | I67: =IF(AND(B67="",C67=""),"",IF(AND(B67<>"",C67>=1,COUNTIF($B$65:$B$82,B67)=1),"可回读","需修正")) -> 可回读
A68: 4 | B68: 自爆原石虫 | C68: 400 | D68: =IF(B68="",0,ROUNDUP(C68*(1+(全局设置!$B$5-1)*全局设置!$B$6),0)) -> 400 | E68: =IF(B68="",0,IFERROR(VLOOKUP(B68,敌人目录!$A$6:$M$68,13,FALSE),0)) -> 1 | F68: =D68*E68 -> 400 | G68: =F68*全局设置!$B$7 -> 400 | H68: =G68*全局设置!$B$5 -> 400 | I68: =IF(AND(B68="",C68=""),"",IF(AND(B68<>"",C68>=1,COUNTIF($B$65:$B$82,B68)=1),"可回读","需修正")) -> 可回读
A69: 5 | B69: 绿色史莱姆 | C69: 100 | D69: =IF(B69="",0,ROUNDUP(C69*(1+(全局设置!$B$5-1)*全局设置!$B$6),0)) -> 100 | E69: =IF(B69="",0,IFERROR(VLOOKUP(B69,敌人目录!$A$6:$M$68,13,FALSE),0)) -> 1 | F69: =D69*E69 -> 100 | G69: =F69*全局设置!$B$7 -> 100 | H69: =G69*全局设置!$B$5 -> 100 | I69: =IF(AND(B69="",C69=""),"",IF(AND(B69<>"",C69>=1,COUNTIF($B$65:$B$82,B69)=1),"可回读","需修正")) -> 可回读
A70: 6 | B70: 寒冰史莱姆 | C70: 400 | D70: =IF(B70="",0,ROUNDUP(C70*(1+(全局设置!$B$5-1)*全局设置!$B$6),0)) -> 400 | E70: =IF(B70="",0,IFERROR(VLOOKUP(B70,敌人目录!$A$6:$M$68,13,FALSE),0)) -> 1 | F70: =D70*E70 -> 400 | G70: =F70*全局设置!$B$7 -> 400 | H70: =G70*全局设置!$B$5 -> 400 | I70: =IF(AND(B70="",C70=""),"",IF(AND(B70<>"",C70>=1,COUNTIF($B$65:$B$82,B70)=1),"可回读","需修正")) -> 可回读
A71: 7 | B71: 火焰弹原石虫 | C71: 500 | D71: =IF(B71="",0,ROUNDUP(C71*(1+(全局设置!$B$5-1)*全局设置!$B$6),0)) -> 500 | E71: =IF(B71="",0,IFERROR(VLOOKUP(B71,敌人目录!$A$6:$M$68,13,FALSE),0)) -> 1 | F71: =D71*E71 -> 500 | G71: =F71*全局设置!$B$7 -> 500 | H71: =G71*全局设置!$B$5 -> 500 | I71: =IF(AND(B71="",C71=""),"",IF(AND(B71<>"",C71>=1,COUNTIF($B$65:$B$82,B71)=1),"可回读","需修正")) -> 可回读
A72: 8 | B72: 史莱姆 | C72: 500 | D72: =IF(B72="",0,ROUNDUP(C72*(1+(全局设置!$B$5-1)*全局设置!$B$6),0)) -> 500 | E72: =IF(B72="",0,IFERROR(VLOOKUP(B72,敌人目录!$A$6:$M$68,13,FALSE),0)) -> 1 | F72: =D72*E72 -> 500 | G72: =F72*全局设置!$B$7 -> 500 | H72: =G72*全局设置!$B$5 -> 500 | I72: =IF(AND(B72="",C72=""),"",IF(AND(B72<>"",C72>=1,COUNTIF($B$65:$B$82,B72)=1),"可回读","需修正")) -> 可回读
A73: 9 | B73: 紫晶自爆原石虫 | C73: 20 | D73: =IF(B73="",0,ROUNDUP(C73*(1+(全局设置!$B$5-1)*全局设置!$B$6),0)) -> 20 | E73: =IF(B73="",0,IFERROR(VLOOKUP(B73,敌人目录!$A$6:$M$68,13,FALSE),0)) -> 2 | F73: =D73*E73 -> 40 | G73: =F73*全局设置!$B$7 -> 40 | H73: =G73*全局设置!$B$5 -> 40 | I73: =IF(AND(B73="",C73=""),"",IF(AND(B73<>"",C73>=1,COUNTIF($B$65:$B$82,B73)=1),"可回读","需修正")) -> 可回读
A74: 10 | D74: =IF(B74="",0,ROUNDUP(C74*(1+(全局设置!$B$5-1)*全局设置!$B$6),0)) -> 0 | E74: =IF(B74="",0,IFERROR(VLOOKUP(B74,敌人目录!$A$6:$M$68,13,FALSE),0)) -> 0 | F74: =D74*E74 -> 0 | G74: =F74*全局设置!$B$7 -> 0 | H74: =G74*全局设置!$B$5 -> 0 | I74: =IF(AND(B74="",C74=""),"",IF(AND(B74<>"",C74>=1,COUNTIF($B$65:$B$82,B74)=1),"可回读","需修正"))
A75: 11 | D75: =IF(B75="",0,ROUNDUP(C75*(1+(全局设置!$B$5-1)*全局设置!$B$6),0)) -> 0 | E75: =IF(B75="",0,IFERROR(VLOOKUP(B75,敌人目录!$A$6:$M$68,13,FALSE),0)) -> 0 | F75: =D75*E75 -> 0 | G75: =F75*全局设置!$B$7 -> 0 | H75: =G75*全局设置!$B$5 -> 0 | I75: =IF(AND(B75="",C75=""),"",IF(AND(B75<>"",C75>=1,COUNTIF($B$65:$B$82,B75)=1),"可回读","需修正"))
A76: 12 | D76: =IF(B76="",0,ROUNDUP(C76*(1+(全局设置!$B$5-1)*全局设置!$B$6),0)) -> 0 | E76: =IF(B76="",0,IFERROR(VLOOKUP(B76,敌人目录!$A$6:$M$68,13,FALSE),0)) -> 0 | F76: =D76*E76 -> 0 | G76: =F76*全局设置!$B$7 -> 0 | H76: =G76*全局设置!$B$5 -> 0 | I76: =IF(AND(B76="",C76=""),"",IF(AND(B76<>"",C76>=1,COUNTIF($B$65:$B$82,B76)=1),"可回读","需修正"))
A77: 13 | D77: =IF(B77="",0,ROUNDUP(C77*(1+(全局设置!$B$5-1)*全局设置!$B$6),0)) -> 0 | E77: =IF(B77="",0,IFERROR(VLOOKUP(B77,敌人目录!$A$6:$M$68,13,FALSE),0)) -> 0 | F77: =D77*E77 -> 0 | G77: =F77*全局设置!$B$7 -> 0 | H77: =G77*全局设置!$B$5 -> 0 | I77: =IF(AND(B77="",C77=""),"",IF(AND(B77<>"",C77>=1,COUNTIF($B$65:$B$82,B77)=1),"可回读","需修正"))
A78: 14 | D78: =IF(B78="",0,ROUNDUP(C78*(1+(全局设置!$B$5-1)*全局设置!$B$6),0)) -> 0 | E78: =IF(B78="",0,IFERROR(VLOOKUP(B78,敌人目录!$A$6:$M$68,13,FALSE),0)) -> 0 | F78: =D78*E78 -> 0 | G78: =F78*全局设置!$B$7 -> 0 | H78: =G78*全局设置!$B$5 -> 0 | I78: =IF(AND(B78="",C78=""),"",IF(AND(B78<>"",C78>=1,COUNTIF($B$65:$B$82,B78)=1),"可回读","需修正"))
A79: 15 | D79: =IF(B79="",0,ROUNDUP(C79*(1+(全局设置!$B$5-1)*全局设置!$B$6),0)) -> 0 | E79: =IF(B79="",0,IFERROR(VLOOKUP(B79,敌人目录!$A$6:$M$68,13,FALSE),0)) -> 0 | F79: =D79*E79 -> 0 | G79: =F79*全局设置!$B$7 -> 0 | H79: =G79*全局设置!$B$5 -> 0 | I79: =IF(AND(B79="",C79=""),"",IF(AND(B79<>"",C79>=1,COUNTIF($B$65:$B$82,B79)=1),"可回读","需修正"))
A80: 16 | D80: =IF(B80="",0,ROUNDUP(C80*(1+(全局设置!$B$5-1)*全局设置!$B$6),0)) -> 0 | E80: =IF(B80="",0,IFERROR(VLOOKUP(B80,敌人目录!$A$6:$M$68,13,FALSE),0)) -> 0 | F80: =D80*E80 -> 0 | G80: =F80*全局设置!$B$7 -> 0 | H80: =G80*全局设置!$B$5 -> 0 | I80: =IF(AND(B80="",C80=""),"",IF(AND(B80<>"",C80>=1,COUNTIF($B$65:$B$82,B80)=1),"可回读","需修正"))
A81: 17 | D81: =IF(B81="",0,ROUNDUP(C81*(1+(全局设置!$B$5-1)*全局设置!$B$6),0)) -> 0 | E81: =IF(B81="",0,IFERROR(VLOOKUP(B81,敌人目录!$A$6:$M$68,13,FALSE),0)) -> 0 | F81: =D81*E81 -> 0 | G81: =F81*全局设置!$B$7 -> 0 | H81: =G81*全局设置!$B$5 -> 0 | I81: =IF(AND(B81="",C81=""),"",IF(AND(B81<>"",C81>=1,COUNTIF($B$65:$B$82,B81)=1),"可回读","需修正"))
A82: 18 | D82: =IF(B82="",0,ROUNDUP(C82*(1+(全局设置!$B$5-1)*全局设置!$B$6),0)) -> 0 | E82: =IF(B82="",0,IFERROR(VLOOKUP(B82,敌人目录!$A$6:$M$68,13,FALSE),0)) -> 0 | F82: =D82*E82 -> 0 | G82: =F82*全局设置!$B$7 -> 0 | H82: =G82*全局设置!$B$5 -> 0 | I82: =IF(AND(B82="",C82=""),"",IF(AND(B82<>"",C82>=1,COUNTIF($B$65:$B$82,B82)=1),"可回读","需修正"))
A84: 基础总数 | B84: =SUM(C65:C82) -> 3470 | C84: 实际总数 | D84: =SUM(D65:D82) -> 3470 | E84: 最大息壤/玩家 | F84: =SUM(F65:F82) -> 4540 | G84: 预计息壤/玩家 | H84: =SUM(G65:G82) -> 4540
A85: 预计息壤/队伍 | B85: =SUM(H65:H82) -> 4540 | C85: 说明 | D85: 预计息壤 = 实际数量 × 固定息壤 × 击杀率；已移除每日命运倍率。
A89: 第 4 波｜第 1 日·4/4｜夜晚｜当前正式配置
A90: 波次名称 | B90: 第4波 | C90: 第4波 林地合围 | D90: 出生间隔(s) | E90: 0.1 | F90: 每Tick | G90: 3 | H90: 存活上限 | I90: 300
A91: 出生点 | B91: 点1·开启 | C91: 点2·开启 | D91: 点3·开启 | E91: 点4·开启 | F91: 点5·开启 | G91: 点6·开启 | H91: 波次校验 | I91: =IF(COUNTA(B94:B111)=0,"待设计",IF(COUNTIF(I94:I111,"需修正")>0,"需修正","可回读")) -> 可回读
A92: 仅编辑蓝色列、敌人数值和出生点；所有公式、稳定 ID 与 schema 字段由机器区自动生成。
A93: 槽位 | B93: 敌人（下拉选择） | C93: 基础数量 | D93: 实际数量 | E93: 息壤/击杀 | F93: 最大息壤/玩家 | G93: 预计息壤/玩家 | H93: 预计息壤/队伍 | I93: 校验
A94: 1 | B94: 普通原石虫 | C94: 500 | D94: =IF(B94="",0,ROUNDUP(C94*(1+(全局设置!$B$5-1)*全局设置!$B$6),0)) -> 500 | E94: =IF(B94="",0,IFERROR(VLOOKUP(B94,敌人目录!$A$6:$M$68,13,FALSE),0)) -> 1 | F94: =D94*E94 -> 500 | G94: =F94*全局设置!$B$7 -> 500 | H94: =G94*全局设置!$B$5 -> 500 | I94: =IF(AND(B94="",C94=""),"",IF(AND(B94<>"",C94>=1,COUNTIF($B$94:$B$111,B94)=1),"可回读","需修正")) -> 可回读
A95: 2 | B95: 翠壳原石虫 | C95: 10 | D95: =IF(B95="",0,ROUNDUP(C95*(1+(全局设置!$B$5-1)*全局设置!$B$6),0)) -> 10 | E95: =IF(B95="",0,IFERROR(VLOOKUP(B95,敌人目录!$A$6:$M$68,13,FALSE),0)) -> 2 | F95: =D95*E95 -> 20 | G95: =F95*全局设置!$B$7 -> 20 | H95: =G95*全局设置!$B$5 -> 20 | I95: =IF(AND(B95="",C95=""),"",IF(AND(B95<>"",C95>=1,COUNTIF($B$94:$B$111,B95)=1),"可回读","需修正")) -> 可回读
A96: 3 | B96: 守护者原石虫 | C96: 10 | D96: =IF(B96="",0,ROUNDUP(C96*(1+(全局设置!$B$5-1)*全局设置!$B$6),0)) -> 10 | E96: =IF(B96="",0,IFERROR(VLOOKUP(B96,敌人目录!$A$6:$M$68,13,FALSE),0)) -> 2 | F96: =D96*E96 -> 20 | G96: =F96*全局设置!$B$7 -> 20 | H96: =G96*全局设置!$B$5 -> 20 | I96: =IF(AND(B96="",C96=""),"",IF(AND(B96<>"",C96>=1,COUNTIF($B$94:$B$111,B96)=1),"可回读","需修正")) -> 可回读
A97: 4 | B97: 自爆原石虫 | C97: 200 | D97: =IF(B97="",0,ROUNDUP(C97*(1+(全局设置!$B$5-1)*全局设置!$B$6),0)) -> 200 | E97: =IF(B97="",0,IFERROR(VLOOKUP(B97,敌人目录!$A$6:$M$68,13,FALSE),0)) -> 1 | F97: =D97*E97 -> 200 | G97: =F97*全局设置!$B$7 -> 200 | H97: =G97*全局设置!$B$5 -> 200 | I97: =IF(AND(B97="",C97=""),"",IF(AND(B97<>"",C97>=1,COUNTIF($B$94:$B$111,B97)=1),"可回读","需修正")) -> 可回读
A98: 5 | B98: 硬壳原石虫 | C98: 800 | D98: =IF(B98="",0,ROUNDUP(C98*(1+(全局设置!$B$5-1)*全局设置!$B$6),0)) -> 800 | E98: =IF(B98="",0,IFERROR(VLOOKUP(B98,敌人目录!$A$6:$M$68,13,FALSE),0)) -> 2 | F98: =D98*E98 -> 1600 | G98: =F98*全局设置!$B$7 -> 1600 | H98: =G98*全局设置!$B$5 -> 1600 | I98: =IF(AND(B98="",C98=""),"",IF(AND(B98<>"",C98>=1,COUNTIF($B$94:$B$111,B98)=1),"可回读","需修正")) -> 可回读
A99: 6 | B99: 黄金史莱姆 | C99: 100 | D99: =IF(B99="",0,ROUNDUP(C99*(1+(全局设置!$B$5-1)*全局设置!$B$6),0)) -> 100 | E99: =IF(B99="",0,IFERROR(VLOOKUP(B99,敌人目录!$A$6:$M$68,13,FALSE),0)) -> 1 | F99: =D99*E99 -> 100 | G99: =F99*全局设置!$B$7 -> 100 | H99: =G99*全局设置!$B$5 -> 100 | I99: =IF(AND(B99="",C99=""),"",IF(AND(B99<>"",C99>=1,COUNTIF($B$94:$B$111,B99)=1),"可回读","需修正")) -> 可回读
A100: 7 | B100: 冲锋枪 Capoo | C100: 10 | D100: =IF(B100="",0,ROUNDUP(C100*(1+(全局设置!$B$5-1)*全局设置!$B$6),0)) -> 10 | E100: =IF(B100="",0,IFERROR(VLOOKUP(B100,敌人目录!$A$6:$M$68,13,FALSE),0)) -> 25 | F100: =D100*E100 -> 250 | G100: =F100*全局设置!$B$7 -> 250 | H100: =G100*全局设置!$B$5 -> 250 | I100: =IF(AND(B100="",C100=""),"",IF(AND(B100<>"",C100>=1,COUNTIF($B$94:$B$111,B100)=1),"可回读","需修正")) -> 可回读
A101: 8 | B101: 寒冰史莱姆 | C101: 200 | D101: =IF(B101="",0,ROUNDUP(C101*(1+(全局设置!$B$5-1)*全局设置!$B$6),0)) -> 200 | E101: =IF(B101="",0,IFERROR(VLOOKUP(B101,敌人目录!$A$6:$M$68,13,FALSE),0)) -> 1 | F101: =D101*E101 -> 200 | G101: =F101*全局设置!$B$7 -> 200 | H101: =G101*全局设置!$B$5 -> 200 | I101: =IF(AND(B101="",C101=""),"",IF(AND(B101<>"",C101>=1,COUNTIF($B$94:$B$111,B101)=1),"可回读","需修正")) -> 可回读
A102: 9 | B102: AK猫猫虫 | C102: 100 | D102: =IF(B102="",0,ROUNDUP(C102*(1+(全局设置!$B$5-1)*全局设置!$B$6),0)) -> 100 | E102: =IF(B102="",0,IFERROR(VLOOKUP(B102,敌人目录!$A$6:$M$68,13,FALSE),0)) -> 20 | F102: =D102*E102 -> 2000 | G102: =F102*全局设置!$B$7 -> 2000 | H102: =G102*全局设置!$B$5 -> 2000 | I102: =IF(AND(B102="",C102=""),"",IF(AND(B102<>"",C102>=1,COUNTIF($B$94:$B$111,B102)=1),"可回读","需修正")) -> 可回读
A103: 10 | B103: 紫晶自爆原石虫 | C103: 100 | D103: =IF(B103="",0,ROUNDUP(C103*(1+(全局设置!$B$5-1)*全局设置!$B$6),0)) -> 100 | E103: =IF(B103="",0,IFERROR(VLOOKUP(B103,敌人目录!$A$6:$M$68,13,FALSE),0)) -> 2 | F103: =D103*E103 -> 200 | G103: =F103*全局设置!$B$7 -> 200 | H103: =G103*全局设置!$B$5 -> 200 | I103: =IF(AND(B103="",C103=""),"",IF(AND(B103<>"",C103>=1,COUNTIF($B$94:$B$111,B103)=1),"可回读","需修正")) -> 可回读
A104: 11 | B104: 绿色史莱姆 | C104: 50 | D104: =IF(B104="",0,ROUNDUP(C104*(1+(全局设置!$B$5-1)*全局设置!$B$6),0)) -> 50 | E104: =IF(B104="",0,IFERROR(VLOOKUP(B104,敌人目录!$A$6:$M$68,13,FALSE),0)) -> 1 | F104: =D104*E104 -> 50 | G104: =F104*全局设置!$B$7 -> 50 | H104: =G104*全局设置!$B$5 -> 50 | I104: =IF(AND(B104="",C104=""),"",IF(AND(B104<>"",C104>=1,COUNTIF($B$94:$B$111,B104)=1),"可回读","需修正")) -> 可回读
A105: 12 | D105: =IF(B105="",0,ROUNDUP(C105*(1+(全局设置!$B$5-1)*全局设置!$B$6),0)) -> 0 | E105: =IF(B105="",0,IFERROR(VLOOKUP(B105,敌人目录!$A$6:$M$68,13,FALSE),0)) -> 0 | F105: =D105*E105 -> 0 | G105: =F105*全局设置!$B$7 -> 0 | H105: =G105*全局设置!$B$5 -> 0 | I105: =IF(AND(B105="",C105=""),"",IF(AND(B105<>"",C105>=1,COUNTIF($B$94:$B$111,B105)=1),"可回读","需修正"))
A106: 13 | D106: =IF(B106="",0,ROUNDUP(C106*(1+(全局设置!$B$5-1)*全局设置!$B$6),0)) -> 0 | E106: =IF(B106="",0,IFERROR(VLOOKUP(B106,敌人目录!$A$6:$M$68,13,FALSE),0)) -> 0 | F106: =D106*E106 -> 0 | G106: =F106*全局设置!$B$7 -> 0 | H106: =G106*全局设置!$B$5 -> 0 | I106: =IF(AND(B106="",C106=""),"",IF(AND(B106<>"",C106>=1,COUNTIF($B$94:$B$111,B106)=1),"可回读","需修正"))
A107: 14 | D107: =IF(B107="",0,ROUNDUP(C107*(1+(全局设置!$B$5-1)*全局设置!$B$6),0)) -> 0 | E107: =IF(B107="",0,IFERROR(VLOOKUP(B107,敌人目录!$A$6:$M$68,13,FALSE),0)) -> 0 | F107: =D107*E107 -> 0 | G107: =F107*全局设置!$B$7 -> 0 | H107: =G107*全局设置!$B$5 -> 0 | I107: =IF(AND(B107="",C107=""),"",IF(AND(B107<>"",C107>=1,COUNTIF($B$94:$B$111,B107)=1),"可回读","需修正"))
A108: 15 | D108: =IF(B108="",0,ROUNDUP(C108*(1+(全局设置!$B$5-1)*全局设置!$B$6),0)) -> 0 | E108: =IF(B108="",0,IFERROR(VLOOKUP(B108,敌人目录!$A$6:$M$68,13,FALSE),0)) -> 0 | F108: =D108*E108 -> 0 | G108: =F108*全局设置!$B$7 -> 0 | H108: =G108*全局设置!$B$5 -> 0 | I108: =IF(AND(B108="",C108=""),"",IF(AND(B108<>"",C108>=1,COUNTIF($B$94:$B$111,B108)=1),"可回读","需修正"))
A109: 16 | D109: =IF(B109="",0,ROUNDUP(C109*(1+(全局设置!$B$5-1)*全局设置!$B$6),0)) -> 0 | E109: =IF(B109="",0,IFERROR(VLOOKUP(B109,敌人目录!$A$6:$M$68,13,FALSE),0)) -> 0 | F109: =D109*E109 -> 0 | G109: =F109*全局设置!$B$7 -> 0 | H109: =G109*全局设置!$B$5 -> 0 | I109: =IF(AND(B109="",C109=""),"",IF(AND(B109<>"",C109>=1,COUNTIF($B$94:$B$111,B109)=1),"可回读","需修正"))
A110: 17 | D110: =IF(B110="",0,ROUNDUP(C110*(1+(全局设置!$B$5-1)*全局设置!$B$6),0)) -> 0 | E110: =IF(B110="",0,IFERROR(VLOOKUP(B110,敌人目录!$A$6:$M$68,13,FALSE),0)) -> 0 | F110: =D110*E110 -> 0 | G110: =F110*全局设置!$B$7 -> 0 | H110: =G110*全局设置!$B$5 -> 0 | I110: =IF(AND(B110="",C110=""),"",IF(AND(B110<>"",C110>=1,COUNTIF($B$94:$B$111,B110)=1),"可回读","需修正"))
A111: 18 | D111: =IF(B111="",0,ROUNDUP(C111*(1+(全局设置!$B$5-1)*全局设置!$B$6),0)) -> 0 | E111: =IF(B111="",0,IFERROR(VLOOKUP(B111,敌人目录!$A$6:$M$68,13,FALSE),0)) -> 0 | F111: =D111*E111 -> 0 | G111: =F111*全局设置!$B$7 -> 0 | H111: =G111*全局设置!$B$5 -> 0 | I111: =IF(AND(B111="",C111=""),"",IF(AND(B111<>"",C111>=1,COUNTIF($B$94:$B$111,B111)=1),"可回读","需修正"))
A113: 基础总数 | B113: =SUM(C94:C111) -> 2080 | C113: 实际总数 | D113: =SUM(D94:D111) -> 2080 | E113: 最大息壤/玩家 | F113: =SUM(F94:F111) -> 5140 | G113: 预计息壤/玩家 | H113: =SUM(G94:G111) -> 5140
...

Sheet 第2日
A1: ="第2日｜4 波配置｜日终地下探索 +"&全局设置!D16&" AP" -> 第2日｜4 波配置｜日终地下探索 +5 AP
A2: 第 5 波｜第 2 日·1/4｜白昼｜当前正式配置
A3: 波次名称 | B3: 第5波 | C3: 第5波 沼泽先遣 | D3: 出生间隔(s) | E3: 0.1 | F3: 每Tick | G3: 4 | H3: 存活上限 | I3: 300
A4: 出生点 | B4: 点1·开启 | C4: 点2·开启 | D4: 点3·开启 | E4: 点4·开启 | F4: 点5·开启 | G4: 点6·开启 | H4: 波次校验 | I4: =IF(COUNTA(B7:B24)=0,"待设计",IF(COUNTIF(I7:I24,"需修正")>0,"需修正","可回读")) -> 可回读
A5: 仅编辑蓝色列、敌人数值和出生点；所有公式、稳定 ID 与 schema 字段由机器区自动生成。
A6: 槽位 | B6: 敌人（下拉选择） | C6: 基础数量 | D6: 实际数量 | E6: 息壤/击杀 | F6: 最大息壤/玩家 | G6: 预计息壤/玩家 | H6: 预计息壤/队伍 | I6: 校验
A7: 1 | B7: 史莱姆 | C7: 350 | D7: =IF(B7="",0,ROUNDUP(C7*(1+(全局设置!$B$5-1)*全局设置!$B$6),0)) -> 350 | E7: =IF(B7="",0,IFERROR(VLOOKUP(B7,敌人目录!$A$6:$M$68,13,FALSE),0)) -> 1 | F7: =D7*E7 -> 350 | G7: =F7*全局设置!$B$7 -> 350 | H7: =G7*全局设置!$B$5 -> 350 | I7: =IF(AND(B7="",C7=""),"",IF(AND(B7<>"",C7>=1,COUNTIF($B$7:$B$24,B7)=1),"可回读","需修正")) -> 可回读
A8: 2 | B8: 普通原石虫 | C8: 300 | D8: =IF(B8="",0,ROUNDUP(C8*(1+(全局设置!$B$5-1)*全局设置!$B$6),0)) -> 300 | E8: =IF(B8="",0,IFERROR(VLOOKUP(B8,敌人目录!$A$6:$M$68,13,FALSE),0)) -> 1 | F8: =D8*E8 -> 300 | G8: =F8*全局设置!$B$7 -> 300 | H8: =G8*全局设置!$B$5 -> 300 | I8: =IF(AND(B8="",C8=""),"",IF(AND(B8<>"",C8>=1,COUNTIF($B$7:$B$24,B8)=1),"可回读","需修正")) -> 可回读
A9: 3 | B9: 迅捷原石虫 | C9: 250 | D9: =IF(B9="",0,ROUNDUP(C9*(1+(全局设置!$B$5-1)*全局设置!$B$6),0)) -> 250 | E9: =IF(B9="",0,IFERROR(VLOOKUP(B9,敌人目录!$A$6:$M$68,13,FALSE),0)) -> 1 | F9: =D9*E9 -> 250 | G9: =F9*全局设置!$B$7 -> 250 | H9: =G9*全局设置!$B$5 -> 250 | I9: =IF(AND(B9="",C9=""),"",IF(AND(B9<>"",C9>=1,COUNTIF($B$7:$B$24,B9)=1),"可回读","需修正")) -> 可回读
A10: 4 | B10: 自爆原石虫 | C10: 200 | D10: =IF(B10="",0,ROUNDUP(C10*(1+(全局设置!$B$5-1)*全局设置!$B$6),0)) -> 200 | E10: =IF(B10="",0,IFERROR(VLOOKUP(B10,敌人目录!$A$6:$M$68,13,FALSE),0)) -> 1 | F10: =D10*E10 -> 200 | G10: =F10*全局设置!$B$7 -> 200 | H10: =G10*全局设置!$B$5 -> 200 | I10: =IF(AND(B10="",C10=""),"",IF(AND(B10<>"",C10>=1,COUNTIF($B$7:$B$24,B10)=1),"可回读","需修正")) -> 可回读
A11: 5 | B11: 火焰弹原石虫 | C11: 200 | D11: =IF(B11="",0,ROUNDUP(C11*(1+(全局设置!$B$5-1)*全局设置!$B$6),0)) -> 200 | E11: =IF(B11="",0,IFERROR(VLOOKUP(B11,敌人目录!$A$6:$M$68,13,FALSE),0)) -> 1 | F11: =D11*E11 -> 200 | G11: =F11*全局设置!$B$7 -> 200 | H11: =G11*全局设置!$B$5 -> 200 | I11: =IF(AND(B11="",C11=""),"",IF(AND(B11<>"",C11>=1,COUNTIF($B$7:$B$24,B11)=1),"可回读","需修正")) -> 可回读
A12: 6 | B12: 硬壳原石虫 | C12: 250 | D12: =IF(B12="",0,ROUNDUP(C12*(1+(全局设置!$B$5-1)*全局设置!$B$6),0)) -> 250 | E12: =IF(B12="",0,IFERROR(VLOOKUP(B12,敌人目录!$A$6:$M$68,13,FALSE),0)) -> 2 | F12: =D12*E12 -> 500 | G12: =F12*全局设置!$B$7 -> 500 | H12: =G12*全局设置!$B$5 -> 500 | I12: =IF(AND(B12="",C12=""),"",IF(AND(B12<>"",C12>=1,COUNTIF($B$7:$B$24,B12)=1),"可回读","需修正")) -> 可回读
A13: 7 | B13: 守护者原石虫 | C13: 150 | D13: =IF(B13="",0,ROUNDUP(C13*(1+(全局设置!$B$5-1)*全局设置!$B$6),0)) -> 150 | E13: =IF(B13="",0,IFERROR(VLOOKUP(B13,敌人目录!$A$6:$M$68,13,FALSE),0)) -> 2 | F13: =D13*E13 -> 300 | G13: =F13*全局设置!$B$7 -> 300 | H13: =G13*全局设置!$B$5 -> 300 | I13: =IF(AND(B13="",C13=""),"",IF(AND(B13<>"",C13>=1,COUNTIF($B$7:$B$24,B13)=1),"可回读","需修正")) -> 可回读
A14: 8 | B14: 翠壳原石虫 | C14: 100 | D14: =IF(B14="",0,ROUNDUP(C14*(1+(全局设置!$B$5-1)*全局设置!$B$6),0)) -> 100 | E14: =IF(B14="",0,IFERROR(VLOOKUP(B14,敌人目录!$A$6:$M$68,13,FALSE),0)) -> 2 | F14: =D14*E14 -> 200 | G14: =F14*全局设置!$B$7 -> 200 | H14: =G14*全局设置!$B$5 -> 200 | I14: =IF(AND(B14="",C14=""),"",IF(AND(B14<>"",C14>=1,COUNTIF($B$7:$B$24,B14)=1),"可回读","需修正")) -> 可回读
A15: 9 | B15: 战斗机器人 | C15: 80 | D15: =IF(B15="",0,ROUNDUP(C15*(1+(全局设置!$B$5-1)*全局设置!$B$6),0)) -> 80 | E15: =IF(B15="",0,IFERROR(VLOOKUP(B15,敌人目录!$A$6:$M$68,13,FALSE),0)) -> 10 | F15: =D15*E15 -> 800 | G15: =F15*全局设置!$B$7 -> 800 | H15: =G15*全局设置!$B$5 -> 800 | I15: =IF(AND(B15="",C15=""),"",IF(AND(B15<>"",C15>=1,COUNTIF($B$7:$B$24,B15)=1),"可回读","需修正")) -> 可回读
A16: 10 | B16: 持枪战斗机器人 | C16: 60 | D16: =IF(B16="",0,ROUNDUP(C16*(1+(全局设置!$B$5-1)*全局设置!$B$6),0)) -> 60 | E16: =IF(B16="",0,IFERROR(VLOOKUP(B16,敌人目录!$A$6:$M$68,13,FALSE),0)) -> 10 | F16: =D16*E16 -> 600 | G16: =F16*全局设置!$B$7 -> 600 | H16: =G16*全局设置!$B$5 -> 600 | I16: =IF(AND(B16="",C16=""),"",IF(AND(B16<>"",C16>=1,COUNTIF($B$7:$B$24,B16)=1),"可回读","需修正")) -> 可回读
A17: 11 | B17: AK猫猫虫 | C17: 60 | D17: =IF(B17="",0,ROUNDUP(C17*(1+(全局设置!$B$5-1)*全局设置!$B$6),0)) -> 60 | E17: =IF(B17="",0,IFERROR(VLOOKUP(B17,敌人目录!$A$6:$M$68,13,FALSE),0)) -> 20 | F17: =D17*E17 -> 1200 | G17: =F17*全局设置!$B$7 -> 1200 | H17: =G17*全局设置!$B$5 -> 1200 | I17: =IF(AND(B17="",C17=""),"",IF(AND(B17<>"",C17>=1,COUNTIF($B$7:$B$24,B17)=1),"可回读","需修正")) -> 可回读
A18: 12 | B18: 冲锋枪 Capoo | C18: 40 | D18: =IF(B18="",0,ROUNDUP(C18*(1+(全局设置!$B$5-1)*全局设置!$B$6),0)) -> 40 | E18: =IF(B18="",0,IFERROR(VLOOKUP(B18,敌人目录!$A$6:$M$68,13,FALSE),0)) -> 25 | F18: =D18*E18 -> 1000 | G18: =F18*全局设置!$B$7 -> 1000 | H18: =G18*全局设置!$B$5 -> 1000 | I18: =IF(AND(B18="",C18=""),"",IF(AND(B18<>"",C18>=1,COUNTIF($B$7:$B$24,B18)=1),"可回读","需修正")) -> 可回读
... A21: 15 | B21: 石头人 | C21: 10 | D21: =IF(B21="",0,ROUNDUP(C21*(1+(全局设置!$B$5-1)*全局设置!$B$6),0)) -> 10 | E21: =IF(B21="",0,IFERROR(VLOOKUP(B21,敌人目录!$A$6:$M$68,13,FALSE),0)) -> 50 | F21: =D21*E21 -> 500 | G21: =F21*全局设置!$B$7 -> 500 | H21: =G21*全局设置!$B$5 -> 500 | I21: =IF(AND(B21="",C21=""),"",IF(AND(B21<>"",C21>=1,COUNTIF($B$7:$B$24,B21)=1),"可回读","需修正")) -> 可回读
A22: 16 | D22: =IF(B22="",0,ROUNDUP(C22*(1+(全局设置!$B$5-1)*全局设置!$B$6),0)) -> 0 | E22: =IF(B22="",0,IFERROR(VLOOKUP(B22,敌人目录!$A$6:$M$68,13,FALSE),0)) -> 0 | F22: =D22*E22 -> 0 | G22: =F22*全局设置!$B$7 -> 0 | H22: =G22*全局设置!$B$5 -> 0 | I22: =IF(AND(B22="",C22=""),"",IF(AND(B22<>"",C22>=1,COUNTIF($B$7:$B$24,B22)=1),"可回读","需修正"))
A23: 17 | D23: =IF(B23="",0,ROUNDUP(C23*(1+(全局设置!$B$5-1)*全局设置!$B$6),0)) -> 0 | E23: =IF(B23="",0,IFERROR(VLOOKUP(B23,敌人目录!$A$6:$M$68,13,FALSE),0)) -> 0 | F23: =D23*E23 -> 0 | G23: =F23*全局设置!$B$7 -> 0 | H23: =G23*全局设置!$B$5 -> 0 | I23: =IF(AND(B23="",C23=""),"",IF(AND(B23<>"",C23>=1,COUNTIF($B$7:$B$24,B23)=1),"可回读","需修正"))
A24: 18 | D24: =IF(B24="",0,ROUNDUP(C24*(1+(全局设置!$B$5-1)*全局设置!$B$6),0)) -> 0 | E24: =IF(B24="",0,IFERROR(VLOOKUP(B24,敌人目录!$A$6:$M$68,13,FALSE),0)) -> 0 | F24: =D24*E24 -> 0 | G24: =F24*全局设置!$B$7 -> 0 | H24: =G24*全局设置!$B$5 -> 0 | I24: =IF(AND(B24="",C24=""),"",IF(AND(B24<>"",C24>=1,COUNTIF($B$7:$B$24,B24)=1),"可回读","需修正"))
A26: 基础总数 | B26: =SUM(C7:C24) -> 2100 | C26: 实际总数 | D26: =SUM(D7:D24) -> 2100 | E26: 最大息壤/玩家 | F26: =SUM(F7:F24) -> 8000 | G26: 预计息壤/玩家 | H26: =SUM(G7:G24) -> 8000
A27: 预计息壤/队伍 | B27: =SUM(H7:H24) -> 8000 | C27: 说明 | D27: 预计息壤 = 实际数量 × 固定息壤 × 击杀率；已移除每日命运倍率。
A31: 第 6 波｜第 2 日·2/4｜白昼｜当前正式配置
A32: 波次名称 | B32: 第6波 | C32: 第6波 守护阵列 | D32: 出生间隔(s) | E32: 0.09 | F32: 每Tick | G32: 1 | H32: 存活上限 | I32: 275
A33: 出生点 | B33: 点1·开启 | C33: 点2·开启 | D33: 点3·开启 | E33: 点4·开启 | F33: 点5·开启 | G33: 点6·开启 | H33: 波次校验 | I33: =IF(COUNTA(B36:B53)=0,"待设计",IF(COUNTIF(I36:I53,"需修正")>0,"需修正","可回读")) -> 可回读
A34: 仅编辑蓝色列、敌人数值和出生点；所有公式、稳定 ID 与 schema 字段由机器区自动生成。
A35: 槽位 | B35: 敌人（下拉选择） | C35: 基础数量 | D35: 实际数量 | E35: 息壤/击杀 | F35: 最大息壤/玩家 | G35: 预计息壤/玩家 | H35: 预计息壤/队伍 | I35: 校验
A36: 1 | B36: 史莱姆 | C36: 300 | D36: =IF(B36="",0,ROUNDUP(C36*(1+(全局设置!$B$5-1)*全局设置!$B$6),0)) -> 300 | E36: =IF(B36="",0,IFERROR(VLOOKUP(B36,敌人目录!$A$6:$M$68,13,FALSE),0)) -> 1 | F36: =D36*E36 -> 300 | G36: =F36*全局设置!$B$7 -> 300 | H36: =G36*全局设置!$B$5 -> 300 | I36: =IF(AND(B36="",C36=""),"",IF(AND(B36<>"",C36>=1,COUNTIF($B$36:$B$53,B36)=1),"可回读","需修正")) -> 可回读
A37: 2 | B37: 火焰史莱姆 | C37: 200 | D37: =IF(B37="",0,ROUNDUP(C37*(1+(全局设置!$B$5-1)*全局设置!$B$6),0)) -> 200 | E37: =IF(B37="",0,IFERROR(VLOOKUP(B37,敌人目录!$A$6:$M$68,13,FALSE),0)) -> 1 | F37: =D37*E37 -> 200 | G37: =F37*全局设置!$B$7 -> 200 | H37: =G37*全局设置!$B$5 -> 200 | I37: =IF(AND(B37="",C37=""),"",IF(AND(B37<>"",C37>=1,COUNTIF($B$36:$B$53,B37)=1),"可回读","需修正")) -> 可回读
A38: 3 | B38: 寒冰史莱姆 | C38: 200 | D38: =IF(B38="",0,ROUNDUP(C38*(1+(全局设置!$B$5-1)*全局设置!$B$6),0)) -> 200 | E38: =IF(B38="",0,IFERROR(VLOOKUP(B38,敌人目录!$A$6:$M$68,13,FALSE),0)) -> 1 | F38: =D38*E38 -> 200 | G38: =F38*全局设置!$B$7 -> 200 | H38: =G38*全局设置!$B$5 -> 200 | I38: =IF(AND(B38="",C38=""),"",IF(AND(B38<>"",C38>=1,COUNTIF($B$36:$B$53,B38)=1),"可回读","需修正")) -> 可回读
A39: 4 | B39: 普通原石虫 | C39: 260 | D39: =IF(B39="",0,ROUNDUP(C39*(1+(全局设置!$B$5-1)*全局设置!$B$6),0)) -> 260 | E39: =IF(B39="",0,IFERROR(VLOOKUP(B39,敌人目录!$A$6:$M$68,13,FALSE),0)) -> 1 | F39: =D39*E39 -> 260 | G39: =F39*全局设置!$B$7 -> 260 | H39: =G39*全局设置!$B$5 -> 260 | I39: =IF(AND(B39="",C39=""),"",IF(AND(B39<>"",C39>=1,COUNTIF($B$36:$B$53,B39)=1),"可回读","需修正")) -> 可回读
A40: 5 | B40: 迅捷原石虫 | C40: 200 | D40: =IF(B40="",0,ROUNDUP(C40*(1+(全局设置!$B$5-1)*全局设置!$B$6),0)) -> 200 | E40: =IF(B40="",0,IFERROR(VLOOKUP(B40,敌人目录!$A$6:$M$68,13,FALSE),0)) -> 1 | F40: =D40*E40 -> 200 | G40: =F40*全局设置!$B$7 -> 200 | H40: =G40*全局设置!$B$5 -> 200 | I40: =IF(AND(B40="",C40=""),"",IF(AND(B40<>"",C40>=1,COUNTIF($B$36:$B$53,B40)=1),"可回读","需修正")) -> 可回读
A41: 6 | B41: 自爆原石虫 | C41: 150 | D41: =IF(B41="",0,ROUNDUP(C41*(1+(全局设置!$B$5-1)*全局设置!$B$6),0)) -> 150 | E41: =IF(B41="",0,IFERROR(VLOOKUP(B41,敌人目录!$A$6:$M$68,13,FALSE),0)) -> 1 | F41: =D41*E41 -> 150 | G41: =F41*全局设置!$B$7 -> 150 | H41: =G41*全局设置!$B$5 -> 150 | I41: =IF(AND(B41="",C41=""),"",IF(AND(B41<>"",C41>=1,COUNTIF($B$36:$B$53,B41)=1),"可回读","需修正")) -> 可回读
A42: 7 | B42: 紫晶自爆原石虫 | C42: 100 | D42: =IF(B42="",0,ROUNDUP(C42*(1+(全局设置!$B$5-1)*全局设置!$B$6),0)) -> 100 | E42: =IF(B42="",0,IFERROR(VLOOKUP(B42,敌人目录!$A$6:$M$68,13,FALSE),0)) -> 2 | F42: =D42*E42 -> 200 | G42: =F42*全局设置!$B$7 -> 200 | H42: =G42*全局设置!$B$5 -> 200 | I42: =IF(AND(B42="",C42=""),"",IF(AND(B42<>"",C42>=1,COUNTIF($B$36:$B$53,B42)=1),"可回读","需修正")) -> 可回读
A43: 8 | B43: 火焰弹原石虫 | C43: 150 | D43: =IF(B43="",0,ROUNDUP(C43*(1+(全局设置!$B$5-1)*全局设置!$B$6),0)) -> 150 | E43: =IF(B43="",0,IFERROR(VLOOKUP(B43,敌人目录!$A$6:$M$68,13,FALSE),0)) -> 1 | F43: =D43*E43 -> 150 | G43: =F43*全局设置!$B$7 -> 150 | H43: =G43*全局设置!$B$5 -> 150 | I43: =IF(AND(B43="",C43=""),"",IF(AND(B43<>"",C43>=1,COUNTIF($B$36:$B$53,B43)=1),"可回读","需修正")) -> 可回读
A44: 9 | B44: 硬壳原石虫 | C44: 300 | D44: =IF(B44="",0,ROUNDUP(C44*(1+(全局设置!$B$5-1)*全局设置!$B$6),0)) -> 300 | E44: =IF(B44="",0,IFERROR(VLOOKUP(B44,敌人目录!$A$6:$M$68,13,FALSE),0)) -> 2 | F44: =D44*E44 -> 600 | G44: =F44*全局设置!$B$7 -> 600 | H44: =G44*全局设置!$B$5 -> 600 | I44: =IF(AND(B44="",C44=""),"",IF(AND(B44<>"",C44>=1,COUNTIF($B$36:$B$53,B44)=1),"可回读","需修正")) -> 可回读
A45: 10 | B45: 翠壳原石虫 | C45: 100 | D45: =IF(B45="",0,ROUNDUP(C45*(1+(全局设置!$B$5-1)*全局设置!$B$6),0)) -> 100 | E45: =IF(B45="",0,IFERROR(VLOOKUP(B45,敌人目录!$A$6:$M$68,13,FALSE),0)) -> 2 | F45: =D45*E45 -> 200 | G45: =F45*全局设置!$B$7 -> 200 | H45: =G45*全局设置!$B$5 -> 200 | I45: =IF(AND(B45="",C45=""),"",IF(AND(B45<>"",C45>=1,COUNTIF($B$36:$B$53,B45)=1),"可回读","需修正")) -> 可回读
A46: 11 | B46: 守护者原石虫 | C46: 50 | D46: =IF(B46="",0,ROUNDUP(C46*(1+(全局设置!$B$5-1)*全局设置!$B$6),0)) -> 50 | E46: =IF(B46="",0,IFERROR(VLOOKUP(B46,敌人目录!$A$6:$M$68,13,FALSE),0)) -> 2 | F46: =D46*E46 -> 100 | G46: =F46*全局设置!$B$7 -> 100 | H46: =G46*全局设置!$B$5 -> 100 | I46: =IF(AND(B46="",C46=""),"",IF(AND(B46<>"",C46>=1,COUNTIF($B$36:$B$53,B46)=1),"可回读","需修正")) -> 可回读
A47: 12 | B47: 持枪战斗机器人 | C47: 25 | D47: =IF(B47="",0,ROUNDUP(C47*(1+(全局设置!$B$5-1)*全局设置!$B$6),0)) -> 25 | E47: =IF(B47="",0,IFERROR(VLOOKUP(B47,敌人目录!$A$6:$M$68,13,FALSE),0)) -> 10 | F47: =D47*E47 -> 250 | G47: =F47*全局设置!$B$7 -> 250 | H47: =G47*全局设置!$B$5 -> 250 | I47: =IF(AND(B47="",C47=""),"",IF(AND(B47<>"",C47>=1,COUNTIF($B$36:$B$53,B47)=1),"可回读","需修正")) -> 可回读
... A53: 18 | B53: 石头人 | C53: 30 | D53: =IF(B53="",0,ROUNDUP(C53*(1+(全局设置!$B$5-1)*全局设置!$B$6),0)) -> 30 | E53: =IF(B53="",0,IFERROR(VLOOKUP(B53,敌人目录!$A$6:$M$68,13,FALSE),0)) -> 50 | F53: =D53*E53 -> 1500 | G53: =F53*全局设置!$B$7 -> 1500 | H53: =G53*全局设置!$B$5 -> 1500 | I53: =IF(AND(B53="",C53=""),"",IF(AND(B53<>"",C53>=1,COUNTIF($B$36:$B$53,B53)=1),"可回读","需修正")) -> 可回读
A55: 基础总数 | B55: =SUM(C36:C53) -> 2240 | C55: 实际总数 | D55: =SUM(D36:D53) -> 2240 | E55: 最大息壤/玩家 | F55: =SUM(F36:F53) -> 9060 | G55: 预计息壤/玩家 | H55: =SUM(G36:G53) -> 9060
A56: 预计息壤/队伍 | B56: =SUM(H36:H53) -> 9060 | C56: 说明 | D56: 预计息壤 = 实际数量 × 固定息壤 × 击杀率；已移除每日命运倍率。
A60: 第 7 波｜第 2 日·3/4｜夜晚｜当前正式配置
A61: 波次名称 | B61: 第7波 | C61: 第7波 紫晶突袭 | D61: 出生间隔(s) | E61: 0.08 | F61: 每Tick | G61: 1 | H61: 存活上限 | I61: 285
A62: 出生点 | B62: 点1·开启 | C62: 点2·开启 | D62: 点3·开启 | E62: 点4·开启 | F62: 点5·开启 | G62: 点6·开启 | H62: 波次校验 | I62: =IF(COUNTA(B65:B82)=0,"待设计",IF(COUNTIF(I65:I82,"需修正")>0,"需修正","可回读")) -> 可回读
A63: 仅编辑蓝色列、敌人数值和出生点；所有公式、稳定 ID 与 schema 字段由机器区自动生成。
A64: 槽位 | B64: 敌人（下拉选择） | C64: 基础数量 | D64: 实际数量 | E64: 息壤/击杀 | F64: 最大息壤/玩家 | G64: 预计息壤/玩家 | H64: 预计息壤/队伍 | I64: 校验
A65: 1 | B65: 史莱姆 | C65: 250 | D65: =IF(B65="",0,ROUNDUP(C65*(1+(全局设置!$B$5-1)*全局设置!$B$6),0)) -> 250 | E65: =IF(B65="",0,IFERROR(VLOOKUP(B65,敌人目录!$A$6:$M$68,13,FALSE),0)) -> 1 | F65: =D65*E65 -> 250 | G65: =F65*全局设置!$B$7 -> 250 | H65: =G65*全局设置!$B$5 -> 250 | I65: =IF(AND(B65="",C65=""),"",IF(AND(B65<>"",C65>=1,COUNTIF($B$65:$B$82,B65)=1),"可回读","需修正")) -> 可回读
A66: 2 | B66: 绿色史莱姆 | C66: 200 | D66: =IF(B66="",0,ROUNDUP(C66*(1+(全局设置!$B$5-1)*全局设置!$B$6),0)) -> 200 | E66: =IF(B66="",0,IFERROR(VLOOKUP(B66,敌人目录!$A$6:$M$68,13,FALSE),0)) -> 1 | F66: =D66*E66 -> 200 | G66: =F66*全局设置!$B$7 -> 200 | H66: =G66*全局设置!$B$5 -> 200 | I66: =IF(AND(B66="",C66=""),"",IF(AND(B66<>"",C66>=1,COUNTIF($B$65:$B$82,B66)=1),"可回读","需修正")) -> 可回读
A67: 3 | B67: 普通原石虫 | C67: 250 | D67: =IF(B67="",0,ROUNDUP(C67*(1+(全局设置!$B$5-1)*全局设置!$B$6),0)) -> 250 | E67: =IF(B67="",0,IFERROR(VLOOKUP(B67,敌人目录!$A$6:$M$68,13,FALSE),0)) -> 1 | F67: =D67*E67 -> 250 | G67: =F67*全局设置!$B$7 -> 250 | H67: =G67*全局设置!$B$5 -> 250 | I67: =IF(AND(B67="",C67=""),"",IF(AND(B67<>"",C67>=1,COUNTIF($B$65:$B$82,B67)=1),"可回读","需修正")) -> 可回读
A68: 4 | B68: 迅捷原石虫 | C68: 200 | D68: =IF(B68="",0,ROUNDUP(C68*(1+(全局设置!$B$5-1)*全局设置!$B$6),0)) -> 200 | E68: =IF(B68="",0,IFERROR(VLOOKUP(B68,敌人目录!$A$6:$M$68,13,FALSE),0)) -> 1 | F68: =D68*E68 -> 200 | G68: =F68*全局设置!$B$7 -> 200 | H68: =G68*全局设置!$B$5 -> 200 | I68: =IF(AND(B68="",C68=""),"",IF(AND(B68<>"",C68>=1,COUNTIF($B$65:$B$82,B68)=1),"可回读","需修正")) -> 可回读
A69: 5 | B69: 自爆原石虫 | C69: 150 | D69: =IF(B69="",0,ROUNDUP(C69*(1+(全局设置!$B$5-1)*全局设置!$B$6),0)) -> 150 | E69: =IF(B69="",0,IFERROR(VLOOKUP(B69,敌人目录!$A$6:$M$68,13,FALSE),0)) -> 1 | F69: =D69*E69 -> 150 | G69: =F69*全局设置!$B$7 -> 150 | H69: =G69*全局设置!$B$5 -> 150 | I69: =IF(AND(B69="",C69=""),"",IF(AND(B69<>"",C69>=1,COUNTIF($B$65:$B$82,B69)=1),"可回读","需修正")) -> 可回读
A70: 6 | B70: 紫晶自爆原石虫 | C70: 100 | D70: =IF(B70="",0,ROUNDUP(C70*(1+(全局设置!$B$5-1)*全局设置!$B$6),0)) -> 100 | E70: =IF(B70="",0,IFERROR(VLOOKUP(B70,敌人目录!$A$6:$M$68,13,FALSE),0)) -> 2 | F70: =D70*E70 -> 200 | G70: =F70*全局设置!$B$7 -> 200 | H70: =G70*全局设置!$B$5 -> 200 | I70: =IF(AND(B70="",C70=""),"",IF(AND(B70<>"",C70>=1,COUNTIF($B$65:$B$82,B70)=1),"可回读","需修正")) -> 可回读
A71: 7 | B71: 火焰弹原石虫 | C71: 200 | D71: =IF(B71="",0,ROUNDUP(C71*(1+(全局设置!$B$5-1)*全局设置!$B$6),0)) -> 200 | E71: =IF(B71="",0,IFERROR(VLOOKUP(B71,敌人目录!$A$6:$M$68,13,FALSE),0)) -> 1 | F71: =D71*E71 -> 200 | G71: =F71*全局设置!$B$7 -> 200 | H71: =G71*全局设置!$B$5 -> 200 | I71: =IF(AND(B71="",C71=""),"",IF(AND(B71<>"",C71>=1,COUNTIF($B$65:$B$82,B71)=1),"可回读","需修正")) -> 可回读
A72: 8 | B72: 硬壳原石虫 | C72: 250 | D72: =IF(B72="",0,ROUNDUP(C72*(1+(全局设置!$B$5-1)*全局设置!$B$6),0)) -> 250 | E72: =IF(B72="",0,IFERROR(VLOOKUP(B72,敌人目录!$A$6:$M$68,13,FALSE),0)) -> 2 | F72: =D72*E72 -> 500 | G72: =F72*全局设置!$B$7 -> 500 | H72: =G72*全局设置!$B$5 -> 500 | I72: =IF(AND(B72="",C72=""),"",IF(AND(B72<>"",C72>=1,COUNTIF($B$65:$B$82,B72)=1),"可回读","需修正")) -> 可回读
A73: 9 | B73: 翠壳原石虫 | C73: 150 | D73: =IF(B73="",0,ROUNDUP(C73*(1+(全局设置!$B$5-1)*全局设置!$B$6),0)) -> 150 | E73: =IF(B73="",0,IFERROR(VLOOKUP(B73,敌人目录!$A$6:$M$68,13,FALSE),0)) -> 2 | F73: =D73*E73 -> 300 | G73: =F73*全局设置!$B$7 -> 300 | H73: =G73*全局设置!$B$5 -> 300 | I73: =IF(AND(B73="",C73=""),"",IF(AND(B73<>"",C73>=1,COUNTIF($B$65:$B$82,B73)=1),"可回读","需修正")) -> 可回读
A74: 10 | B74: 守护者原石虫 | C74: 50 | D74: 50 | E74: =IF(B74="",0,IFERROR(VLOOKUP(B74,敌人目录!$A$6:$M$68,13,FALSE),0)) -> 2 | F74: =D74*E74 -> 100 | G74: =F74*全局设置!$B$7 -> 100 | H74: =G74*全局设置!$B$5 -> 100 | I74: =IF(AND(B74="",C74=""),"",IF(AND(B74<>"",C74>=1,COUNTIF($B$65:$B$82,B74)=1),"可回读","需修正")) -> 可回读
A75: 11 | B75: 精英战斗机器人 | C75: 40 | D75: =IF(B75="",0,ROUNDUP(C75*(1+(全局设置!$B$5-1)*全局设置!$B$6),0)) -> 40 | E75: =IF(B75="",0,IFERROR(VLOOKUP(B75,敌人目录!$A$6:$M$68,13,FALSE),0)) -> 10 | F75: =D75*E75 -> 400 | G75: =F75*全局设置!$B$7 -> 400 | H75: =G75*全局设置!$B$5 -> 400 | I75: =IF(AND(B75="",C75=""),"",IF(AND(B75<>"",C75>=1,COUNTIF($B$65:$B$82,B75)=1),"可回读","需修正")) -> 可回读
A76: 12 | B76: 精英持枪战斗机器人 | C76: 40 | D76: =IF(B76="",0,ROUNDUP(C76*(1+(全局设置!$B$5-1)*全局设置!$B$6),0)) -> 40 | E76: =IF(B76="",0,IFERROR(VLOOKUP(B76,敌人目录!$A$6:$M$68,13,FALSE),0)) -> 10 | F76: =D76*E76 -> 400 | G76: =F76*全局设置!$B$7 -> 400 | H76: =G76*全局设置!$B$5 -> 400 | I76: =IF(AND(B76="",C76=""),"",IF(AND(B76<>"",C76>=1,COUNTIF($B$65:$B$82,B76)=1),"可回读","需修正")) -> 可回读
A77: 13 | B77: 精英爆炸无人机操作员 | C77: 30 | D77: =IF(B77="",0,ROUNDUP(C77*(1+(全局设置!$B$5-1)*全局设置!$B$6),0)) -> 30 | E77: =IF(B77="",0,IFERROR(VLOOKUP(B77,敌人目录!$A$6:$M$68,13,FALSE),0)) -> 10 | F77: =D77*E77 -> 300 | G77: =F77*全局设置!$B$7 -> 300 | H77: =G77*全局设置!$B$5 -> 300 | I77: =IF(AND(B77="",C77=""),"",IF(AND(B77<>"",C77>=1,COUNTIF($B$65:$B$82,B77)=1),"可回读","需修正")) -> 可回读
A78: 14 | B78: 忍者战斗机器人 | C78: 40 | D78: =IF(B78="",0,ROUNDUP(C78*(1+(全局设置!$B$5-1)*全局设置!$B$6),0)) -> 40 | E78: =IF(B78="",0,IFERROR(VLOOKUP(B78,敌人目录!$A$6:$M$68,13,FALSE),0)) -> 10 | F78: =D78*E78 -> 400 | G78: =F78*全局设置!$B$7 -> 400 | H78: =G78*全局设置!$B$5 -> 400 | I78: =IF(AND(B78="",C78=""),"",IF(AND(B78<>"",C78>=1,COUNTIF($B$65:$B$82,B78)=1),"可回读","需修正")) -> 可回读
A79: 15 | B79: RPG猫猫虫 | C79: 40 | D79: =IF(B79="",0,ROUNDUP(C79*(1+(全局设置!$B$5-1)*全局设置!$B$6),0)) -> 40 | E79: =IF(B79="",0,IFERROR(VLOOKUP(B79,敌人目录!$A$6:$M$68,13,FALSE),0)) -> 24 | F79: =D79*E79 -> 960 | G79: =F79*全局设置!$B$7 -> 960 | H79: =G79*全局设置!$B$5 -> 960 | I79: =IF(AND(B79="",C79=""),"",IF(AND(B79<>"",C79>=1,COUNTIF($B$65:$B$82,B79)=1),"可回读","需修正")) -> 可回读
A80: 16 | B80: 精英火焰术士 | C80: 50 | D80: =IF(B80="",0,ROUNDUP(C80*(1+(全局设置!$B$5-1)*全局设置!$B$6),0)) -> 50 | E80: =IF(B80="",0,IFERROR(VLOOKUP(B80,敌人目录!$A$6:$M$68,13,FALSE),0)) -> 35 | F80: =D80*E80 -> 1750 | G80: =F80*全局设置!$B$7 -> 1750 | H80: =G80*全局设置!$B$5 -> 1750 | I80: =IF(AND(B80="",C80=""),"",IF(AND(B80<>"",C80>=1,COUNTIF($B$65:$B$82,B80)=1),"可回读","需修正")) -> 可回读
A81: 17 | B81: 精英冰霜术士 | C81: 50 | D81: =IF(B81="",0,ROUNDUP(C81*(1+(全局设置!$B$5-1)*全局设置!$B$6),0)) -> 50 | E81: =IF(B81="",0,IFERROR(VLOOKUP(B81,敌人目录!$A$6:$M$68,13,FALSE),0)) -> 35 | F81: =D81*E81 -> 1750 | G81: =F81*全局设置!$B$7 -> 1750 | H81: =G81*全局设置!$B$5 -> 1750 | I81: =IF(AND(B81="",C81=""),"",IF(AND(B81<>"",C81>=1,COUNTIF($B$65:$B$82,B81)=1),"可回读","需修正")) -> 可回读
A82: 18 | B82: 雷电术士 | C82: 60 | D82: =IF(B82="",0,ROUNDUP(C82*(1+(全局设置!$B$5-1)*全局设置!$B$6),0)) -> 60 | E82: =IF(B82="",0,IFERROR(VLOOKUP(B82,敌人目录!$A$6:$M$68,13,FALSE),0)) -> 35 | F82: =D82*E82 -> 2100 | G82: =F82*全局设置!$B$7 -> 2100 | H82: =G82*全局设置!$B$5 -> 2100 | I82: =IF(AND(B82="",C82=""),"",IF(AND(B82<>"",C82>=1,COUNTIF($B$65:$B$82,B82)=1),"可回读","需修正")) -> 可回读
A84: 基础总数 | B84: =SUM(C65:C82) -> 2150 | C84: 实际总数 | D84: =SUM(D65:D82) -> 2150 | E84: 最大息壤/玩家 | F84: =SUM(F65:F82) -> 10410 | G84: 预计息壤/玩家 | H84: =SUM(G65:G82) -> 10410
A85: 预计息壤/队伍 | B85: =SUM(H65:H82) -> 10410 | C85: 说明 | D85: 预计息壤 = 实际数量 × 固定息壤 × 击杀率；已移除每日命运倍率。
A89: 第 8 波｜第 2 日·4/4｜夜晚｜当前正式配置
A90: 波次名称 | B90: 第8波 | C90: 第8波 沼泽合围 | D90: 出生间隔(s) | E90: 0.075 | F90: 每Tick | G90: 1 | H90: 存活上限 | I90: 300
A91: 出生点 | B91: 点1·开启 | C91: 点2·开启 | D91: 点3·开启 | E91: 点4·开启 | F91: 点5·开启 | G91: 点6·开启 | H91: 波次校验 | I91: =IF(COUNTA(B94:B111)=0,"待设计",IF(COUNTIF(I94:I111,"需修正")>0,"需修正","可回读")) -> 可回读
A92: 仅编辑蓝色列、敌人数值和出生点；所有公式、稳定 ID 与 schema 字段由机器区自动生成。
A93: 槽位 | B93: 敌人（下拉选择） | C93: 基础数量 | D93: 实际数量 | E93: 息壤/击杀 | F93: 最大息壤/玩家 | G93: 预计息壤/玩家 | H93: 预计息壤/队伍 | I93: 校验
A94: 1 | B94: 火焰史莱姆 | C94: 200 | D94: =IF(B94="",0,ROUNDUP(C94*(1+(全局设置!$B$5-1)*全局设置!$B$6),0)) -> 200 | E94: =IF(B94="",0,IFERROR(VLOOKUP(B94,敌人目录!$A$6:$M$68,13,FALSE),0)) -> 1 | F94: =D94*E94 -> 200 | G94: =F94*全局设置!$B$7 -> 200 | H94: =G94*全局设置!$B$5 -> 200 | I94: =IF(AND(B94="",C94=""),"",IF(AND(B94<>"",C94>=1,COUNTIF($B$94:$B$111,B94)=1),"可回读","需修正")) -> 可回读
A95: 2 | B95: 寒冰史莱姆 | C95: 200 | D95: =IF(B95="",0,ROUNDUP(C95*(1+(全局设置!$B$5-1)*全局设置!$B$6),0)) -> 200 | E95: =IF(B95="",0,IFERROR(VLOOKUP(B95,敌人目录!$A$6:$M$68,13,FALSE),0)) -> 1 | F95: =D95*E95 -> 200 | G95: =F95*全局设置!$B$7 -> 200 | H95: =G95*全局设置!$B$5 -> 200 | I95: =IF(AND(B95="",C95=""),"",IF(AND(B95<>"",C95>=1,COUNTIF($B$94:$B$111,B95)=1),"可回读","需修正")) -> 可回读
A96: 3 | B96: 绿色史莱姆 | C96: 200 | D96: =IF(B96="",0,ROUNDUP(C96*(1+(全局设置!$B$5-1)*全局设置!$B$6),0)) -> 200 | E96: =IF(B96="",0,IFERROR(VLOOKUP(B96,敌人目录!$A$6:$M$68,13,FALSE),0)) -> 1 | F96: =D96*E96 -> 200 | G96: =F96*全局设置!$B$7 -> 200 | H96: =G96*全局设置!$B$5 -> 200 | I96: =IF(AND(B96="",C96=""),"",IF(AND(B96<>"",C96>=1,COUNTIF($B$94:$B$111,B96)=1),"可回读","需修正")) -> 可回读
A97: 4 | B97: 普通原石虫 | C97: 200 | D97: =IF(B97="",0,ROUNDUP(C97*(1+(全局设置!$B$5-1)*全局设置!$B$6),0)) -> 200 | E97: =IF(B97="",0,IFERROR(VLOOKUP(B97,敌人目录!$A$6:$M$68,13,FALSE),0)) -> 1 | F97: =D97*E97 -> 200 | G97: =F97*全局设置!$B$7 -> 200 | H97: =G97*全局设置!$B$5 -> 200 | I97: =IF(AND(B97="",C97=""),"",IF(AND(B97<>"",C97>=1,COUNTIF($B$94:$B$111,B97)=1),"可回读","需修正")) -> 可回读
A98: 5 | B98: 迅捷原石虫 | C98: 200 | D98: =IF(B98="",0,ROUNDUP(C98*(1+(全局设置!$B$5-1)*全局设置!$B$6),0)) -> 200 | E98: =IF(B98="",0,IFERROR(VLOOKUP(B98,敌人目录!$A$6:$M$68,13,FALSE),0)) -> 1 | F98: =D98*E98 -> 200 | G98: =F98*全局设置!$B$7 -> 200 | H98: =G98*全局设置!$B$5 -> 200 | I98: =IF(AND(B98="",C98=""),"",IF(AND(B98<>"",C98>=1,COUNTIF($B$94:$B$111,B98)=1),"可回读","需修正")) -> 可回读
A99: 6 | B99: 自爆原石虫 | C99: 150 | D99: =IF(B99="",0,ROUNDUP(C99*(1+(全局设置!$B$5-1)*全局设置!$B$6),0)) -> 150 | E99: =IF(B99="",0,IFERROR(VLOOKUP(B99,敌人目录!$A$6:$M$68,13,FALSE),0)) -> 1 | F99: =D99*E99 -> 150 | G99: =F99*全局设置!$B$7 -> 150 | H99: =G99*全局设置!$B$5 -> 150 | I99: =IF(AND(B99="",C99=""),"",IF(AND(B99<>"",C99>=1,COUNTIF($B$94:$B$111,B99)=1),"可回读","需修正")) -> 可回读
A100: 7 | B100: 紫晶自爆原石虫 | C100: 150 | D100: =IF(B100="",0,ROUNDUP(C100*(1+(全局设置!$B$5-1)*全局设置!$B$6),0)) -> 150 | E100: =IF(B100="",0,IFERROR(VLOOKUP(B100,敌人目录!$A$6:$M$68,13,FALSE),0)) -> 2 | F100: =D100*E100 -> 300 | G100: =F100*全局设置!$B$7 -> 300 | H100: =G100*全局设置!$B$5 -> 300 | I100: =IF(AND(B100="",C100=""),"",IF(AND(B100<>"",C100>=1,COUNTIF($B$94:$B$111,B100)=1),"可回读","需修正")) -> 可回读
A101: 8 | B101: 火焰弹原石虫 | C101: 200 | D101: =IF(B101="",0,ROUNDUP(C101*(1+(全局设置!$B$5-1)*全局设置!$B$6),0)) -> 200 | E101: =IF(B101="",0,IFERROR(VLOOKUP(B101,敌人目录!$A$6:$M$68,13,FALSE),0)) -> 1 | F101: =D101*E101 -> 200 | G101: =F101*全局设置!$B$7 -> 200 | H101: =G101*全局设置!$B$5 -> 200 | I101: =IF(AND(B101="",C101=""),"",IF(AND(B101<>"",C101>=1,COUNTIF($B$94:$B$111,B101)=1),"可回读","需修正")) -> 可回读
A102: 9 | B102: 硬壳原石虫 | C102: 250 | D102: =IF(B102="",0,ROUNDUP(C102*(1+(全局设置!$B$5-1)*全局设置!$B$6),0)) -> 250 | E102: =IF(B102="",0,IFERROR(VLOOKUP(B102,敌人目录!$A$6:$M$68,13,FALSE),0)) -> 2 | F102: =D102*E102 -> 500 | G102: =F102*全局设置!$B$7 -> 500 | H102: =G102*全局设置!$B$5 -> 500 | I102: =IF(AND(B102="",C102=""),"",IF(AND(B102<>"",C102>=1,COUNTIF($B$94:$B$111,B102)=1),"可回读","需修正")) -> 可回读
A103: 10 | B103: 守护者原石虫 | C103: 150 | D103: =IF(B103="",0,ROUNDUP(C103*(1+(全局设置!$B$5-1)*全局设置!$B$6),0)) -> 150 | E103: =IF(B103="",0,IFERROR(VLOOKUP(B103,敌人目录!$A$6:$M$68,13,FALSE),0)) -> 2 | F103: =D103*E103 -> 300 | G103: =F103*全局设置!$B$7 -> 300 | H103: =G103*全局设置!$B$5 -> 300 | I103: =IF(AND(B103="",C103=""),"",IF(AND(B103<>"",C103>=1,COUNTIF($B$94:$B$111,B103)=1),"可回读","需修正")) -> 可回读
A104: 11 | B104: 精英举盾战斗机器人 | C104: 50 | D104: =IF(B104="",0,ROUNDUP(C104*(1+(全局设置!$B$5-1)*全局设置!$B$6),0)) -> 50 | E104: =IF(B104="",0,IFERROR(VLOOKUP(B104,敌人目录!$A$6:$M$68,13,FALSE),0)) -> 10 | F104: =D104*E104 -> 500 | G104: =F104*全局设置!$B$7 -> 500 | H104: =G104*全局设置!$B$5 -> 500 | I104: =IF(AND(B104="",C104=""),"",IF(AND(B104<>"",C104>=1,COUNTIF($B$94:$B$111,B104)=1),"可回读","需修正")) -> 可回读
A105: 12 | B105: 精英忍者战斗机器人 | C105: 50 | D105: =IF(B105="",0,ROUNDUP(C105*(1+(全局设置!$B$5-1)*全局设置!$B$6),0)) -> 50 | E105: =IF(B105="",0,IFERROR(VLOOKUP(B105,敌人目录!$A$6:$M$68,13,FALSE),0)) -> 10 | F105: =D105*E105 -> 500 | G105: =F105*全局设置!$B$7 -> 500 | H105: =G105*全局设置!$B$5 -> 500 | I105: =IF(AND(B105="",C105=""),"",IF(AND(B105<>"",C105>=1,COUNTIF($B$94:$B$111,B105)=1),"可回读","需修正")) -> 可回读
... A111: 18 | B111: 精英石头人 | C111: 10 | D111: =IF(B111="",0,ROUNDUP(C111*(1+(全局设置!$B$5-1)*全局设置!$B$6),0)) -> 10 | E111: =IF(B111="",0,IFERROR(VLOOKUP(B111,敌人目录!$A$6:$M$68,13,FALSE),0)) -> 50 | F111: =D111*E111 -> 500 | G111: =F111*全局设置!$B$7 -> 500 | H111: =G111*全局设置!$B$5 -> 500 | I111: =IF(AND(B111="",C111=""),"",IF(AND(B111<>"",C111>=1,COUNTIF($B$94:$B$111,B111)=1),"可回读","需修正")) -> 可回读
A113: 基础总数 | B113: =SUM(C94:C111) -> 2240 | C113: 实际总数 | D113: =SUM(D94:D111) -> 2240 | E113: 最大息壤/玩家 | F113: =SUM(F94:F111) -> 11750 | G113: 预计息壤/玩家 | H113: =SUM(G94:G111) -> 11750
A114: 预计息壤/队伍 | B114: =SUM(H94:H111) -> 11750 | C114: 说明 | D114: 预计息壤 = 实际数量 × 固定息壤 × 击杀率；已移除每日命运倍率。

Sheet 第3日
A1: ="第3日｜4 波配置｜日终地下探索 +"&全局设置!F16&" AP" -> 第3日｜4 波配置｜日终地下探索 +5 AP
A2: 第 9 波｜第 3 日·1/4｜白昼｜当前正式配置
A3: 波次名称 | B3: 第9波 | C3: 第9波 城镇前锋 | D3: 出生间隔(s) | E3: 0.28 | F3: 每Tick | G3: 1 | H3: 存活上限 | I3: 300
A4: 出生点 | B4: 点1·开启 | C4: 点2·开启 | D4: 点3·开启 | E4: 点4·开启 | F4: 点5·开启 | G4: 点6·开启 | H4: 波次校验 | I4: =IF(COUNTA(B7:B24)=0,"待设计",IF(COUNTIF(I7:I24,"需修正")>0,"需修正","可回读")) -> 可回读
A5: 仅编辑蓝色列、敌人数值和出生点；所有公式、稳定 ID 与 schema 字段由机器区自动生成。
A6: 槽位 | B6: 敌人（下拉选择） | C6: 基础数量 | D6: 实际数量 | E6: 息壤/击杀 | F6: 最大息壤/玩家 | G6: 预计息壤/玩家 | H6: 预计息壤/队伍 | I6: 校验
A7: 1 | B7: 普通原石虫 | C7: 26 | D7: =IF(B7="",0,ROUNDUP(C7*(1+(全局设置!$B$5-1)*全局设置!$B$6),0)) -> 26 | E7: =IF(B7="",0,IFERROR(VLOOKUP(B7,敌人目录!$A$6:$M$68,13,FALSE),0)) -> 1 | F7: =D7*E7 -> 26 | G7: =F7*全局设置!$B$7 -> 26 | H7: =G7*全局设置!$B$5 -> 26 | I7: =IF(AND(B7="",C7=""),"",IF(AND(B7<>"",C7>=1,COUNTIF($B$7:$B$24,B7)=1),"可回读","需修正")) -> 可回读
A8: 2 | B8: 迅捷原石虫 | C8: 20 | D8: =IF(B8="",0,ROUNDUP(C8*(1+(全局设置!$B$5-1)*全局设置!$B$6),0)) -> 20 | E8: =IF(B8="",0,IFERROR(VLOOKUP(B8,敌人目录!$A$6:$M$68,13,FALSE),0)) -> 1 | F8: =D8*E8 -> 20 | G8: =F8*全局设置!$B$7 -> 20 | H8: =G8*全局设置!$B$5 -> 20 | I8: =IF(AND(B8="",C8=""),"",IF(AND(B8<>"",C8>=1,COUNTIF($B$7:$B$24,B8)=1),"可回读","需修正")) -> 可回读
A9: 3 | B9: 硬壳原石虫 | C9: 20 | D9: =IF(B9="",0,ROUNDUP(C9*(1+(全局设置!$B$5-1)*全局设置!$B$6),0)) -> 20 | E9: =IF(B9="",0,IFERROR(VLOOKUP(B9,敌人目录!$A$6:$M$68,13,FALSE),0)) -> 2 | F9: =D9*E9 -> 40 | G9: =F9*全局设置!$B$7 -> 40 | H9: =G9*全局设置!$B$5 -> 40 | I9: =IF(AND(B9="",C9=""),"",IF(AND(B9<>"",C9>=1,COUNTIF($B$7:$B$24,B9)=1),"可回读","需修正")) -> 可回读
A10: 4 | B10: 自爆原石虫 | C10: 16 | D10: =IF(B10="",0,ROUNDUP(C10*(1+(全局设置!$B$5-1)*全局设置!$B$6),0)) -> 16 | E10: =IF(B10="",0,IFERROR(VLOOKUP(B10,敌人目录!$A$6:$M$68,13,FALSE),0)) -> 1 | F10: =D10*E10 -> 16 | G10: =F10*全局设置!$B$7 -> 16 | H10: =G10*全局设置!$B$5 -> 16 | I10: =IF(AND(B10="",C10=""),"",IF(AND(B10<>"",C10>=1,COUNTIF($B$7:$B$24,B10)=1),"可回读","需修正")) -> 可回读
A11: 5 | B11: 紫晶自爆原石虫 | C11: 12 | D11: =IF(B11="",0,ROUNDUP(C11*(1+(全局设置!$B$5-1)*全局设置!$B$6),0)) -> 12 | E11: =IF(B11="",0,IFERROR(VLOOKUP(B11,敌人目录!$A$6:$M$68,13,FALSE),0)) -> 2 | F11: =D11*E11 -> 24 | G11: =F11*全局设置!$B$7 -> 24 | H11: =G11*全局设置!$B$5 -> 24 | I11: =IF(AND(B11="",C11=""),"",IF(AND(B11<>"",C11>=1,COUNTIF($B$7:$B$24,B11)=1),"可回读","需修正")) -> 可回读
A12: 6 | B12: 火焰弹原石虫 | C12: 20 | D12: =IF(B12="",0,ROUNDUP(C12*(1+(全局设置!$B$5-1)*全局设置!$B$6),0)) -> 20 | E12: =IF(B12="",0,IFERROR(VLOOKUP(B12,敌人目录!$A$6:$M$68,13,FALSE),0)) -> 1 | F12: =D12*E12 -> 20 | G12: =F12*全局设置!$B$7 -> 20 | H12: =G12*全局设置!$B$5 -> 20 | I12: =IF(AND(B12="",C12=""),"",IF(AND(B12<>"",C12>=1,COUNTIF($B$7:$B$24,B12)=1),"可回读","需修正")) -> 可回读
A13: 7 | B13: 翠壳原石虫 | C13: 16 | D13: =IF(B13="",0,ROUNDUP(C13*(1+(全局设置!$B$5-1)*全局设置!$B$6),0)) -> 16 | E13: =IF(B13="",0,IFERROR(VLOOKUP(B13,敌人目录!$A$6:$M$68,13,FALSE),0)) -> 2 | F13: =D13*E13 -> 32 | G13: =F13*全局设置!$B$7 -> 32 | H13: =G13*全局设置!$B$5 -> 32 | I13: =IF(AND(B13="",C13=""),"",IF(AND(B13<>"",C13>=1,COUNTIF($B$7:$B$24,B13)=1),"可回读","需修正")) -> 可回读
A14: 8 | B14: 守护者原石虫 | C14: 12 | D14: =IF(B14="",0,ROUNDUP(C14*(1+(全局设置!$B$5-1)*全局设置!$B$6),0)) -> 12 | E14: =IF(B14="",0,IFERROR(VLOOKUP(B14,敌人目录!$A$6:$M$68,13,FALSE),0)) -> 2 | F14: =D14*E14 -> 24 | G14: =F14*全局设置!$B$7 -> 24 | H14: =G14*全局设置!$B$5 -> 24 | I14: =IF(AND(B14="",C14=""),"",IF(AND(B14<>"",C14>=1,COUNTIF($B$7:$B$24,B14)=1),"可回读","需修正")) -> 可回读
A15: 9 | B15: 骑士猫猫虫 | C15: 2 | D15: =IF(B15="",0,ROUNDUP(C15*(1+(全局设置!$B$5-1)*全局设置!$B$6),0)) -> 2 | E15: =IF(B15="",0,IFERROR(VLOOKUP(B15,敌人目录!$A$6:$M$68,13,FALSE),0)) -> 20 | F15: =D15*E15 -> 40 | G15: =F15*全局设置!$B$7 -> 40 | H15: =G15*全局设置!$B$5 -> 40 | I15: =IF(AND(B15="",C15=""),"",IF(AND(B15<>"",C15>=1,COUNTIF($B$7:$B$24,B15)=1),"可回读","需修正")) -> 可回读
A16: 10 | D16: =IF(B16="",0,ROUNDUP(C16*(1+(全局设置!$B$5-1)*全局设置!$B$6),0)) -> 0 | E16: =IF(B16="",0,IFERROR(VLOOKUP(B16,敌人目录!$A$6:$M$68,13,FALSE),0)) -> 0 | F16: =D16*E16 -> 0 | G16: =F16*全局设置!$B$7 -> 0 | H16: =G16*全局设置!$B$5 -> 0 | I16: =IF(AND(B16="",C16=""),"",IF(AND(B16<>"",C16>=1,COUNTIF($B$7:$B$24,B16)=1),"可回读","需修正"))
A17: 11 | D17: =IF(B17="",0,ROUNDUP(C17*(1+(全局设置!$B$5-1)*全局设置!$B$6),0)) -> 0 | E17: =IF(B17="",0,IFERROR(VLOOKUP(B17,敌人目录!$A$6:$M$68,13,FALSE),0)) -> 0 | F17: =D17*E17 -> 0 | G17: =F17*全局设置!$B$7 -> 0 | H17: =G17*全局设置!$B$5 -> 0 | I17: =IF(AND(B17="",C17=""),"",IF(AND(B17<>"",C17>=1,COUNTIF($B$7:$B$24,B17)=1),"可回读","需修正"))
A18: 12 | D18: =IF(B18="",0,ROUNDUP(C18*(1+(全局设置!$B$5-1)*全局设置!$B$6),0)) -> 0 | E18: =IF(B18="",0,IFERROR(VLOOKUP(B18,敌人目录!$A$6:$M$68,13,FALSE),0)) -> 0 | F18: =D18*E18 -> 0 | G18: =F18*全局设置!$B$7 -> 0 | H18: =G18*全局设置!$B$5 -> 0 | I18: =IF(AND(B18="",C18=""),"",IF(AND(B18<>"",C18>=1,COUNTIF($B$7:$B$24,B18)=1),"可回读","需修正"))
A19: 13 | D19: =IF(B19="",0,ROUNDUP(C19*(1+(全局设置!$B$5-1)*全局设置!$B$6),0)) -> 0 | E19: =IF(B19="",0,IFERROR(VLOOKUP(B19,敌人目录!$A$6:$M$68,13,FALSE),0)) -> 0 | F19: =D19*E19 -> 0 | G19: =F19*全局设置!$B$7 -> 0 | H19: =G19*全局设置!$B$5 -> 0 | I19: =IF(AND(B19="",C19=""),"",IF(AND(B19<>"",C19>=1,COUNTIF($B$7:$B$24,B19)=1),"可回读","需修正"))
A20: 14 | D20: =IF(B20="",0,ROUNDUP(C20*(1+(全局设置!$B$5-1)*全局设置!$B$6),0)) -> 0 | E20: =IF(B20="",0,IFERROR(VLOOKUP(B20,敌人目录!$A$6:$M$68,13,FALSE),0)) -> 0 | F20: =D20*E20 -> 0 | G20: =F20*全局设置!$B$7 -> 0 | H20: =G20*全局设置!$B$5 -> 0 | I20: =IF(AND(B20="",C20=""),"",IF(AND(B20<>"",C20>=1,COUNTIF($B$7:$B$24,B20)=1),"可回读","需修正"))
A21: 15 | D21: =IF(B21="",0,ROUNDUP(C21*(1+(全局设置!$B$5-1)*全局设置!$B$6),0)) -> 0 | E21: =IF(B21="",0,IFERROR(VLOOKUP(B21,敌人目录!$A$6:$M$68,13,FALSE),0)) -> 0 | F21: =D21*E21 -> 0 | G21: =F21*全局设置!$B$7 -> 0 | H21: =G21*全局设置!$B$5 -> 0 | I21: =IF(AND(B21="",C21=""),"",IF(AND(B21<>"",C21>=1,COUNTIF($B$7:$B$24,B21)=1),"可回读","需修正"))
A22: 16 | D22: =IF(B22="",0,ROUNDUP(C22*(1+(全局设置!$B$5-1)*全局设置!$B$6),0)) -> 0 | E22: =IF(B22="",0,IFERROR(VLOOKUP(B22,敌人目录!$A$6:$M$68,13,FALSE),0)) -> 0 | F22: =D22*E22 -> 0 | G22: =F22*全局设置!$B$7 -> 0 | H22: =G22*全局设置!$B$5 -> 0 | I22: =IF(AND(B22="",C22=""),"",IF(AND(B22<>"",C22>=1,COUNTIF($B$7:$B$24,B22)=1),"可回读","需修正"))
A23: 17 | D23: =IF(B23="",0,ROUNDUP(C23*(1+(全局设置!$B$5-1)*全局设置!$B$6),0)) -> 0 | E23: =IF(B23="",0,IFERROR(VLOOKUP(B23,敌人目录!$A$6:$M$68,13,FALSE),0)) -> 0 | F23: =D23*E23 -> 0 | G23: =F23*全局设置!$B$7 -> 0 | H23: =G23*全局设置!$B$5 -> 0 | I23: =IF(AND(B23="",C23=""),"",IF(AND(B23<>"",C23>=1,COUNTIF($B$7:$B$24,B23)=1),"可回读","需修正"))
A24: 18 | D24: =IF(B24="",0,ROUNDUP(C24*(1+(全局设置!$B$5-1)*全局设置!$B$6),0)) -> 0 | E24: =IF(B24="",0,IFERROR(VLOOKUP(B24,敌人目录!$A$6:$M$68,13,FALSE),0)) -> 0 | F24: =D24*E24 -> 0 | G24: =F24*全局设置!$B$7 -> 0 | H24: =G24*全局设置!$B$5 -> 0 | I24: =IF(AND(B24="",C24=""),"",IF(AND(B24<>"",C24>=1,COUNTIF($B$7:$B$24,B24)=1),"可回读","需修正"))
A26: 基础总数 | B26: =SUM(C7:C24) -> 144 | C26: 实际总数 | D26: =SUM(D7:D24) -> 144 | E26: 最大息壤/玩家 | F26: =SUM(F7:F24) -> 242 | G26: 预计息壤/玩家 | H26: =SUM(G7:G24) -> 242
A27: 预计息壤/队伍 | B27: =SUM(H7:H24) -> 242 | C27: 说明 | D27: 预计息壤 = 实际数量 × 固定息壤 × 击杀率；已移除每日命运倍率。
A31: 第 10 波｜第 3 日·2/4｜白昼｜当前正式配置
A32: 波次名称 | B32: 第10波 | C32: 第10波 火力交叉 | D32: 出生间隔(s) | E32: 0.26 | F32: 每Tick | G32: 1 | H32: 存活上限 | I32: 300
A33: 出生点 | B33: 点1·开启 | C33: 点2·开启 | D33: 点3·开启 | E33: 点4·开启 | F33: 点5·开启 | G33: 点6·开启 | H33: 波次校验 | I33: =IF(COUNTA(B36:B53)=0,"待设计",IF(COUNTIF(I36:I53,"需修正")>0,"需修正","可回读")) -> 可回读
A34: 仅编辑蓝色列、敌人数值和出生点；所有公式、稳定 ID 与 schema 字段由机器区自动生成。
A35: 槽位 | B35: 敌人（下拉选择） | C35: 基础数量 | D35: 实际数量 | E35: 息壤/击杀 | F35: 最大息壤/玩家 | G35: 预计息壤/玩家 | H35: 预计息壤/队伍 | I35: 校验
A36: 1 | B36: 普通原石虫 | C36: 20 | D36: =IF(B36="",0,ROUNDUP(C36*(1+(全局设置!$B$5-1)*全局设置!$B$6),0)) -> 20 | E36: =IF(B36="",0,IFERROR(VLOOKUP(B36,敌人目录!$A$6:$M$68,13,FALSE),0)) -> 1 | F36: =D36*E36 -> 20 | G36: =F36*全局设置!$B$7 -> 20 | H36: =G36*全局设置!$B$5 -> 20 | I36: =IF(AND(B36="",C36=""),"",IF(AND(B36<>"",C36>=1,COUNTIF($B$36:$B$53,B36)=1),"可回读","需修正")) -> 可回读
A37: 2 | B37: 迅捷原石虫 | C37: 24 | D37: =IF(B37="",0,ROUNDUP(C37*(1+(全局设置!$B$5-1)*全局设置!$B$6),0)) -> 24 | E37: =IF(B37="",0,IFERROR(VLOOKUP(B37,敌人目录!$A$6:$M$68,13,FALSE),0)) -> 1 | F37: =D37*E37 -> 24 | G37: =F37*全局设置!$B$7 -> 24 | H37: =G37*全局设置!$B$5 -> 24 | I37: =IF(AND(B37="",C37=""),"",IF(AND(B37<>"",C37>=1,COUNTIF($B$36:$B$53,B37)=1),"可回读","需修正")) -> 可回读
A38: 3 | B38: 硬壳原石虫 | C38: 24 | D38: =IF(B38="",0,ROUNDUP(C38*(1+(全局设置!$B$5-1)*全局设置!$B$6),0)) -> 24 | E38: =IF(B38="",0,IFERROR(VLOOKUP(B38,敌人目录!$A$6:$M$68,13,FALSE),0)) -> 2 | F38: =D38*E38 -> 48 | G38: =F38*全局设置!$B$7 -> 48 | H38: =G38*全局设置!$B$5 -> 48 | I38: =IF(AND(B38="",C38=""),"",IF(AND(B38<>"",C38>=1,COUNTIF($B$36:$B$53,B38)=1),"可回读","需修正")) -> 可回读
A39: 4 | B39: 自爆原石虫 | C39: 20 | D39: =IF(B39="",0,ROUNDUP(C39*(1+(全局设置!$B$5-1)*全局设置!$B$6),0)) -> 20 | E39: =IF(B39="",0,IFERROR(VLOOKUP(B39,敌人目录!$A$6:$M$68,13,FALSE),0)) -> 1 | F39: =D39*E39 -> 20 | G39: =F39*全局设置!$B$7 -> 20 | H39: =G39*全局设置!$B$5 -> 20 | I39: =IF(AND(B39="",C39=""),"",IF(AND(B39<>"",C39>=1,COUNTIF($B$36:$B$53,B39)=1),"可回读","需修正")) -> 可回读
A40: 5 | B40: 紫晶自爆原石虫 | C40: 16 | D40: =IF(B40="",0,ROUNDUP(C40*(1+(全局设置!$B$5-1)*全局设置!$B$6),0)) -> 16 | E40: =IF(B40="",0,IFERROR(VLOOKUP(B40,敌人目录!$A$6:$M$68,13,FALSE),0)) -> 2 | F40: =D40*E40 -> 32 | G40: =F40*全局设置!$B$7 -> 32 | H40: =G40*全局设置!$B$5 -> 32 | I40: =IF(AND(B40="",C40=""),"",IF(AND(B40<>"",C40>=1,COUNTIF($B$36:$B$53,B40)=1),"可回读","需修正")) -> 可回读
A41: 6 | B41: 火焰弹原石虫 | C41: 20 | D41: =IF(B41="",0,ROUNDUP(C41*(1+(全局设置!$B$5-1)*全局设置!$B$6),0)) -> 20 | E41: =IF(B41="",0,IFERROR(VLOOKUP(B41,敌人目录!$A$6:$M$68,13,FALSE),0)) -> 1 | F41: =D41*E41 -> 20 | G41: =F41*全局设置!$B$7 -> 20 | H41: =G41*全局设置!$B$5 -> 20 | I41: =IF(AND(B41="",C41=""),"",IF(AND(B41<>"",C41>=1,COUNTIF($B$36:$B$53,B41)=1),"可回读","需修正")) -> 可回读
A42: 7 | B42: 翠壳原石虫 | C42: 16 | D42: =IF(B42="",0,ROUNDUP(C42*(1+(全局设置!$B$5-1)*全局设置!$B$6),0)) -> 16 | E42: =IF(B42="",0,IFERROR(VLOOKUP(B42,敌人目录!$A$6:$M$68,13,FALSE),0)) -> 2 | F42: =D42*E42 -> 32 | G42: =F42*全局设置!$B$7 -> 32 | H42: =G42*全局设置!$B$5 -> 32 | I42: =IF(AND(B42="",C42=""),"",IF(AND(B42<>"",C42>=1,COUNTIF($B$36:$B$53,B42)=1),"可回读","需修正")) -> 可回读
A43: 8 | B43: 守护者原石虫 | C43: 16 | D43: =IF(B43="",0,ROUNDUP(C43*(1+(全局设置!$B$5-1)*全局设置!$B$6),0)) -> 16 | E43: =IF(B43="",0,IFERROR(VLOOKUP(B43,敌人目录!$A$6:$M$68,13,FALSE),0)) -> 2 | F43: =D43*E43 -> 32 | G43: =F43*全局设置!$B$7 -> 32 | H43: =G43*全局设置!$B$5 -> 32 | I43: =IF(AND(B43="",C43=""),"",IF(AND(B43<>"",C43>=1,COUNTIF($B$36:$B$53,B43)=1),"可回读","需修正")) -> 可回读
A44: 9 | B44: AK猫猫虫 | C44: 2 | D44: =IF(B44="",0,ROUNDUP(C44*(1+(全局设置!$B$5-1)*全局设置!$B$6),0)) -> 2 | E44: =IF(B44="",0,IFERROR(VLOOKUP(B44,敌人目录!$A$6:$M$68,13,FALSE),0)) -> 20 | F44: =D44*E44 -> 40 | G44: =F44*全局设置!$B$7 -> 40 | H44: =G44*全局设置!$B$5 -> 40 | I44: =IF(AND(B44="",C44=""),"",IF(AND(B44<>"",C44>=1,COUNTIF($B$36:$B$53,B44)=1),"可回读","需修正")) -> 可回读
A45: 10 | B45: 骑士猫猫虫 | C45: 2 | D45: =IF(B45="",0,ROUNDUP(C45*(1+(全局设置!$B$5-1)*全局设置!$B$6),0)) -> 2 | E45: =IF(B45="",0,IFERROR(VLOOKUP(B45,敌人目录!$A$6:$M$68,13,FALSE),0)) -> 20 | F45: =D45*E45 -> 40 | G45: =F45*全局设置!$B$7 -> 40 | H45: =G45*全局设置!$B$5 -> 40 | I45: =IF(AND(B45="",C45=""),"",IF(AND(B45<>"",C45>=1,COUNTIF($B$36:$B$53,B45)=1),"可回读","需修正")) -> 可回读
A46: 11 | D46: =IF(B46="",0,ROUNDUP(C46*(1+(全局设置!$B$5-1)*全局设置!$B$6),0)) -> 0 | E46: =IF(B46="",0,IFERROR(VLOOKUP(B46,敌人目录!$A$6:$M$68,13,FALSE),0)) -> 0 | F46: =D46*E46 -> 0 | G46: =F46*全局设置!$B$7 -> 0 | H46: =G46*全局设置!$B$5 -> 0 | I46: =IF(AND(B46="",C46=""),"",IF(AND(B46<>"",C46>=1,COUNTIF($B$36:$B$53,B46)=1),"可回读","需修正"))
A47: 12 | D47: =IF(B47="",0,ROUNDUP(C47*(1+(全局设置!$B$5-1)*全局设置!$B$6),0)) -> 0 | E47: =IF(B47="",0,IFERROR(VLOOKUP(B47,敌人目录!$A$6:$M$68,13,FALSE),0)) -> 0 | F47: =D47*E47 -> 0 | G47: =F47*全局设置!$B$7 -> 0 | H47: =G47*全局设置!$B$5 -> 0 | I47: =IF(AND(B47="",C47=""),"",IF(AND(B47<>"",C47>=1,COUNTIF($B$36:$B$53,B47)=1),"可回读","需修正"))
A48: 13 | D48: =IF(B48="",0,ROUNDUP(C48*(1+(全局设置!$B$5-1)*全局设置!$B$6),0)) -> 0 | E48: =IF(B48="",0,IFERROR(VLOOKUP(B48,敌人目录!$A$6:$M$68,13,FALSE),0)) -> 0 | F48: =D48*E48 -> 0 | G48: =F48*全局设置!$B$7 -> 0 | H48: =G48*全局设置!$B$5 -> 0 | I48: =IF(AND(B48="",C48=""),"",IF(AND(B48<>"",C48>=1,COUNTIF($B$36:$B$53,B48)=1),"可回读","需修正"))
A49: 14 | D49: =IF(B49="",0,ROUNDUP(C49*(1+(全局设置!$B$5-1)*全局设置!$B$6),0)) -> 0 | E49: =IF(B49="",0,IFERROR(VLOOKUP(B49,敌人目录!$A$6:$M$68,13,FALSE),0)) -> 0 | F49: =D49*E49 -> 0 | G49: =F49*全局设置!$B$7 -> 0 | H49: =G49*全局设置!$B$5 -> 0 | I49: =IF(AND(B49="",C49=""),"",IF(AND(B49<>"",C49>=1,COUNTIF($B$36:$B$53,B49)=1),"可回读","需修正"))
A50: 15 | D50: =IF(B50="",0,ROUNDUP(C50*(1+(全局设置!$B$5-1)*全局设置!$B$6),0)) -> 0 | E50: =IF(B50="",0,IFERROR(VLOOKUP(B50,敌人目录!$A$6:$M$68,13,FALSE),0)) -> 0 | F50: =D50*E50 -> 0 | G50: =F50*全局设置!$B$7 -> 0 | H50: =G50*全局设置!$B$5 -> 0 | I50: =IF(AND(B50="",C50=""),"",IF(AND(B50<>"",C50>=1,COUNTIF($B$36:$B$53,B50)=1),"可回读","需修正"))
A51: 16 | D51: =IF(B51="",0,ROUNDUP(C51*(1+(全局设置!$B$5-1)*全局设置!$B$6),0)) -> 0 | E51: =IF(B51="",0,IFERROR(VLOOKUP(B51,敌人目录!$A$6:$M$68,13,FALSE),0)) -> 0 | F51: =D51*E51 -> 0 | G51: =F51*全局设置!$B$7 -> 0 | H51: =G51*全局设置!$B$5 -> 0 | I51: =IF(AND(B51="",C51=""),"",IF(AND(B51<>"",C51>=1,COUNTIF($B$36:$B$53,B51)=1),"可回读","需修正"))
A52: 17 | D52: =IF(B52="",0,ROUNDUP(C52*(1+(全局设置!$B$5-1)*全局设置!$B$6),0)) -> 0 | E52: =IF(B52="",0,IFERROR(VLOOKUP(B52,敌人目录!$A$6:$M$68,13,FALSE),0)) -> 0 | F52: =D52*E52 -> 0 | G52: =F52*全局设置!$B$7 -> 0 | H52: =G52*全局设置!$B$5 -> 0 | I52: =IF(AND(B52="",C52=""),"",IF(AND(B52<>"",C52>=1,COUNTIF($B$36:$B$53,B52)=1),"可回读","需修正"))
A53: 18 | D53: =IF(B53="",0,ROUNDUP(C53*(1+(全局设置!$B$5-1)*全局设置!$B$6),0)) -> 0 | E53: =IF(B53="",0,IFERROR(VLOOKUP(B53,敌人目录!$A$6:$M$68,13,FALSE),0)) -> 0 | F53: =D53*E53 -> 0 | G53: =F53*全局设置!$B$7 -> 0 | H53: =G53*全局设置!$B$5 -> 0 | I53: =IF(AND(B53="",C53=""),"",IF(AND(B53<>"",C53>=1,COUNTIF($B$36:$B$53,B53)=1),"可回读","需修正"))
A55: 基础总数 | B55: =SUM(C36:C53) -> 160 | C55: 实际总数 | D55: =SUM(D36:D53) -> 160 | E55: 最大息壤/玩家 | F55: =SUM(F36:F53) -> 308 | G55: 预计息壤/玩家 | H55: =SUM(G36:G53) -> 308
A56: 预计息壤/队伍 | B56: =SUM(H36:H53) -> 308 | C56: 说明 | D56: 预计息壤 = 实际数量 × 固定息壤 × 击杀率；已移除每日命运倍率。
A60: 第 11 波｜第 3 日·3/4｜夜晚｜当前正式配置
A61: 波次名称 | B61: 第11波 | C61: 第11波 奥术重装 | D61: 出生间隔(s) | E61: 0.24 | F61: 每Tick | G61: 1 | H61: 存活上限 | I61: 300
A62: 出生点 | B62: 点1·开启 | C62: 点2·开启 | D62: 点3·开启 | E62: 点4·开启 | F62: 点5·开启 | G62: 点6·开启 | H62: 波次校验 | I62: =IF(COUNTA(B65:B82)=0,"待设计",IF(COUNTIF(I65:I82,"需修正")>0,"需修正","可回读")) -> 可回读
A63: 仅编辑蓝色列、敌人数值和出生点；所有公式、稳定 ID 与 schema 字段由机器区自动生成。
A64: 槽位 | B64: 敌人（下拉选择） | C64: 基础数量 | D64: 实际数量 | E64: 息壤/击杀 | F64: 最大息壤/玩家 | G64: 预计息壤/玩家 | H64: 预计息壤/队伍 | I64: 校验
A65: 1 | B65: 普通原石虫 | C65: 46 | D65: =IF(B65="",0,ROUNDUP(C65*(1+(全局设置!$B$5-1)*全局设置!$B$6),0)) -> 46 | E65: =IF(B65="",0,IFERROR(VLOOKUP(B65,敌人目录!$A$6:$M$68,13,FALSE),0)) -> 1 | F65: =D65*E65 -> 46 | G65: =F65*全局设置!$B$7 -> 46 | H65: =G65*全局设置!$B$5 -> 46 | I65: =IF(AND(B65="",C65=""),"",IF(AND(B65<>"",C65>=1,COUNTIF($B$65:$B$82,B65)=1),"可回读","需修正")) -> 可回读
A66: 2 | B66: 迅捷原石虫 | C66: 20 | D66: =IF(B66="",0,ROUNDUP(C66*(1+(全局设置!$B$5-1)*全局设置!$B$6),0)) -> 20 | E66: =IF(B66="",0,IFERROR(VLOOKUP(B66,敌人目录!$A$6:$M$68,13,FALSE),0)) -> 1 | F66: =D66*E66 -> 20 | G66: =F66*全局设置!$B$7 -> 20 | H66: =G66*全局设置!$B$5 -> 20 | I66: =IF(AND(B66="",C66=""),"",IF(AND(B66<>"",C66>=1,COUNTIF($B$65:$B$82,B66)=1),"可回读","需修正")) -> 可回读
A67: 3 | B67: 硬壳原石虫 | C67: 20 | D67: =IF(B67="",0,ROUNDUP(C67*(1+(全局设置!$B$5-1)*全局设置!$B$6),0)) -> 20 | E67: =IF(B67="",0,IFERROR(VLOOKUP(B67,敌人目录!$A$6:$M$68,13,FALSE),0)) -> 2 | F67: =D67*E67 -> 40 | G67: =F67*全局设置!$B$7 -> 40 | H67: =G67*全局设置!$B$5 -> 40 | I67: =IF(AND(B67="",C67=""),"",IF(AND(B67<>"",C67>=1,COUNTIF($B$65:$B$82,B67)=1),"可回读","需修正")) -> 可回读
A68: 4 | B68: 自爆原石虫 | C68: 16 | D68: =IF(B68="",0,ROUNDUP(C68*(1+(全局设置!$B$5-1)*全局设置!$B$6),0)) -> 16 | E68: =IF(B68="",0,IFERROR(VLOOKUP(B68,敌人目录!$A$6:$M$68,13,FALSE),0)) -> 1 | F68: =D68*E68 -> 16 | G68: =F68*全局设置!$B$7 -> 16 | H68: =G68*全局设置!$B$5 -> 16 | I68: =IF(AND(B68="",C68=""),"",IF(AND(B68<>"",C68>=1,COUNTIF($B$65:$B$82,B68)=1),"可回读","需修正")) -> 可回读
A69: 5 | B69: 紫晶自爆原石虫 | C69: 16 | D69: =IF(B69="",0,ROUNDUP(C69*(1+(全局设置!$B$5-1)*全局设置!$B$6),0)) -> 16 | E69: =IF(B69="",0,IFERROR(VLOOKUP(B69,敌人目录!$A$6:$M$68,13,FALSE),0)) -> 2 | F69: =D69*E69 -> 32 | G69: =F69*全局设置!$B$7 -> 32 | H69: =G69*全局设置!$B$5 -> 32 | I69: =IF(AND(B69="",C69=""),"",IF(AND(B69<>"",C69>=1,COUNTIF($B$65:$B$82,B69)=1),"可回读","需修正")) -> 可回读
A70: 6 | B70: 火焰弹原石虫 | C70: 20 | D70: =IF(B70="",0,ROUNDUP(C70*(1+(全局设置!$B$5-1)*全局设置!$B$6),0)) -> 20 | E70: =IF(B70="",0,IFERROR(VLOOKUP(B70,敌人目录!$A$6:$M$68,13,FALSE),0)) -> 1 | F70: =D70*E70 -> 20 | G70: =F70*全局设置!$B$7 -> 20 | H70: =G70*全局设置!$B$5 -> 20 | I70: =IF(AND(B70="",C70=""),"",IF(AND(B70<>"",C70>=1,COUNTIF($B$65:$B$82,B70)=1),"可回读","需修正")) -> 可回读
A71: 7 | B71: 翠壳原石虫 | C71: 16 | D71: =IF(B71="",0,ROUNDUP(C71*(1+(全局设置!$B$5-1)*全局设置!$B$6),0)) -> 16 | E71: =IF(B71="",0,IFERROR(VLOOKUP(B71,敌人目录!$A$6:$M$68,13,FALSE),0)) -> 2 | F71: =D71*E71 -> 32 | G71: =F71*全局设置!$B$7 -> 32 | H71: =G71*全局设置!$B$5 -> 32 | I71: =IF(AND(B71="",C71=""),"",IF(AND(B71<>"",C71>=1,COUNTIF($B$65:$B$82,B71)=1),"可回读","需修正")) -> 可回读
A72: 8 | B72: 守护者原石虫 | C72: 16 | D72: =IF(B72="",0,ROUNDUP(C72*(1+(全局设置!$B$5-1)*全局设置!$B$6),0)) -> 16 | E72: =IF(B72="",0,IFERROR(VLOOKUP(B72,敌人目录!$A$6:$M$68,13,FALSE),0)) -> 2 | F72: =D72*E72 -> 32 | G72: =F72*全局设置!$B$7 -> 32 | H72: =G72*全局设置!$B$5 -> 32 | I72: =IF(AND(B72="",C72=""),"",IF(AND(B72<>"",C72>=1,COUNTIF($B$65:$B$82,B72)=1),"可回读","需修正")) -> 可回读
A73: 9 | B73: AK猫猫虫 | C73: 2 | D73: =IF(B73="",0,ROUNDUP(C73*(1+(全局设置!$B$5-1)*全局设置!$B$6),0)) -> 2 | E73: =IF(B73="",0,IFERROR(VLOOKUP(B73,敌人目录!$A$6:$M$68,13,FALSE),0)) -> 20 | F73: =D73*E73 -> 40 | G73: =F73*全局设置!$B$7 -> 40 | H73: =G73*全局设置!$B$5 -> 40 | I73: =IF(AND(B73="",C73=""),"",IF(AND(B73<>"",C73>=1,COUNTIF($B$65:$B$82,B73)=1),"可回读","需修正")) -> 可回读
A74: 10 | B74: 骑士猫猫虫 | C74: 2 | D74: =IF(B74="",0,ROUNDUP(C74*(1+(全局设置!$B$5-1)*全局设置!$B$6),0)) -> 2 | E74: =IF(B74="",0,IFERROR(VLOOKUP(B74,敌人目录!$A$6:$M$68,13,FALSE),0)) -> 20 | F74: =D74*E74 -> 40 | G74: =F74*全局设置!$B$7 -> 40 | H74: =G74*全局设置!$B$5 -> 40 | I74: =IF(AND(B74="",C74=""),"",IF(AND(B74<>"",C74>=1,COUNTIF($B$65:$B$82,B74)=1),"可回读","需修正")) -> 可回读
A75: 11 | B75: 法师 Capoo | C75: 1 | D75: =IF(B75="",0,ROUNDUP(C75*(1+(全局设置!$B$5-1)*全局设置!$B$6),0)) -> 1 | E75: =IF(B75="",0,IFERROR(VLOOKUP(B75,敌人目录!$A$6:$M$68,13,FALSE),0)) -> 30 | F75: =D75*E75 -> 30 | G75: =F75*全局设置!$B$7 -> 30 | H75: =G75*全局设置!$B$5 -> 30 | I75: =IF(AND(B75="",C75=""),"",IF(AND(B75<>"",C75>=1,COUNTIF($B$65:$B$82,B75)=1),"可回读","需修正")) -> 可回读
A76: 12 | B76: 石头人 | C76: 1 | D76: =IF(B76="",0,ROUNDUP(C76*(1+(全局设置!$B$5-1)*全局设置!$B$6),0)) -> 1 | E76: =IF(B76="",0,IFERROR(VLOOKUP(B76,敌人目录!$A$6:$M$68,13,FALSE),0)) -> 50 | F76: =D76*E76 -> 50 | G76: =F76*全局设置!$B$7 -> 50 | H76: =G76*全局设置!$B$5 -> 50 | I76: =IF(AND(B76="",C76=""),"",IF(AND(B76<>"",C76>=1,COUNTIF($B$65:$B$82,B76)=1),"可回读","需修正")) -> 可回读
A77: 13 | D77: =IF(B77="",0,ROUNDUP(C77*(1+(全局设置!$B$5-1)*全局设置!$B$6),0)) -> 0 | E77: =IF(B77="",0,IFERROR(VLOOKUP(B77,敌人目录!$A$6:$M$68,13,FALSE),0)) -> 0 | F77: =D77*E77 -> 0 | G77: =F77*全局设置!$B$7 -> 0 | H77: =G77*全局设置!$B$5 -> 0 | I77: =IF(AND(B77="",C77=""),"",IF(AND(B77<>"",C77>=1,COUNTIF($B$65:$B$82,B77)=1),"可回读","需修正"))
A78: 14 | D78: =IF(B78="",0,ROUNDUP(C78*(1+(全局设置!$B$5-1)*全局设置!$B$6),0)) -> 0 | E78: =IF(B78="",0,IFERROR(VLOOKUP(B78,敌人目录!$A$6:$M$68,13,FALSE),0)) -> 0 | F78: =D78*E78 -> 0 | G78: =F78*全局设置!$B$7 -> 0 | H78: =G78*全局设置!$B$5 -> 0 | I78: =IF(AND(B78="",C78=""),"",IF(AND(B78<>"",C78>=1,COUNTIF($B$65:$B$82,B78)=1),"可回读","需修正"))
A79: 15 | D79: =IF(B79="",0,ROUNDUP(C79*(1+(全局设置!$B$5-1)*全局设置!$B$6),0)) -> 0 | E79: =IF(B79="",0,IFERROR(VLOOKUP(B79,敌人目录!$A$6:$M$68,13,FALSE),0)) -> 0 | F79: =D79*E79 -> 0 | G79: =F79*全局设置!$B$7 -> 0 | H79: =G79*全局设置!$B$5 -> 0 | I79: =IF(AND(B79="",C79=""),"",IF(AND(B79<>"",C79>=1,COUNTIF($B$65:$B$82,B79)=1),"可回读","需修正"))
A80: 16 | D80: =IF(B80="",0,ROUNDUP(C80*(1+(全局设置!$B$5-1)*全局设置!$B$6),0)) -> 0 | E80: =IF(B80="",0,IFERROR(VLOOKUP(B80,敌人目录!$A$6:$M$68,13,FALSE),0)) -> 0 | F80: =D80*E80 -> 0 | G80: =F80*全局设置!$B$7 -> 0 | H80: =G80*全局设置!$B$5 -> 0 | I80: =IF(AND(B80="",C80=""),"",IF(AND(B80<>"",C80>=1,COUNTIF($B$65:$B$82,B80)=1),"可回读","需修正"))
A81: 17 | D81: =IF(B81="",0,ROUNDUP(C81*(1+(全局设置!$B$5-1)*全局设置!$B$6),0)) -> 0 | E81: =IF(B81="",0,IFERROR(VLOOKUP(B81,敌人目录!$A$6:$M$68,13,FALSE),0)) -> 0 | F81: =D81*E81 -> 0 | G81: =F81*全局设置!$B$7 -> 0 | H81: =G81*全局设置!$B$5 -> 0 | I81: =IF(AND(B81="",C81=""),"",IF(AND(B81<>"",C81>=1,COUNTIF($B$65:$B$82,B81)=1),"可回读","需修正"))
A82: 18 | D82: =IF(B82="",0,ROUNDUP(C82*(1+(全局设置!$B$5-1)*全局设置!$B$6),0)) -> 0 | E82: =IF(B82="",0,IFERROR(VLOOKUP(B82,敌人目录!$A$6:$M$68,13,FALSE),0)) -> 0 | F82: =D82*E82 -> 0 | G82: =F82*全局设置!$B$7 -> 0 | H82: =G82*全局设置!$B$5 -> 0 | I82: =IF(AND(B82="",C82=""),"",IF(AND(B82<>"",C82>=1,COUNTIF($B$65:$B$82,B82)=1),"可回读","需修正"))
A84: 基础总数 | B84: =SUM(C65:C82) -> 176 | C84: 实际总数 | D84: =SUM(D65:D82) -> 176 | E84: 最大息壤/玩家 | F84: =SUM(F65:F82) -> 398 | G84: 预计息壤/玩家 | H84: =SUM(G65:G82) -> 398
A85: 预计息壤/队伍 | B85: =SUM(H65:H82) -> 398 | C85: 说明 | D85: 预计息壤 = 实际数量 × 固定息壤 × 击杀率；已移除每日命运倍率。
A89: 第 12 波｜第 3 日·4/4｜夜晚｜当前正式配置
A90: 波次名称 | B90: 第12波 | C90: 第12波 城镇决战 | D90: 出生间隔(s) | E90: 0.22 | F90: 每Tick | G90: 1 | H90: 存活上限 | I90: 300
A91: 出生点 | B91: 点1·开启 | C91: 点2·开启 | D91: 点3·开启 | E91: 点4·开启 | F91: 点5·开启 | G91: 点6·开启 | H91: 波次校验 | I91: =IF(COUNTA(B94:B111)=0,"待设计",IF(COUNTIF(I94:I111,"需修正")>0,"需修正","可回读")) -> 可回读
A92: 仅编辑蓝色列、敌人数值和出生点；所有公式、稳定 ID 与 schema 字段由机器区自动生成。
A93: 槽位 | B93: 敌人（下拉选择） | C93: 基础数量 | D93: 实际数量 | E93: 息壤/击杀 | F93: 最大息壤/玩家 | G93: 预计息壤/玩家 | H93: 预计息壤/队伍 | I93: 校验
A94: 1 | B94: 普通原石虫 | C94: 53 | D94: =IF(B94="",0,ROUNDUP(C94*(1+(全局设置!$B$5-1)*全局设置!$B$6),0)) -> 53 | E94: =IF(B94="",0,IFERROR(VLOOKUP(B94,敌人目录!$A$6:$M$68,13,FALSE),0)) -> 1 | F94: =D94*E94 -> 53 | G94: =F94*全局设置!$B$7 -> 53 | H94: =G94*全局设置!$B$5 -> 53 | I94: =IF(AND(B94="",C94=""),"",IF(AND(B94<>"",C94>=1,COUNTIF($B$94:$B$111,B94)=1),"可回读","需修正")) -> 可回读
A95: 2 | B95: 迅捷原石虫 | C95: 24 | D95: =IF(B95="",0,ROUNDUP(C95*(1+(全局设置!$B$5-1)*全局设置!$B$6),0)) -> 24 | E95: =IF(B95="",0,IFERROR(VLOOKUP(B95,敌人目录!$A$6:$M$68,13,FALSE),0)) -> 1 | F95: =D95*E95 -> 24 | G95: =F95*全局设置!$B$7 -> 24 | H95: =G95*全局设置!$B$5 -> 24 | I95: =IF(AND(B95="",C95=""),"",IF(AND(B95<>"",C95>=1,COUNTIF($B$94:$B$111,B95)=1),"可回读","需修正")) -> 可回读
A96: 3 | B96: 硬壳原石虫 | C96: 24 | D96: =IF(B96="",0,ROUNDUP(C96*(1+(全局设置!$B$5-1)*全局设置!$B$6),0)) -> 24 | E96: =IF(B96="",0,IFERROR(VLOOKUP(B96,敌人目录!$A$6:$M$68,13,FALSE),0)) -> 2 | F96: =D96*E96 -> 48 | G96: =F96*全局设置!$B$7 -> 48 | H96: =G96*全局设置!$B$5 -> 48 | I96: =IF(AND(B96="",C96=""),"",IF(AND(B96<>"",C96>=1,COUNTIF($B$94:$B$111,B96)=1),"可回读","需修正")) -> 可回读
A97: 4 | B97: 自爆原石虫 | C97: 20 | D97: =IF(B97="",0,ROUNDUP(C97*(1+(全局设置!$B$5-1)*全局设置!$B$6),0)) -> 20 | E97: =IF(B97="",0,IFERROR(VLOOKUP(B97,敌人目录!$A$6:$M$68,13,FALSE),0)) -> 1 | F97: =D97*E97 -> 20 | G97: =F97*全局设置!$B$7 -> 20 | H97: =G97*全局设置!$B$5 -> 20 | I97: =IF(AND(B97="",C97=""),"",IF(AND(B97<>"",C97>=1,COUNTIF($B$94:$B$111,B97)=1),"可回读","需修正")) -> 可回读
A98: 5 | B98: 紫晶自爆原石虫 | C98: 16 | D98: =IF(B98="",0,ROUNDUP(C98*(1+(全局设置!$B$5-1)*全局设置!$B$6),0)) -> 16 | E98: =IF(B98="",0,IFERROR(VLOOKUP(B98,敌人目录!$A$6:$M$68,13,FALSE),0)) -> 2 | F98: =D98*E98 -> 32 | G98: =F98*全局设置!$B$7 -> 32 | H98: =G98*全局设置!$B$5 -> 32 | I98: =IF(AND(B98="",C98=""),"",IF(AND(B98<>"",C98>=1,COUNTIF($B$94:$B$111,B98)=1),"可回读","需修正")) -> 可回读
A99: 6 | B99: 火焰弹原石虫 | C99: 20 | D99: =IF(B99="",0,ROUNDUP(C99*(1+(全局设置!$B$5-1)*全局设置!$B$6),0)) -> 20 | E99: =IF(B99="",0,IFERROR(VLOOKUP(B99,敌人目录!$A$6:$M$68,13,FALSE),0)) -> 1 | F99: =D99*E99 -> 20 | G99: =F99*全局设置!$B$7 -> 20 | H99: =G99*全局设置!$B$5 -> 20 | I99: =IF(AND(B99="",C99=""),"",IF(AND(B99<>"",C99>=1,COUNTIF($B$94:$B$111,B99)=1),"可回读","需修正")) -> 可回读
A100: 7 | B100: 翠壳原石虫 | C100: 20 | D100: =IF(B100="",0,ROUNDUP(C100*(1+(全局设置!$B$5-1)*全局设置!$B$6),0)) -> 20 | E100: =IF(B100="",0,IFERROR(VLOOKUP(B100,敌人目录!$A$6:$M$68,13,FALSE),0)) -> 2 | F100: =D100*E100 -> 40 | G100: =F100*全局设置!$B$7 -> 40 | H100: =G100*全局设置!$B$5 -> 40 | I100: =IF(AND(B100="",C100=""),"",IF(AND(B100<>"",C100>=1,COUNTIF($B$94:$B$111,B100)=1),"可回读","需修正")) -> 可回读
A101: 8 | B101: 守护者原石虫 | C101: 16 | D101: =IF(B101="",0,ROUNDUP(C101*(1+(全局设置!$B$5-1)*全局设置!$B$6),0)) -> 16 | E101: =IF(B101="",0,IFERROR(VLOOKUP(B101,敌人目录!$A$6:$M$68,13,FALSE),0)) -> 2 | F101: =D101*E101 -> 32 | G101: =F101*全局设置!$B$7 -> 32 | H101: =G101*全局设置!$B$5 -> 32 | I101: =IF(AND(B101="",C101=""),"",IF(AND(B101<>"",C101>=1,COUNTIF($B$94:$B$111,B101)=1),"可回读","需修正")) -> 可回读
A102: 9 | B102: AK猫猫虫 | C102: 2 | D102: =IF(B102="",0,ROUNDUP(C102*(1+(全局设置!$B$5-1)*全局设置!$B$6),0)) -> 2 | E102: =IF(B102="",0,IFERROR(VLOOKUP(B102,敌人目录!$A$6:$M$68,13,FALSE),0)) -> 20 | F102: =D102*E102 -> 40 | G102: =F102*全局设置!$B$7 -> 40 | H102: =G102*全局设置!$B$5 -> 40 | I102: =IF(AND(B102="",C102=""),"",IF(AND(B102<>"",C102>=1,COUNTIF($B$94:$B$111,B102)=1),"可回读","需修正")) -> 可回读
A103: 10 | B103: 骑士猫猫虫 | C103: 2 | D103: =IF(B103="",0,ROUNDUP(C103*(1+(全局设置!$B$5-1)*全局设置!$B$6),0)) -> 2 | E103: =IF(B103="",0,IFERROR(VLOOKUP(B103,敌人目录!$A$6:$M$68,13,FALSE),0)) -> 20 | F103: =D103*E103 -> 40 | G103: =F103*全局设置!$B$7 -> 40 | H103: =G103*全局设置!$B$5 -> 40 | I103: =IF(AND(B103="",C103=""),"",IF(AND(B103<>"",C103>=1,COUNTIF($B$94:$B$111,B103)=1),"可回读","需修正")) -> 可回读
A104: 11 | B104: 法师 Capoo | C104: 1 | D104: =IF(B104="",0,ROUNDUP(C104*(1+(全局设置!$B$5-1)*全局设置!$B$6),0)) -> 1 | E104: =IF(B104="",0,IFERROR(VLOOKUP(B104,敌人目录!$A$6:$M$68,13,FALSE),0)) -> 30 | F104: =D104*E104 -> 30 | G104: =F104*全局设置!$B$7 -> 30 | H104: =G104*全局设置!$B$5 -> 30 | I104: =IF(AND(B104="",C104=""),"",IF(AND(B104<>"",C104>=1,COUNTIF($B$94:$B$111,B104)=1),"可回读","需修正")) -> 可回读
A105: 12 | B105: RPG猫猫虫 | C105: 1 | D105: =IF(B105="",0,ROUNDUP(C105*(1+(全局设置!$B$5-1)*全局设置!$B$6),0)) -> 1 | E105: =IF(B105="",0,IFERROR(VLOOKUP(B105,敌人目录!$A$6:$M$68,13,FALSE),0)) -> 24 | F105: =D105*E105 -> 24 | G105: =F105*全局设置!$B$7 -> 24 | H105: =G105*全局设置!$B$5 -> 24 | I105: =IF(AND(B105="",C105=""),"",IF(AND(B105<>"",C105>=1,COUNTIF($B$94:$B$111,B105)=1),"可回读","需修正")) -> 可回读
A106: 13 | B106: 石头人 | C106: 1 | D106: =IF(B106="",0,ROUNDUP(C106*(1+(全局设置!$B$5-1)*全局设置!$B$6),0)) -> 1 | E106: =IF(B106="",0,IFERROR(VLOOKUP(B106,敌人目录!$A$6:$M$68,13,FALSE),0)) -> 50 | F106: =D106*E106 -> 50 | G106: =F106*全局设置!$B$7 -> 50 | H106: =G106*全局设置!$B$5 -> 50 | I106: =IF(AND(B106="",C106=""),"",IF(AND(B106<>"",C106>=1,COUNTIF($B$94:$B$111,B106)=1),"可回读","需修正")) -> 可回读
A107: 14 | D107: =IF(B107="",0,ROUNDUP(C107*(1+(全局设置!$B$5-1)*全局设置!$B$6),0)) -> 0 | E107: =IF(B107="",0,IFERROR(VLOOKUP(B107,敌人目录!$A$6:$M$68,13,FALSE),0)) -> 0 | F107: =D107*E107 -> 0 | G107: =F107*全局设置!$B$7 -> 0 | H107: =G107*全局设置!$B$5 -> 0 | I107: =IF(AND(B107="",C107=""),"",IF(AND(B107<>"",C107>=1,COUNTIF($B$94:$B$111,B107)=1),"可回读","需修正"))
A108: 15 | D108: =IF(B108="",0,ROUNDUP(C108*(1+(全局设置!$B$5-1)*全局设置!$B$6),0)) -> 0 | E108: =IF(B108="",0,IFERROR(VLOOKUP(B108,敌人目录!$A$6:$M$68,13,FALSE),0)) -> 0 | F108: =D108*E108 -> 0 | G108: =F108*全局设置!$B$7 -> 0 | H108: =G108*全局设置!$B$5 -> 0 | I108: =IF(AND(B108="",C108=""),"",IF(AND(B108<>"",C108>=1,COUNTIF($B$94:$B$111,B108)=1),"可回读","需修正"))
A109: 16 | D109: =IF(B109="",0,ROUNDUP(C109*(1+(全局设置!$B$5-1)*全局设置!$B$6),0)) -> 0 | E109: =IF(B109="",0,IFERROR(VLOOKUP(B109,敌人目录!$A$6:$M$68,13,FALSE),0)) -> 0 | F109: =D109*E109 -> 0 | G109: =F109*全局设置!$B$7 -> 0 | H109: =G109*全局设置!$B$5 -> 0 | I109: =IF(AND(B109="",C109=""),"",IF(AND(B109<>"",C109>=1,COUNTIF($B$94:$B$111,B109)=1),"可回读","需修正"))
A110: 17 | D110: =IF(B110="",0,ROUNDUP(C110*(1+(全局设置!$B$5-1)*全局设置!$B$6),0)) -> 0 | E110: =IF(B110="",0,IFERROR(VLOOKUP(B110,敌人目录!$A$6:$M$68,13,FALSE),0)) -> 0 | F110: =D110*E110 -> 0 | G110: =F110*全局设置!$B$7 -> 0 | H110: =G110*全局设置!$B$5 -> 0 | I110: =IF(AND(B110="",C110=""),"",IF(AND(B110<>"",C110>=1,COUNTIF($B$94:$B$111,B110)=1),"可回读","需修正"))
A111: 18 | D111: =IF(B111="",0,ROUNDUP(C111*(1+(全局设置!$B$5-1)*全局设置!$B$6),0)) -> 0 | E111: =IF(B111="",0,IFERROR(VLOOKUP(B111,敌人目录!$A$6:$M$68,13,FALSE),0)) -> 0 | F111: =D111*E111 -> 0 | G111: =F111*全局设置!$B$7 -> 0 | H111: =G111*全局设置!$B$5 -> 0 | I111: =IF(AND(B111="",C111=""),"",IF(AND(B111<>"",C111>=1,COUNTIF($B$94:$B$111,B111)=1),"可回读","需修正"))
A113: 基础总数 | B113: =SUM(C94:C111) -> 200 | C113: 实际总数 | D113: =SUM(D94:D111) -> 200 | E113: 最大息壤/玩家 | F113: =SUM(F94:F111) -> 453 | G113: 预计息壤/玩家 | H113: =SUM(G94:G111) -> 453
...

Sheet 第4日
A1: 第 4 日｜白昼｜铃兰 Boss
A2: 只读 Boss 面板：第 4 日没有第 13～16 波；60 秒白昼准备后进入铃兰战，击败后直接通关。
A4: 流程身份
A5: 日期 | B5: 第4日 | C5: 时段 | D5: 白昼 | E5: 前置 | F5: 第12波 + 第3日地下探索 | G5: 准备 | H5: 60 秒（正式默认）
A6: 流程节点 | B6: boss_01_linglan | E6: Boss ID | F6: linglan_boss
A7: 显示名称 | B7: 铃兰 | E7: 普通波次编号 | F7: 不显示
A8: Boss 配置 | B8: res://resources/config/bosses/boss_01_linglan.tres
A9: 敌人配置 | B9: res://resources/config/enemies/linglan_boss.tres
A10: Boss 音乐 | B10: res://resources/audio/BGM_The_Truth_Never_Spoken.mp3
A12: 通关条件
A13: 铃兰死亡 → 沿用现有胜利流程 → 显示通关 不会再次进入地下探索，也不会进入小葱命运时间。
A17: 此页无可编辑波次区域；Boss 数值继续由现有 Boss / Enemy 资源维护。

Sheet 敌人目录
A1: 敌人目录｜63 个普通波次敌人的全局固定配置 | B1: 敌人目录｜49 个普通波次敌人的全局固定配置 | C1: 敌人目录｜49 个普通波次敌人的全局固定配置 | D1: 敌人目录｜49 个普通波次敌人的全局固定配置 | E1: 敌人目录｜49 个普通波次敌人的全局固定配置 | F1: 敌人目录｜49 个普通波次敌人的全局固定配置 | G1: 敌人目录｜49 个普通波次敌人的全局固定配置 | H1: 敌人目录｜49 个普通波次敌人的全局固定配置 | I1: 敌人目录｜49 个普通波次敌人的全局固定配置 | J1: 敌人目录｜49 个普通波次敌人的全局固定配置 | K1: 敌人目录｜49 个普通波次敌人的全局固定配置 | L1: 敌人目录｜49 个普通波次敌人的全局固定配置 | M1: 敌人目录｜49 个普通波次敌人的全局固定配置 | N1: 敌人目录｜49 个普通波次敌人的全局固定配置 | O1: 敌人目录｜49 个普通波次敌人的全局固定配置 | P1: 敌人目录｜49 个普通波次敌人的全局固定配置 | Q1: 敌人目录｜49 个普通波次敌人的全局固定配置 | R1: 敌人目录｜49 个普通波次敌人的全局固定配置 | S1: 敌人目录｜49 个普通波次敌人的全局固定配置 | T1: 敌人目录｜49 个普通波次敌人的全局固定配置 | U1: 敌人目录｜49 个普通波次敌人的全局固定配置 | V1: 敌人目录｜49 个普通波次敌人的全局固定配置 | W1: 敌人目录｜49 个普通波次敌人的全局固定配置 | X1: 敌人目录｜49 个普通波次敌人的全局固定配置 | Y1: 敌人目录｜49 个普通波次敌人的全局固定配置 | Z1: 敌人目录｜49 个普通波次敌人的全局固定配置 | AA1: 敌人目录｜49 个普通波次敌人的全局固定配置 | AB1: 敌人目录｜49 个普通波次敌人的全局固定配置 | AC1: 敌人目录｜49 个普通波次敌人的全局固定配置 | AD1: 敌人目录｜49 个普通波次敌人的全局固定配置
A2: 蓝色、金色、绿色与紫色区域可编辑；所有 12 波共同引用本目录，Boss 不在普通波次下拉列表中。 | B2: 蓝色、金色、绿色与紫色区域均可编辑。每种敌人的数值、息壤和掉落只在此处定义一次，并由所有波次共同引用；波次页不再提供覆盖值。 | C2: 蓝色、金色、绿色与紫色区域均可编辑。每种敌人的数值、息壤和掉落只在此处定义一次，并由所有波次共同引用；波次页不再提供覆盖值。 | D2: 蓝色、金色、绿色与紫色区域均可编辑。每种敌人的数值、息壤和掉落只在此处定义一次，并由所有波次共同引用；波次页不再提供覆盖值。 | E2: 蓝色、金色、绿色与紫色区域均可编辑。每种敌人的数值、息壤和掉落只在此处定义一次，并由所有波次共同引用；波次页不再提供覆盖值。 | F2: 蓝色、金色、绿色与紫色区域均可编辑。每种敌人的数值、息壤和掉落只在此处定义一次，并由所有波次共同引用；波次页不再提供覆盖值。 | G2: 蓝色、金色、绿色与紫色区域均可编辑。每种敌人的数值、息壤和掉落只在此处定义一次，并由所有波次共同引用；波次页不再提供覆盖值。 | H2: 蓝色、金色、绿色与紫色区域均可编辑。每种敌人的数值、息壤和掉落只在此处定义一次，并由所有波次共同引用；波次页不再提供覆盖值。 | I2: 蓝色、金色、绿色与紫色区域均可编辑。每种敌人的数值、息壤和掉落只在此处定义一次，并由所有波次共同引用；波次页不再提供覆盖值。 | J2: 蓝色、金色、绿色与紫色区域均可编辑。每种敌人的数值、息壤和掉落只在此处定义一次，并由所有波次共同引用；波次页不再提供覆盖值。 | K2: 蓝色、金色、绿色与紫色区域均可编辑。每种敌人的数值、息壤和掉落只在此处定义一次，并由所有波次共同引用；波次页不再提供覆盖值。 | L2: 蓝色、金色、绿色与紫色区域均可编辑。每种敌人的数值、息壤和掉落只在此处定义一次，并由所有波次共同引用；波次页不再提供覆盖值。 | M2: 蓝色、金色、绿色与紫色区域均可编辑。每种敌人的数值、息壤和掉落只在此处定义一次，并由所有波次共同引用；波次页不再提供覆盖值。 | N2: 蓝色、金色、绿色与紫色区域均可编辑。每种敌人的数值、息壤和掉落只在此处定义一次，并由所有波次共同引用；波次页不再提供覆盖值。 | O2: 蓝色、金色、绿色与紫色区域均可编辑。每种敌人的数值、息壤和掉落只在此处定义一次，并由所有波次共同引用；波次页不再提供覆盖值。 | P2: 蓝色、金色、绿色与紫色区域均可编辑。每种敌人的数值、息壤和掉落只在此处定义一次，并由所有波次共同引用；波次页不再提供覆盖值。 | Q2: 蓝色、金色、绿色与紫色区域均可编辑。每种敌人的数值、息壤和掉落只在此处定义一次，并由所有波次共同引用；波次页不再提供覆盖值。 | R2: 蓝色、金色、绿色与紫色区域均可编辑。每种敌人的数值、息壤和掉落只在此处定义一次，并由所有波次共同引用；波次页不再提供覆盖值。 | S2: 蓝色、金色、绿色与紫色区域均可编辑。每种敌人的数值、息壤和掉落只在此处定义一次，并由所有波次共同引用；波次页不再提供覆盖值。 | T2: 蓝色、金色、绿色与紫色区域均可编辑。每种敌人的数值、息壤和掉落只在此处定义一次，并由所有波次共同引用；波次页不再提供覆盖值。 | U2: 蓝色、金色、绿色与紫色区域均可编辑。每种敌人的数值、息壤和掉落只在此处定义一次，并由所有波次共同引用；波次页不再提供覆盖值。 | V2: 蓝色、金色、绿色与紫色区域均可编辑。每种敌人的数值、息壤和掉落只在此处定义一次，并由所有波次共同引用；波次页不再提供覆盖值。 | W2: 蓝色、金色、绿色与紫色区域均可编辑。每种敌人的数值、息壤和掉落只在此处定义一次，并由所有波次共同引用；波次页不再提供覆盖值。 | X2: 蓝色、金色、绿色与紫色区域均可编辑。每种敌人的数值、息壤和掉落只在此处定义一次，并由所有波次共同引用；波次页不再提供覆盖值。 | Y2: 蓝色、金色、绿色与紫色区域均可编辑。每种敌人的数值、息壤和掉落只在此处定义一次，并由所有波次共同引用；波次页不再提供覆盖值。 | Z2: 蓝色、金色、绿色与紫色区域均可编辑。每种敌人的数值、息壤和掉落只在此处定义一次，并由所有波次共同引用；波次页不再提供覆盖值。 | AA2: 蓝色、金色、绿色与紫色区域均可编辑。每种敌人的数值、息壤和掉落只在此处定义一次，并由所有波次共同引用；波次页不再提供覆盖值。 | AB2: 蓝色、金色、绿色与紫色区域均可编辑。每种敌人的数值、息壤和掉落只在此处定义一次，并由所有波次共同引用；波次页不再提供覆盖值。 | AC2: 蓝色、金色、绿色与紫色区域均可编辑。每种敌人的数值、息壤和掉落只在此处定义一次，并由所有波次共同引用；波次页不再提供覆盖值。 | AD2: 蓝色、金色、绿色与紫色区域均可编辑。每种敌人的数值、息壤和掉落只在此处定义一次，并由所有波次共同引用；波次页不再提供覆盖值。
A4: 身份与引用｜只读 | B4: 身份与引用｜只读 | C4: 身份与引用｜只读 | D4: 身份与引用｜只读 | E4: 身份与引用｜只读 | F4: 身份与引用｜只读 | G4: 战斗数值｜可编辑 | H4: 战斗数值｜可编辑 | I4: 战斗数值｜可编辑 | J4: 战斗数值｜可编辑 | K4: 战斗数值｜可编辑 | L4: 战斗数值｜可编辑 | M4: 击杀奖励｜可编辑 | N4: 自动计算 | O4: 材料掉落概率｜每次击杀独立判定 | P4: 材料掉落概率｜每次击杀独立判定 | Q4: 材料掉落概率｜每次击杀独立判定 | R4: 材料掉落概率｜每次击杀独立判定 | S4: 材料掉落概率｜每次击杀独立判定 | T4: 材料掉落概率｜每次击杀独立判定 | U4: 材料掉落概率｜每次击杀独立判定 | V4: 功能道具掉落概率｜每次击杀独立判定 | W4: 功能道具掉落概率｜每次击杀独立判定 | X4: 功能道具掉落概率｜每次击杀独立判定 | Y4: 功能道具掉落概率｜每次击杀独立判定 | Z4: 功能道具掉落概率｜每次击杀独立判定 | AA4: 校验与来源｜只读 | AB4: 校验与来源｜只读 | AC4: 校验与来源｜只读 | AD4: 校验与来源｜只读
A5: 下拉名称 | B5: 稳定ID | C5: 名称 | D5: 家族 | E5: 等级 | F5: 正式波次已使用 | G5: 生命 | H5: 攻击 | I5: 物理防御 | J5: 法术防御 | K5: 移速 | L5: Home伤害 | M5: 息壤/击杀 | N5: 掉落期望/击杀 | O5: 木头 | P5: 白色水晶 | Q5: 树苗 | R5: 卡普蓝晶 | S5: 术士紫晶粉 | T5: 凝胶 | U5: 小石块 | V5: 移速道具 | W5: 射速道具 | X5: 天妇罗道具 | Y5: 生命药瓶 | Z5: 雪狼破军 | AA5: 行校验 | AB5: 类别标签 | AC5: 配置路径 | AD5: 场景路径
A6: 普通原石虫 | B6: yuanshi_insect_basic | C6: 普通原石虫 | D6: 原石虫 | E6: 普通 | F6: 是 | G6: 40 | H6: 10 | I6: 0 | J6: 0 | K6: 20 | L6: 1 | M6: 1 | N6: =SUM(O6:Z6) -> 0.046 | O6: 0.02 | P6: 0.002 | Q6: 0.01 | R6: 0 | S6: 0 | T6: 0 | U6: 0 | V6: 0.004 | W6: 0.004 | X6: 0.004 | Y6: 0 | Z6: 0.002 | AA6: =IF(AND(A6<>"",B6<>"",G6>0,M6>=0,M6<=999),"可回读","需修正") -> 可回读 | AB6: yuanshi_insect | AC6: res://resources/config/enemies/yuanshi_insect_basic.tres | AD6: res://scene/enemy/yuanshi_insect/yuanshi_insect_basic.tscn
A7: 硬壳原石虫 | B7: yuanshi_insect_shell | C7: 硬壳原石虫 | D7: 原石虫 | E7: 普通 | F7: 是 | G7: 140 | H7: 14 | I7: 3 | J7: 0 | K7: 20 | L7: 2 | M7: 2 | N7: =SUM(O7:Z7) -> 0.046 | O7: 0.02 | P7: 0.002 | Q7: 0.01 | R7: 0 | S7: 0 | T7: 0 | U7: 0 | V7: 0.004 | W7: 0.004 | X7: 0.004 | Y7: 0 | Z7: 0.002 | AA7: =IF(AND(A7<>"",B7<>"",G7>0,M7>=0,M7<=999),"可回读","需修正") -> 可回读 | AB7: yuanshi_insect | AC7: res://resources/config/enemies/yuanshi_insect_shell.tres | AD7: res://scene/enemy/yuanshi_insect/yuanshi_insect_shell.tscn
A8: 迅捷原石虫 | B8: yuanshi_insect_fast | C8: 迅捷原石虫 | D8: 原石虫 | E8: 普通 | F8: 是 | G8: 35 | H8: 10 | I8: 0 | J8: 0 | K8: 40 | L8: 1 | M8: 1 | N8: =SUM(O8:Z8) -> 0.046 | O8: 0.02 | P8: 0.002 | Q8: 0.01 | R8: 0 | S8: 0 | T8: 0 | U8: 0 | V8: 0.004 | W8: 0.004 | X8: 0.004 | Y8: 0 | Z8: 0.002 | AA8: =IF(AND(A8<>"",B8<>"",G8>0,M8>=0,M8<=999),"可回读","需修正") -> 可回读 | AB8: yuanshi_insect | AC8: res://resources/config/enemies/yuanshi_insect_fast.tres | AD8: res://scene/enemy/yuanshi_insect/yuanshi_insect_fast.tscn
A9: 自爆原石虫 | B9: yuanshi_insect_bomber | C9: 自爆原石虫 | D9: 原石虫 | E9: 普通 | F9: 是 | G9: 30 | H9: 10 | I9: 0 | J9: 0 | K9: 18 | L9: 1 | M9: 1 | N9: =SUM(O9:Z9) -> 0.046 | O9: 0.02 | P9: 0.002 | Q9: 0.01 | R9: 0 | S9: 0 | T9: 0 | U9: 0 | V9: 0.004 | W9: 0.004 | X9: 0.004 | Y9: 0 | Z9: 0.002 | AA9: =IF(AND(A9<>"",B9<>"",G9>0,M9>=0,M9<=999),"可回读","需修正") -> 可回读 | AB9: yuanshi_insect | AC9: res://resources/config/enemies/yuanshi_insect_bomber.tres | AD9: res://scene/enemy/yuanshi_insect/yuanshi_insect_bomber.tscn
A10: 紫晶自爆原石虫 | B10: yuanshi_insect_purple_bomber | C10: 紫晶自爆原石虫 | D10: 原石虫 | E10: 普通 | F10: 是 | G10: 40 | H10: 10 | I10: 0 | J10: 0 | K10: 32 | L10: 1 | M10: 2 | N10: =SUM(O10:Z10) -> 0.046 | O10: 0.02 | P10: 0.002 | Q10: 0.01 | R10: 0 | S10: 0 | T10: 0 | U10: 0 | V10: 0.004 | W10: 0.004 | X10: 0.004 | Y10: 0 | Z10: 0.002 | AA10: =IF(AND(A10<>"",B10<>"",G10>0,M10>=0,M10<=999),"可回读","需修正") -> 可回读 | AB10: yuanshi_insect | AC10: res://resources/config/enemies/yuanshi_insect_purple_bomber.tres | AD10: res://scene/enemy/yuanshi_insect/yuanshi_insect_purple_bomber.tscn
A11: 翠壳原石虫 | B11: yuanshi_insect_green_shell | C11: 翠壳原石虫 | D11: 原石虫 | E11: 普通 | F11: 是 | G11: 200 | H11: 20 | I11: 5 | J11: 0 | K11: 15 | L11: 5 | M11: 2 | N11: =SUM(O11:Z11) -> 0.046 | O11: 0.02 | P11: 0.002 | Q11: 0.01 | R11: 0 | S11: 0 | T11: 0 | U11: 0 | V11: 0.004 | W11: 0.004 | X11: 0.004 | Y11: 0 | Z11: 0.002 | AA11: =IF(AND(A11<>"",B11<>"",G11>0,M11>=0,M11<=999),"可回读","需修正") -> 可回读 | AB11: yuanshi_insect | AC11: res://resources/config/enemies/yuanshi_insect_green_shell.tres | AD11: res://scene/enemy/yuanshi_insect/yuanshi_insect_green_shell.tscn
A12: 火焰弹原石虫 | B12: yuanshi_insect_fire_ranged | C12: 火焰弹原石虫 | D12: 原石虫 | E12: 普通 | F12: 是 | G12: 40 | H12: 25 | I12: 0 | J12: 0 | K12: 22 | L12: 2 | M12: 1 | N12: =SUM(O12:Z12) -> 0.046 | O12: 0.02 | P12: 0.002 | Q12: 0.01 | R12: 0 | S12: 0 | T12: 0 | U12: 0 | V12: 0.004 | W12: 0.004 | X12: 0.004 | Y12: 0 | Z12: 0.002 | AA12: =IF(AND(A12<>"",B12<>"",G12>0,M12>=0,M12<=999),"可回读","需修正") -> 可回读 | AB12: yuanshi_insect | AC12: res://resources/config/enemies/yuanshi_insect_fire_ranged.tres | AD12: res://scene/enemy/yuanshi_insect/yuanshi_insect_fire_ranged.tscn
A13: 守护者原石虫 | B13: yuanshi_insect_guardian | C13: 守护者原石虫 | D13: 原石虫 | E13: 普通 | F13: 是 | G13: 150 | H13: 10 | I13: 5 | J13: 0 | K13: 20 | L13: 5 | M13: 2 | N13: =SUM(O13:Z13) -> 0.046 | O13: 0.02 | P13: 0.002 | Q13: 0.01 | R13: 0 | S13: 0 | T13: 0 | U13: 0 | V13: 0.004 | W13: 0.004 | X13: 0.004 | Y13: 0 | Z13: 0.002 | AA13: =IF(AND(A13<>"",B13<>"",G13>0,M13>=0,M13<=999),"可回读","需修正") -> 可回读 | AB13: yuanshi_insect | AC13: res://resources/config/enemies/yuanshi_insect_guardian.tres | AD13: res://scene/enemy/yuanshi_insect/yuanshi_insect_guardian.tscn
A14: 被石头侵蚀的普通原石虫 | B14: stone_eroded_yuanshi_insect_basic | C14: 被石头侵蚀的普通原石虫 | D14: 原石虫 | E14: 普通 | F14: 否 | G14: 80 | H14: 10 | I14: 150 | J14: 0 | K14: 20 | L14: 1 | M14: 1 | N14: =SUM(O14:Z14) -> 0.046 | O14: 0.02 | P14: 0.002 | Q14: 0.01 | R14: 0 | S14: 0 | T14: 0 | U14: 0 | V14: 0.004 | W14: 0.004 | X14: 0.004 | Y14: 0 | Z14: 0.002 | AA14: =IF(AND(A14<>"",B14<>"",G14>0,M14>=0,M14<=999),"可回读","需修正") -> 可回读 | AB14: yuanshi_insect, stone_eroded | AC14: res://resources/config/enemies/stone_eroded_yuanshi_insect_basic.tres | AD14: res://scene/enemy/stone_eroded/stone_eroded_yuanshi_insect_basic.tscn
A15: 被石头侵蚀的硬壳原石虫 | B15: stone_eroded_yuanshi_insect_shell | C15: 被石头侵蚀的硬壳原石虫 | D15: 原石虫 | E15: 普通 | F15: 否 | G15: 280 | H15: 14 | I15: 150 | J15: 0 | K15: 20 | L15: 2 | M15: 2 | N15: =SUM(O15:Z15) -> 0.046 | O15: 0.02 | P15: 0.002 | Q15: 0.01 | R15: 0 | S15: 0 | T15: 0 | U15: 0 | V15: 0.004 | W15: 0.004 | X15: 0.004 | Y15: 0 | Z15: 0.002 | AA15: =IF(AND(A15<>"",B15<>"",G15>0,M15>=0,M15<=999),"可回读","需修正") -> 可回读 | AB15: yuanshi_insect, stone_eroded | AC15: res://resources/config/enemies/stone_eroded_yuanshi_insect_shell.tres | AD15: res://scene/enemy/stone_eroded/stone_eroded_yuanshi_insect_shell.tscn
A16: 被石头侵蚀的迅捷原石虫 | B16: stone_eroded_yuanshi_insect_fast | C16: 被石头侵蚀的迅捷原石虫 | D16: 原石虫 | E16: 普通 | F16: 否 | G16: 70 | H16: 10 | I16: 150 | J16: 0 | K16: 40 | L16: 1 | M16: 1 | N16: =SUM(O16:Z16) -> 0.046 | O16: 0.02 | P16: 0.002 | Q16: 0.01 | R16: 0 | S16: 0 | T16: 0 | U16: 0 | V16: 0.004 | W16: 0.004 | X16: 0.004 | Y16: 0 | Z16: 0.002 | AA16: =IF(AND(A16<>"",B16<>"",G16>0,M16>=0,M16<=999),"可回读","需修正") -> 可回读 | AB16: yuanshi_insect, stone_eroded | AC16: res://resources/config/enemies/stone_eroded_yuanshi_insect_fast.tres | AD16: res://scene/enemy/stone_eroded/stone_eroded_yuanshi_insect_fast.tscn
A17: 被石头侵蚀的自爆原石虫 | B17: stone_eroded_yuanshi_insect_bomber | C17: 被石头侵蚀的自爆原石虫 | D17: 原石虫 | E17: 普通 | F17: 否 | G17: 60 | H17: 10 | I17: 150 | J17: 0 | K17: 18 | L17: 1 | M17: 1 | N17: =SUM(O17:Z17) -> 0.046 | O17: 0.02 | P17: 0.002 | Q17: 0.01 | R17: 0 | S17: 0 | T17: 0 | U17: 0 | V17: 0.004 | W17: 0.004 | X17: 0.004 | Y17: 0 | Z17: 0.002 | AA17: =IF(AND(A17<>"",B17<>"",G17>0,M17>=0,M17<=999),"可回读","需修正") -> 可回读 | AB17: yuanshi_insect, stone_eroded | AC17: res://resources/config/enemies/stone_eroded_yuanshi_insect_bomber.tres | AD17: res://scene/enemy/stone_eroded/stone_eroded_yuanshi_insect_bomber.tscn
... A68: 主战机器人 | B68: combat_robot_main_battle_elite | C68: 主战机器人 | D68: 机械生命 | E68: 精英 | F68: 否 | G68: 800 | H68: 80 | I68: 40 | J68: 35 | K68: 28 | L68: 2 | M68: 10 | N68: =SUM(O68:Z68) -> 0.046 | O68: 0.02 | P68: 0.002 | Q68: 0.01 | R68: 0 | S68: 0 | T68: 0 | U68: 0 | V68: 0.004 | W68: 0.004 | X68: 0.004 | Y68: 0 | Z68: 0.002 | AA68: =IF(AND(A68<>"",B68<>"",G68>0,M68>=0,M68<=999),"可回读","需修正") -> 可回读 | AB68: mechanical_life | AC68: res://resources/config/enemies/combat_robot_main_battle_elite.tres | AD68: res://scene/enemy/mechanical_life/combat_robot_main_battle_elite.tscn

Sheet 敌人导入数据（勿改）
A1: 敌人导入数据｜schema v3｜机器读取区域，请勿编辑
A2: schema_version | B2: 3 | C2: workbook_id | D2: tower_defense_4_day_campaign_designer_v3 | E2: enemy_count | F2: 63 | G2: source | H2: 敌人目录
A4: schema_version | B4: enemy_id | C4: max_health | D4: attack_damage | E4: physical_defense | F4: magic_defense | G4: move_speed | H4: home_damage | I4: xirang_kill_reward | J4: material_wood | K4: material_white_crystal | L4: material_sapling | M4: material_capoo_blue_crystal | N4: material_sorcerer_violet_powder | O4: material_gel | P4: material_small_stone | Q4: pickup_speed | R4: pickup_rapid | S4: pickup_tenpura | T4: pickup_health | U4: pickup_spiral | V4: expected_drop_count_per_kill | W4: row_validation | X4: config_path
A5: 3 | B5: =敌人目录!B6 -> yuanshi_insect_basic | C5: =敌人目录!G6 -> 40 | D5: =敌人目录!H6 -> 10 | E5: =敌人目录!I6 -> 0 | F5: =敌人目录!J6 -> 0 | G5: =敌人目录!K6 -> 20 | H5: =敌人目录!L6 -> 1 | I5: =敌人目录!M6 -> 1 | J5: =敌人目录!O6 -> 0.02 | K5: =敌人目录!P6 -> 0.002 | L5: =敌人目录!Q6 -> 0.01 | M5: =敌人目录!R6 -> 0 | N5: =敌人目录!S6 -> 0 | O5: =敌人目录!T6 -> 0 | P5: =敌人目录!U6 -> 0 | Q5: =敌人目录!V6 -> 0.004 | ... U5: =敌人目录!Z6 -> 0.002 | V5: =敌人目录!N6 -> 0.046 | W5: =敌人目录!AA6 -> 可回读 | X5: =敌人目录!AC6 -> res://resources/config/enemies/yuanshi_insect_basic.tres
A6: 3 | B6: =敌人目录!B7 -> yuanshi_insect_shell | C6: =敌人目录!G7 -> 140 | D6: =敌人目录!H7 -> 14 | E6: =敌人目录!I7 -> 3 | F6: =敌人目录!J7 -> 0 | G6: =敌人目录!K7 -> 20 | H6: =敌人目录!L7 -> 2 | I6: =敌人目录!M7 -> 2 | J6: =敌人目录!O7 -> 0.02 | K6: =敌人目录!P7 -> 0.002 | L6: =敌人目录!Q7 -> 0.01 | M6: =敌人目录!R7 -> 0 | N6: =敌人目录!S7 -> 0 | O6: =敌人目录!T7 -> 0 | P6: =敌人目录!U7 -> 0 | Q6: =敌人目录!V7 -> 0.004 | ... U6: =敌人目录!Z7 -> 0.002 | V6: =敌人目录!N7 -> 0.046 | W6: =敌人目录!AA7 -> 可回读 | X6: =敌人目录!AC7 -> res://resources/config/enemies/yuanshi_insect_shell.tres
A7: 3 | B7: =敌人目录!B8 -> yuanshi_insect_fast | C7: =敌人目录!G8 -> 35 | D7: =敌人目录!H8 -> 10 | E7: =敌人目录!I8 -> 0 | F7: =敌人目录!J8 -> 0 | G7: =敌人目录!K8 -> 40 | H7: =敌人目录!L8 -> 1 | I7: =敌人目录!M8 -> 1 | J7: =敌人目录!O8 -> 0.02 | K7: =敌人目录!P8 -> 0.002 | L7: =敌人目录!Q8 -> 0.01 | M7: =敌人目录!R8 -> 0 | N7: =敌人目录!S8 -> 0 | O7: =敌人目录!T8 -> 0 | P7: =敌人目录!U8 -> 0 | Q7: =敌人目录!V8 -> 0.004 | ... U7: =敌人目录!Z8 -> 0.002 | V7: =敌人目录!N8 -> 0.046 | W7: =敌人目录!AA8 -> 可回读 | X7: =敌人目录!AC8 -> res://resources/config/enemies/yuanshi_insect_fast.tres
A8: 3 | B8: =敌人目录!B9 -> yuanshi_insect_bomber | C8: =敌人目录!G9 -> 30 | D8: =敌人目录!H9 -> 10 | E8: =敌人目录!I9 -> 0 | F8: =敌人目录!J9 -> 0 | G8: =敌人目录!K9 -> 18 | H8: =敌人目录!L9 -> 1 | I8: =敌人目录!M9 -> 1 | J8: =敌人目录!O9 -> 0.02 | K8: =敌人目录!P9 -> 0.002 | L8: =敌人目录!Q9 -> 0.01 | M8: =敌人目录!R9 -> 0 | N8: =敌人目录!S9 -> 0 | O8: =敌人目录!T9 -> 0 | P8: =敌人目录!U9 -> 0 | Q8: =敌人目录!V9 -> 0.004 | ... U8: =敌人目录!Z9 -> 0.002 | V8: =敌人目录!N9 -> 0.046 | W8: =敌人目录!AA9 -> 可回读 | X8: =敌人目录!AC9 -> res://resources/config/enemies/yuanshi_insect_bomber.tres
A9: 3 | B9: =敌人目录!B10 -> yuanshi_insect_purple_bomber | C9: =敌人目录!G10 -> 40 | D9: =敌人目录!H10 -> 10 | E9: =敌人目录!I10 -> 0 | F9: =敌人目录!J10 -> 0 | G9: =敌人目录!K10 -> 32 | H9: =敌人目录!L10 -> 1 | I9: =敌人目录!M10 -> 2 | J9: =敌人目录!O10 -> 0.02 | K9: =敌人目录!P10 -> 0.002 | L9: =敌人目录!Q10 -> 0.01 | M9: =敌人目录!R10 -> 0 | N9: =敌人目录!S10 -> 0 | O9: =敌人目录!T10 -> 0 | P9: =敌人目录!U10 -> 0 | Q9: =敌人目录!V10 -> 0.004 | ... U9: =敌人目录!Z10 -> 0.002 | V9: =敌人目录!N10 -> 0.046 | W9: =敌人目录!AA10 -> 可回读 | X9: =敌人目录!AC10 -> res://resources/config/enemies/yuanshi_insect_purple_bomber.tres
A10: 3 | B10: =敌人目录!B11 -> yuanshi_insect_green_shell | C10: =敌人目录!G11 -> 200 | D10: =敌人目录!H11 -> 20 | E10: =敌人目录!I11 -> 5 | F10: =敌人目录!J11 -> 0 | G10: =敌人目录!K11 -> 15 | H10: =敌人目录!L11 -> 5 | I10: =敌人目录!M11 -> 2 | J10: =敌人目录!O11 -> 0.02 | K10: =敌人目录!P11 -> 0.002 | L10: =敌人目录!Q11 -> 0.01 | M10: =敌人目录!R11 -> 0 | N10: =敌人目录!S11 -> 0 | O10: =敌人目录!T11 -> 0 | P10: =敌人目录!U11 -> 0 | Q10: =敌人目录!V11 -> 0.004 | ... U10: =敌人目录!Z11 -> 0.002 | V10: =敌人目录!N11 -> 0.046 | W10: =敌人目录!AA11 -> 可回读 | X10: =敌人目录!AC11 -> res://resources/config/enemies/yuanshi_insect_green_shell.tres
A11: 3 | B11: =敌人目录!B12 -> yuanshi_insect_fire_ranged | C11: =敌人目录!G12 -> 40 | D11: =敌人目录!H12 -> 25 | E11: =敌人目录!I12 -> 0 | F11: =敌人目录!J12 -> 0 | G11: =敌人目录!K12 -> 22 | H11: =敌人目录!L12 -> 2 | I11: =敌人目录!M12 -> 1 | J11: =敌人目录!O12 -> 0.02 | K11: =敌人目录!P12 -> 0.002 | L11: =敌人目录!Q12 -> 0.01 | M11: =敌人目录!R12 -> 0 | N11: =敌人目录!S12 -> 0 | O11: =敌人目录!T12 -> 0 | P11: =敌人目录!U12 -> 0 | Q11: =敌人目录!V12 -> 0.004 | ... U11: =敌人目录!Z12 -> 0.002 | V11: =敌人目录!N12 -> 0.046 | W11: =敌人目录!AA12 -> 可回读 | X11: =敌人目录!AC12 -> res://resources/config/enemies/yuanshi_insect_fire_ranged.tres
A12: 3 | B12: =敌人目录!B13 -> yuanshi_insect_guardian | C12: =敌人目录!G13 -> 150 | D12: =敌人目录!H13 -> 10 | E12: =敌人目录!I13 -> 5 | F12: =敌人目录!J13 -> 0 | G12: =敌人目录!K13 -> 20 | H12: =敌人目录!L13 -> 5 | I12: =敌人目录!M13 -> 2 | J12: =敌人目录!O13 -> 0.02 | K12: =敌人目录!P13 -> 0.002 | L12: =敌人目录!Q13 -> 0.01 | M12: =敌人目录!R13 -> 0 | N12: =敌人目录!S13 -> 0 | O12: =敌人目录!T13 -> 0 | P12: =敌人目录!U13 -> 0 | Q12: =敌人目录!V13 -> 0.004 | ... U12: =敌人目录!Z13 -> 0.002 | V12: =敌人目录!N13 -> 0.046 | W12: =敌人目录!AA13 -> 可回读 | X12: =敌人目录!AC13 -> res://resources/config/enemies/yuanshi_insect_guardian.tres
A13: 3 | B13: =敌人目录!B14 -> stone_eroded_yuanshi_insect_basic | C13: =敌人目录!G14 -> 80 | D13: =敌人目录!H14 -> 10 | E13: =敌人目录!I14 -> 150 | F13: =敌人目录!J14 -> 0 | G13: =敌人目录!K14 -> 20 | H13: =敌人目录!L14 -> 1 | I13: =敌人目录!M14 -> 1 | J13: =敌人目录!O14 -> 0.02 | K13: =敌人目录!P14 -> 0.002 | L13: =敌人目录!Q14 -> 0.01 | M13: =敌人目录!R14 -> 0 | N13: =敌人目录!S14 -> 0 | O13: =敌人目录!T14 -> 0 | P13: =敌人目录!U14 -> 0 | Q13: =敌人目录!V14 -> 0.004 | ... U13: =敌人目录!Z14 -> 0.002 | V13: =敌人目录!N14 -> 0.046 | W13: =敌人目录!AA14 -> 可回读 | X13: =敌人目录!AC14 -> res://resources/config/enemies/stone_eroded_yuanshi_insect_basic.tres
A14: 3 | B14: =敌人目录!B15 -> stone_eroded_yuanshi_insect_shell | C14: =敌人目录!G15 -> 280 | D14: =敌人目录!H15 -> 14 | E14: =敌人目录!I15 -> 150 | F14: =敌人目录!J15 -> 0 | G14: =敌人目录!K15 -> 20 | H14: =敌人目录!L15 -> 2 | I14: =敌人目录!M15 -> 2 | J14: =敌人目录!O15 -> 0.02 | K14: =敌人目录!P15 -> 0.002 | L14: =敌人目录!Q15 -> 0.01 | M14: =敌人目录!R15 -> 0 | N14: =敌人目录!S15 -> 0 | O14: =敌人目录!T15 -> 0 | P14: =敌人目录!U15 -> 0 | Q14: =敌人目录!V15 -> 0.004 | ... U14: =敌人目录!Z15 -> 0.002 | V14: =敌人目录!N15 -> 0.046 | W14: =敌人目录!AA15 -> 可回读 | X14: =敌人目录!AC15 -> res://resources/config/enemies/stone_eroded_yuanshi_insect_shell.tres
A15: 3 | B15: =敌人目录!B16 -> stone_eroded_yuanshi_insect_fast | C15: =敌人目录!G16 -> 70 | D15: =敌人目录!H16 -> 10 | E15: =敌人目录!I16 -> 150 | F15: =敌人目录!J16 -> 0 | G15: =敌人目录!K16 -> 40 | H15: =敌人目录!L16 -> 1 | I15: =敌人目录!M16 -> 1 | J15: =敌人目录!O16 -> 0.02 | K15: =敌人目录!P16 -> 0.002 | L15: =敌人目录!Q16 -> 0.01 | M15: =敌人目录!R16 -> 0 | N15: =敌人目录!S16 -> 0 | O15: =敌人目录!T16 -> 0 | P15: =敌人目录!U16 -> 0 | Q15: =敌人目录!V16 -> 0.004 | ... U15: =敌人目录!Z16 -> 0.002 | V15: =敌人目录!N16 -> 0.046 | W15: =敌人目录!AA16 -> 可回读 | X15: =敌人目录!AC16 -> res://resources/config/enemies/stone_eroded_yuanshi_insect_fast.tres
A16: 3 | B16: =敌人目录!B17 -> stone_eroded_yuanshi_insect_bomber | C16: =敌人目录!G17 -> 60 | D16: =敌人目录!H17 -> 10 | E16: =敌人目录!I17 -> 150 | F16: =敌人目录!J17 -> 0 | G16: =敌人目录!K17 -> 18 | H16: =敌人目录!L17 -> 1 | I16: =敌人目录!M17 -> 1 | J16: =敌人目录!O17 -> 0.02 | K16: =敌人目录!P17 -> 0.002 | L16: =敌人目录!Q17 -> 0.01 | M16: =敌人目录!R17 -> 0 | N16: =敌人目录!S17 -> 0 | O16: =敌人目录!T17 -> 0 | P16: =敌人目录!U17 -> 0 | Q16: =敌人目录!V17 -> 0.004 | ... U16: =敌人目录!Z17 -> 0.002 | V16: =敌人目录!N17 -> 0.046 | W16: =敌人目录!AA17 -> 可回读 | X16: =敌人目录!AC17 -> res://resources/config/enemies/stone_eroded_yuanshi_insect_bomber.tres
... A67: 3 | B67: =敌人目录!B68 -> combat_robot_main_battle_elite | C67: =敌人目录!G68 -> 800 | D67: =敌人目录!H68 -> 80 | E67: =敌人目录!I68 -> 40 | F67: =敌人目录!J68 -> 35 | G67: =敌人目录!K68 -> 28 | H67: =敌人目录!L68 -> 2 | I67: =敌人目录!M68 -> 10 | J67: =敌人目录!O68 -> 0.02 | K67: =敌人目录!P68 -> 0.002 | L67: =敌人目录!Q68 -> 0.01 | M67: =敌人目录!R68 -> 0 | N67: =敌人目录!S68 -> 0 | O67: =敌人目录!T68 -> 0 | P67: =敌人目录!U68 -> 0 | Q67: =敌人目录!V68 -> 0.004 | ... U67: =敌人目录!Z68 -> 0.002 | V67: =敌人目录!N68 -> 0.046 | W67: =敌人目录!AA68 -> 可回读 | X67: =敌人目录!AC68 -> res://resources/config/enemies/combat_robot_main_battle_elite.tres

Sheet 导入数据（勿改）
A1: 12 波导入数据｜schema v3｜机器读取区域，请勿编辑
A2: target_wave_count | B2: 12 | C2: day_count | D2: 4 | E2: boss_after_wave | F2: 12 | G2: boss_day | H2: 4
A4: schema_version | B4: wave_id | C4: wave_number | D4: day | E4: wave_in_day | F4: period | G4: display_name | H4: spawn_point_mask | I4: spawn_interval | J4: spawn_count_per_tick | K4: max_alive_enemies | L4: music_path | M4: post_wave_music_path | N4: is_placeholder | O4: enemy_slot | P4: enemy_id | Q4: count | R4: xirang_kill_reward_override | S4: row_validation
A5: 3 | B5: wave_01 | C5: 1 | D5: 1 | E5: 1 | F5: 白昼 | G5: =第1日!B3 -> 第1波 | H5: =IF(第1日!B4="点1·开启",1,0)+IF(第1日!C4="点2·开启",2,0)+IF(第1日!D4="点3·开启",4,0)+IF(第1日!E4="点4·开启",8,0)+IF(第1日!F4="点5·开启",16,0)+IF(第1日!G4="点6·开启",32,0) -> 15 | I5: =第1日!E3 -> 0.1 | J5: =第1日!G3 -> 1 | K5: =第1日!I3 -> 300 | L5: res://resources/audio/shenmu_forest_combat.ogg | M5: res://resources/audio/shenmu_forest_intermission.ogg | N5: =第1日!I4="待设计" -> FALSE | O5: 1 | P5: =IF(第1日!B7="","",IFERROR(VLOOKUP(第1日!B7,敌人目录!$A$6:$B$68,2,FALSE),"")) -> slime_basic | Q5: =IF(第1日!B7="","",第1日!C7) -> 1300 | R5: -1 | S5: =IF(第1日!B7="","",第1日!I7) -> 可回读
A6: 3 | B6: wave_01 | C6: 1 | D6: 1 | E6: 1 | F6: 白昼 | G6: =第1日!B3 -> 第1波 | H6: =IF(第1日!B4="点1·开启",1,0)+IF(第1日!C4="点2·开启",2,0)+IF(第1日!D4="点3·开启",4,0)+IF(第1日!E4="点4·开启",8,0)+IF(第1日!F4="点5·开启",16,0)+IF(第1日!G4="点6·开启",32,0) -> 15 | I6: =第1日!E3 -> 0.1 | J6: =第1日!G3 -> 1 | K6: =第1日!I3 -> 300 | L6: res://resources/audio/shenmu_forest_combat.ogg | M6: res://resources/audio/shenmu_forest_intermission.ogg | N6: =第1日!I4="待设计" -> FALSE | O6: 2 | P6: =IF(第1日!B8="","",IFERROR(VLOOKUP(第1日!B8,敌人目录!$A$6:$B$68,2,FALSE),"")) -> slime_fire | Q6: =IF(第1日!B8="","",第1日!C8) -> 400 | R6: -1 | S6: =IF(第1日!B8="","",第1日!I8) -> 可回读
A7: 3 | B7: wave_01 | C7: 1 | D7: 1 | E7: 1 | F7: 白昼 | G7: =第1日!B3 -> 第1波 | H7: =IF(第1日!B4="点1·开启",1,0)+IF(第1日!C4="点2·开启",2,0)+IF(第1日!D4="点3·开启",4,0)+IF(第1日!E4="点4·开启",8,0)+IF(第1日!F4="点5·开启",16,0)+IF(第1日!G4="点6·开启",32,0) -> 15 | I7: =第1日!E3 -> 0.1 | J7: =第1日!G3 -> 1 | K7: =第1日!I3 -> 300 | L7: res://resources/audio/shenmu_forest_combat.ogg | M7: res://resources/audio/shenmu_forest_intermission.ogg | N7: =第1日!I4="待设计" -> FALSE | O7: 3 | P7: =IF(第1日!B9="","",IFERROR(VLOOKUP(第1日!B9,敌人目录!$A$6:$B$68,2,FALSE),"")) -> yuanshi_insect_basic | Q7: =IF(第1日!B9="","",第1日!C9) -> 500 | R7: -1 | S7: =IF(第1日!B9="","",第1日!I9) -> 可回读
A8: 3 | B8: wave_01 | C8: 1 | D8: 1 | E8: 1 | F8: 白昼 | G8: =第1日!B3 -> 第1波 | H8: =IF(第1日!B4="点1·开启",1,0)+IF(第1日!C4="点2·开启",2,0)+IF(第1日!D4="点3·开启",4,0)+IF(第1日!E4="点4·开启",8,0)+IF(第1日!F4="点5·开启",16,0)+IF(第1日!G4="点6·开启",32,0) -> 15 | I8: =第1日!E3 -> 0.1 | J8: =第1日!G3 -> 1 | K8: =第1日!I3 -> 300 | L8: res://resources/audio/shenmu_forest_combat.ogg | M8: res://resources/audio/shenmu_forest_intermission.ogg | N8: =第1日!I4="待设计" -> FALSE | O8: 4 | P8: =IF(第1日!B10="","",IFERROR(VLOOKUP(第1日!B10,敌人目录!$A$6:$B$68,2,FALSE),"")) -> yuanshi_insect_fast | Q8: =IF(第1日!B10="","",第1日!C10) -> 300 | R8: -1 | S8: =IF(第1日!B10="","",第1日!I10) -> 可回读
A9: 3 | B9: wave_01 | C9: 1 | D9: 1 | E9: 1 | F9: 白昼 | G9: =第1日!B3 -> 第1波 | H9: =IF(第1日!B4="点1·开启",1,0)+IF(第1日!C4="点2·开启",2,0)+IF(第1日!D4="点3·开启",4,0)+IF(第1日!E4="点4·开启",8,0)+IF(第1日!F4="点5·开启",16,0)+IF(第1日!G4="点6·开启",32,0) -> 15 | I9: =第1日!E3 -> 0.1 | J9: =第1日!G3 -> 1 | K9: =第1日!I3 -> 300 | L9: res://resources/audio/shenmu_forest_combat.ogg | M9: res://resources/audio/shenmu_forest_intermission.ogg | N9: =第1日!I4="待设计" -> FALSE | O9: 5 | P9: =IF(第1日!B11="","",IFERROR(VLOOKUP(第1日!B11,敌人目录!$A$6:$B$68,2,FALSE),"")) -> yuanshi_insect_fire_ranged | Q9: =IF(第1日!B11="","",第1日!C11) -> 500 | R9: -1 | S9: =IF(第1日!B11="","",第1日!I11) -> 可回读
A10: 3 | B10: wave_01 | C10: 1 | D10: 1 | E10: 1 | F10: 白昼 | G10: =第1日!B3 -> 第1波 | H10: =IF(第1日!B4="点1·开启",1,0)+IF(第1日!C4="点2·开启",2,0)+IF(第1日!D4="点3·开启",4,0)+IF(第1日!E4="点4·开启",8,0)+IF(第1日!F4="点5·开启",16,0)+IF(第1日!G4="点6·开启",32,0) -> 15 | I10: =第1日!E3 -> 0.1 | J10: =第1日!G3 -> 1 | K10: =第1日!I3 -> 300 | L10: res://resources/audio/shenmu_forest_combat.ogg | M10: res://resources/audio/shenmu_forest_intermission.ogg | N10: =第1日!I4="待设计" -> FALSE | O10: 6 | P10: =IF(第1日!B12="","",IFERROR(VLOOKUP(第1日!B12,敌人目录!$A$6:$B$68,2,FALSE),"")) | Q10: =IF(第1日!B12="","",第1日!C12) | R10: -1 | S10: =IF(第1日!B12="","",第1日!I12)
A11: 3 | B11: wave_01 | C11: 1 | D11: 1 | E11: 1 | F11: 白昼 | G11: =第1日!B3 -> 第1波 | H11: =IF(第1日!B4="点1·开启",1,0)+IF(第1日!C4="点2·开启",2,0)+IF(第1日!D4="点3·开启",4,0)+IF(第1日!E4="点4·开启",8,0)+IF(第1日!F4="点5·开启",16,0)+IF(第1日!G4="点6·开启",32,0) -> 15 | I11: =第1日!E3 -> 0.1 | J11: =第1日!G3 -> 1 | K11: =第1日!I3 -> 300 | L11: res://resources/audio/shenmu_forest_combat.ogg | M11: res://resources/audio/shenmu_forest_intermission.ogg | N11: =第1日!I4="待设计" -> FALSE | O11: 7 | P11: =IF(第1日!B13="","",IFERROR(VLOOKUP(第1日!B13,敌人目录!$A$6:$B$68,2,FALSE),"")) | Q11: =IF(第1日!B13="","",第1日!C13) | R11: -1 | S11: =IF(第1日!B13="","",第1日!I13)
A12: 3 | B12: wave_01 | C12: 1 | D12: 1 | E12: 1 | F12: 白昼 | G12: =第1日!B3 -> 第1波 | H12: =IF(第1日!B4="点1·开启",1,0)+IF(第1日!C4="点2·开启",2,0)+IF(第1日!D4="点3·开启",4,0)+IF(第1日!E4="点4·开启",8,0)+IF(第1日!F4="点5·开启",16,0)+IF(第1日!G4="点6·开启",32,0) -> 15 | I12: =第1日!E3 -> 0.1 | J12: =第1日!G3 -> 1 | K12: =第1日!I3 -> 300 | L12: res://resources/audio/shenmu_forest_combat.ogg | M12: res://resources/audio/shenmu_forest_intermission.ogg | N12: =第1日!I4="待设计" -> FALSE | O12: 8 | P12: =IF(第1日!B14="","",IFERROR(VLOOKUP(第1日!B14,敌人目录!$A$6:$B$68,2,FALSE),"")) | Q12: =IF(第1日!B14="","",第1日!C14) | R12: -1 | S12: =IF(第1日!B14="","",第1日!I14)
A13: 3 | B13: wave_01 | C13: 1 | D13: 1 | E13: 1 | F13: 白昼 | G13: =第1日!B3 -> 第1波 | H13: =IF(第1日!B4="点1·开启",1,0)+IF(第1日!C4="点2·开启",2,0)+IF(第1日!D4="点3·开启",4,0)+IF(第1日!E4="点4·开启",8,0)+IF(第1日!F4="点5·开启",16,0)+IF(第1日!G4="点6·开启",32,0) -> 15 | I13: =第1日!E3 -> 0.1 | J13: =第1日!G3 -> 1 | K13: =第1日!I3 -> 300 | L13: res://resources/audio/shenmu_forest_combat.ogg | M13: res://resources/audio/shenmu_forest_intermission.ogg | N13: =第1日!I4="待设计" -> FALSE | O13: 9 | P13: =IF(第1日!B15="","",IFERROR(VLOOKUP(第1日!B15,敌人目录!$A$6:$B$68,2,FALSE),"")) | Q13: =IF(第1日!B15="","",第1日!C15) | R13: -1 | S13: =IF(第1日!B15="","",第1日!I15)
A14: 3 | B14: wave_01 | C14: 1 | D14: 1 | E14: 1 | F14: 白昼 | G14: =第1日!B3 -> 第1波 | H14: =IF(第1日!B4="点1·开启",1,0)+IF(第1日!C4="点2·开启",2,0)+IF(第1日!D4="点3·开启",4,0)+IF(第1日!E4="点4·开启",8,0)+IF(第1日!F4="点5·开启",16,0)+IF(第1日!G4="点6·开启",32,0) -> 15 | I14: =第1日!E3 -> 0.1 | J14: =第1日!G3 -> 1 | K14: =第1日!I3 -> 300 | L14: res://resources/audio/shenmu_forest_combat.ogg | M14: res://resources/audio/shenmu_forest_intermission.ogg | N14: =第1日!I4="待设计" -> FALSE | O14: 10 | P14: =IF(第1日!B16="","",IFERROR(VLOOKUP(第1日!B16,敌人目录!$A$6:$B$68,2,FALSE),"")) | Q14: =IF(第1日!B16="","",第1日!C16) | R14: -1 | S14: =IF(第1日!B16="","",第1日!I16)
A15: 3 | B15: wave_01 | C15: 1 | D15: 1 | E15: 1 | F15: 白昼 | G15: =第1日!B3 -> 第1波 | H15: =IF(第1日!B4="点1·开启",1,0)+IF(第1日!C4="点2·开启",2,0)+IF(第1日!D4="点3·开启",4,0)+IF(第1日!E4="点4·开启",8,0)+IF(第1日!F4="点5·开启",16,0)+IF(第1日!G4="点6·开启",32,0) -> 15 | I15: =第1日!E3 -> 0.1 | J15: =第1日!G3 -> 1 | K15: =第1日!I3 -> 300 | L15: res://resources/audio/shenmu_forest_combat.ogg | M15: res://resources/audio/shenmu_forest_intermission.ogg | N15: =第1日!I4="待设计" -> FALSE | O15: 11 | P15: =IF(第1日!B17="","",IFERROR(VLOOKUP(第1日!B17,敌人目录!$A$6:$B$68,2,FALSE),"")) | Q15: =IF(第1日!B17="","",第1日!C17) | R15: -1 | S15: =IF(第1日!B17="","",第1日!I17)
A16: 3 | B16: wave_01 | C16: 1 | D16: 1 | E16: 1 | F16: 白昼 | G16: =第1日!B3 -> 第1波 | H16: =IF(第1日!B4="点1·开启",1,0)+IF(第1日!C4="点2·开启",2,0)+IF(第1日!D4="点3·开启",4,0)+IF(第1日!E4="点4·开启",8,0)+IF(第1日!F4="点5·开启",16,0)+IF(第1日!G4="点6·开启",32,0) -> 15 | I16: =第1日!E3 -> 0.1 | J16: =第1日!G3 -> 1 | K16: =第1日!I3 -> 300 | L16: res://resources/audio/shenmu_forest_combat.ogg | M16: res://resources/audio/shenmu_forest_intermission.ogg | N16: =第1日!I4="待设计" -> FALSE | O16: 12 | P16: =IF(第1日!B18="","",IFERROR(VLOOKUP(第1日!B18,敌人目录!$A$6:$B$68,2,FALSE),"")) | Q16: =IF(第1日!B18="","",第1日!C18) | R16: -1 | S16: =IF(第1日!B18="","",第1日!I18)
A17: 3 | B17: wave_01 | C17: 1 | D17: 1 | E17: 1 | F17: 白昼 | G17: =第1日!B3 -> 第1波 | H17: =IF(第1日!B4="点1·开启",1,0)+IF(第1日!C4="点2·开启",2,0)+IF(第1日!D4="点3·开启",4,0)+IF(第1日!E4="点4·开启",8,0)+IF(第1日!F4="点5·开启",16,0)+IF(第1日!G4="点6·开启",32,0) -> 15 | I17: =第1日!E3 -> 0.1 | J17: =第1日!G3 -> 1 | K17: =第1日!I3 -> 300 | L17: res://resources/audio/shenmu_forest_combat.ogg | M17: res://resources/audio/shenmu_forest_intermission.ogg | N17: =第1日!I4="待设计" -> FALSE | O17: 13 | P17: =IF(第1日!B19="","",IFERROR(VLOOKUP(第1日!B19,敌人目录!$A$6:$B$68,2,FALSE),"")) | Q17: =IF(第1日!B19="","",第1日!C19) | R17: -1 | S17: =IF(第1日!B19="","",第1日!I19)
A18: 3 | B18: wave_01 | C18: 1 | D18: 1 | E18: 1 | F18: 白昼 | G18: =第1日!B3 -> 第1波 | H18: =IF(第1日!B4="点1·开启",1,0)+IF(第1日!C4="点2·开启",2,0)+IF(第1日!D4="点3·开启",4,0)+IF(第1日!E4="点4·开启",8,0)+IF(第1日!F4="点5·开启",16,0)+IF(第1日!G4="点6·开启",32,0) -> 15 | I18: =第1日!E3 -> 0.1 | J18: =第1日!G3 -> 1 | K18: =第1日!I3 -> 300 | L18: res://resources/audio/shenmu_forest_combat.ogg | M18: res://resources/audio/shenmu_forest_intermission.ogg | N18: =第1日!I4="待设计" -> FALSE | O18: 14 | P18: =IF(第1日!B20="","",IFERROR(VLOOKUP(第1日!B20,敌人目录!$A$6:$B$68,2,FALSE),"")) | Q18: =IF(第1日!B20="","",第1日!C20) | R18: -1 | S18: =IF(第1日!B20="","",第1日!I20)
A19: 3 | B19: wave_01 | C19: 1 | D19: 1 | E19: 1 | F19: 白昼 | G19: =第1日!B3 -> 第1波 | H19: =IF(第1日!B4="点1·开启",1,0)+IF(第1日!C4="点2·开启",2,0)+IF(第1日!D4="点3·开启",4,0)+IF(第1日!E4="点4·开启",8,0)+IF(第1日!F4="点5·开启",16,0)+IF(第1日!G4="点6·开启",32,0) -> 15 | I19: =第1日!E3 -> 0.1 | J19: =第1日!G3 -> 1 | K19: =第1日!I3 -> 300 | L19: res://resources/audio/shenmu_forest_combat.ogg | M19: res://resources/audio/shenmu_forest_intermission.ogg | N19: =第1日!I4="待设计" -> FALSE | O19: 15 | P19: =IF(第1日!B21="","",IFERROR(VLOOKUP(第1日!B21,敌人目录!$A$6:$B$68,2,FALSE),"")) | Q19: =IF(第1日!B21="","",第1日!C21) | R19: -1 | S19: =IF(第1日!B21="","",第1日!I21)
A20: 3 | B20: wave_01 | C20: 1 | D20: 1 | E20: 1 | F20: 白昼 | G20: =第1日!B3 -> 第1波 | H20: =IF(第1日!B4="点1·开启",1,0)+IF(第1日!C4="点2·开启",2,0)+IF(第1日!D4="点3·开启",4,0)+IF(第1日!E4="点4·开启",8,0)+IF(第1日!F4="点5·开启",16,0)+IF(第1日!G4="点6·开启",32,0) -> 15 | I20: =第1日!E3 -> 0.1 | J20: =第1日!G3 -> 1 | K20: =第1日!I3 -> 300 | L20: res://resources/audio/shenmu_forest_combat.ogg | M20: res://resources/audio/shenmu_forest_intermission.ogg | N20: =第1日!I4="待设计" -> FALSE | O20: 16 | P20: =IF(第1日!B22="","",IFERROR(VLOOKUP(第1日!B22,敌人目录!$A$6:$B$68,2,FALSE),"")) | Q20: =IF(第1日!B22="","",第1日!C22) | R20: -1 | S20: =IF(第1日!B22="","",第1日!I22)
A21: 3 | B21: wave_01 | C21: 1 | D21: 1 | E21: 1 | F21: 白昼 | G21: =第1日!B3 -> 第1波 | H21: =IF(第1日!B4="点1·开启",1,0)+IF(第1日!C4="点2·开启",2,0)+IF(第1日!D4="点3·开启",4,0)+IF(第1日!E4="点4·开启",8,0)+IF(第1日!F4="点5·开启",16,0)+IF(第1日!G4="点6·开启",32,0) -> 15 | I21: =第1日!E3 -> 0.1 | J21: =第1日!G3 -> 1 | K21: =第1日!I3 -> 300 | L21: res://resources/audio/shenmu_forest_combat.ogg | M21: res://resources/audio/shenmu_forest_intermission.ogg | N21: =第1日!I4="待设计" -> FALSE | O21: 17 | P21: =IF(第1日!B23="","",IFERROR(VLOOKUP(第1日!B23,敌人目录!$A$6:$B$68,2,FALSE),"")) | Q21: =IF(第1日!B23="","",第1日!C23) | R21: -1 | S21: =IF(第1日!B23="","",第1日!I23)
A22: 3 | B22: wave_01 | C22: 1 | D22: 1 | E22: 1 | F22: 白昼 | G22: =第1日!B3 -> 第1波 | H22: =IF(第1日!B4="点1·开启",1,0)+IF(第1日!C4="点2·开启",2,0)+IF(第1日!D4="点3·开启",4,0)+IF(第1日!E4="点4·开启",8,0)+IF(第1日!F4="点5·开启",16,0)+IF(第1日!G4="点6·开启",32,0) -> 15 | I22: =第1日!E3 -> 0.1 | J22: =第1日!G3 -> 1 | K22: =第1日!I3 -> 300 | L22: res://resources/audio/shenmu_forest_combat.ogg | M22: res://resources/audio/shenmu_forest_intermission.ogg | N22: =第1日!I4="待设计" -> FALSE | O22: 18 | P22: =IF(第1日!B24="","",IFERROR(VLOOKUP(第1日!B24,敌人目录!$A$6:$B$68,2,FALSE),"")) | Q22: =IF(第1日!B24="","",第1日!C24) | R22: -1 | S22: =IF(第1日!B24="","",第1日!I24)
A23: 3 | B23: wave_02 | C23: 2 | D23: 1 | E23: 2 | F23: 白昼 | G23: =第1日!B32 -> 第2波 | H23: =IF(第1日!B33="点1·开启",1,0)+IF(第1日!C33="点2·开启",2,0)+IF(第1日!D33="点3·开启",4,0)+IF(第1日!E33="点4·开启",8,0)+IF(第1日!F33="点5·开启",16,0)+IF(第1日!G33="点6·开启",32,0) -> 15 | I23: =第1日!E32 -> 0.1 | J23: =第1日!G32 -> 1 | K23: =第1日!I32 -> 300 | L23: res://resources/audio/shenmu_forest_combat.ogg | M23: res://resources/audio/shenmu_forest_intermission.ogg | N23: =第1日!I33="待设计" -> FALSE | O23: 1 | P23: =IF(第1日!B36="","",IFERROR(VLOOKUP(第1日!B36,敌人目录!$A$6:$B$68,2,FALSE),"")) -> slime_basic | Q23: =IF(第1日!B36="","",第1日!C36) -> 2000 | R23: -1 | S23: =IF(第1日!B36="","",第1日!I36) -> 可回读
A24: 3 | B24: wave_02 | C24: 2 | D24: 1 | E24: 2 | F24: 白昼 | G24: =第1日!B32 -> 第2波 | H24: =IF(第1日!B33="点1·开启",1,0)+IF(第1日!C33="点2·开启",2,0)+IF(第1日!D33="点3·开启",4,0)+IF(第1日!E33="点4·开启",8,0)+IF(第1日!F33="点5·开启",16,0)+IF(第1日!G33="点6·开启",32,0) -> 15 | I24: =第1日!E32 -> 0.1 | J24: =第1日!G32 -> 1 | K24: =第1日!I32 -> 300 | L24: res://resources/audio/shenmu_forest_combat.ogg | M24: res://resources/audio/shenmu_forest_intermission.ogg | N24: =第1日!I33="待设计" -> FALSE | O24: 2 | P24: =IF(第1日!B37="","",IFERROR(VLOOKUP(第1日!B37,敌人目录!$A$6:$B$68,2,FALSE),"")) -> slime_fire | Q24: =IF(第1日!B37="","",第1日!C37) -> 400 | R24: -1 | S24: =IF(第1日!B37="","",第1日!I37) -> 可回读
A25: 3 | B25: wave_02 | C25: 2 | D25: 1 | E25: 2 | F25: 白昼 | G25: =第1日!B32 -> 第2波 | H25: =IF(第1日!B33="点1·开启",1,0)+IF(第1日!C33="点2·开启",2,0)+IF(第1日!D33="点3·开启",4,0)+IF(第1日!E33="点4·开启",8,0)+IF(第1日!F33="点5·开启",16,0)+IF(第1日!G33="点6·开启",32,0) -> 15 | I25: =第1日!E32 -> 0.1 | J25: =第1日!G32 -> 1 | K25: =第1日!I32 -> 300 | L25: res://resources/audio/shenmu_forest_combat.ogg | M25: res://resources/audio/shenmu_forest_intermission.ogg | N25: =第1日!I33="待设计" -> FALSE | O25: 3 | P25: =IF(第1日!B38="","",IFERROR(VLOOKUP(第1日!B38,敌人目录!$A$6:$B$68,2,FALSE),"")) -> yuanshi_insect_basic | Q25: =IF(第1日!B38="","",第1日!C38) -> 500 | R25: -1 | S25: =IF(第1日!B38="","",第1日!I38) -> 可回读
A26: 3 | B26: wave_02 | C26: 2 | D26: 1 | E26: 2 | F26: 白昼 | G26: =第1日!B32 -> 第2波 | H26: =IF(第1日!B33="点1·开启",1,0)+IF(第1日!C33="点2·开启",2,0)+IF(第1日!D33="点3·开启",4,0)+IF(第1日!E33="点4·开启",8,0)+IF(第1日!F33="点5·开启",16,0)+IF(第1日!G33="点6·开启",32,0) -> 15 | I26: =第1日!E32 -> 0.1 | J26: =第1日!G32 -> 1 | K26: =第1日!I32 -> 300 | L26: res://resources/audio/shenmu_forest_combat.ogg | M26: res://resources/audio/shenmu_forest_intermission.ogg | N26: =第1日!I33="待设计" -> FALSE | O26: 4 | P26: =IF(第1日!B39="","",IFERROR(VLOOKUP(第1日!B39,敌人目录!$A$6:$B$68,2,FALSE),"")) -> yuanshi_insect_fast | Q26: =IF(第1日!B39="","",第1日!C39) -> 300 | R26: -1 | S26: =IF(第1日!B39="","",第1日!I39) -> 可回读
A27: 3 | B27: wave_02 | C27: 2 | D27: 1 | E27: 2 | F27: 白昼 | G27: =第1日!B32 -> 第2波 | H27: =IF(第1日!B33="点1·开启",1,0)+IF(第1日!C33="点2·开启",2,0)+IF(第1日!D33="点3·开启",4,0)+IF(第1日!E33="点4·开启",8,0)+IF(第1日!F33="点5·开启",16,0)+IF(第1日!G33="点6·开启",32,0) -> 15 | I27: =第1日!E32 -> 0.1 | J27: =第1日!G32 -> 1 | K27: =第1日!I32 -> 300 | L27: res://resources/audio/shenmu_forest_combat.ogg | M27: res://resources/audio/shenmu_forest_intermission.ogg | N27: =第1日!I33="待设计" -> FALSE | O27: 5 | P27: =IF(第1日!B40="","",IFERROR(VLOOKUP(第1日!B40,敌人目录!$A$6:$B$68,2,FALSE),"")) -> yuanshi_insect_shell | Q27: =IF(第1日!B40="","",第1日!C40) -> 200 | R27: -1 | S27: =IF(第1日!B40="","",第1日!I40) -> 可回读
A28: 3 | B28: wave_02 | C28: 2 | D28: 1 | E28: 2 | F28: 白昼 | G28: =第1日!B32 -> 第2波 | H28: =IF(第1日!B33="点1·开启",1,0)+IF(第1日!C33="点2·开启",2,0)+IF(第1日!D33="点3·开启",4,0)+IF(第1日!E33="点4·开启",8,0)+IF(第1日!F33="点5·开启",16,0)+IF(第1日!G33="点6·开启",32,0) -> 15 | I28: =第1日!E32 -> 0.1 | J28: =第1日!G32 -> 1 | K28: =第1日!I32 -> 300 | L28: res://resources/audio/shenmu_forest_combat.ogg | M28: res://resources/audio/shenmu_forest_intermission.ogg | N28: =第1日!I33="待设计" -> FALSE | O28: 6 | P28: =IF(第1日!B41="","",IFERROR(VLOOKUP(第1日!B41,敌人目录!$A$6:$B$68,2,FALSE),"")) -> yuanshi_insect_fire_ranged | Q28: =IF(第1日!B41="","",第1日!C41) -> 50 | R28: -1 | S28: =IF(第1日!B41="","",第1日!I41) -> 可回读
A29: 3 | B29: wave_02 | C29: 2 | D29: 1 | E29: 2 | F29: 白昼 | G29: =第1日!B32 -> 第2波 | H29: =IF(第1日!B33="点1·开启",1,0)+IF(第1日!C33="点2·开启",2,0)+IF(第1日!D33="点3·开启",4,0)+IF(第1日!E33="点4·开启",8,0)+IF(第1日!F33="点5·开启",16,0)+IF(第1日!G33="点6·开启",32,0) -> 15 | I29: =第1日!E32 -> 0.1 | J29: =第1日!G32 -> 1 | K29: =第1日!I32 -> 300 | L29: res://resources/audio/shenmu_forest_combat.ogg | M29: res://resources/audio/shenmu_forest_intermission.ogg | N29: =第1日!I33="待设计" -> FALSE | O29: 7 | P29: =IF(第1日!B42="","",IFERROR(VLOOKUP(第1日!B42,敌人目录!$A$6:$B$68,2,FALSE),"")) -> slime_frost | Q29: =IF(第1日!B42="","",第1日!C42) -> 400 | R29: -1 | S29: =IF(第1日!B42="","",第1日!I42) -> 可回读
A30: 3 | B30: wave_02 | C30: 2 | D30: 1 | E30: 2 | F30: 白昼 | G30: =第1日!B32 -> 第2波 | H30: =IF(第1日!B33="点1·开启",1,0)+IF(第1日!C33="点2·开启",2,0)+IF(第1日!D33="点3·开启",4,0)+IF(第1日!E33="点4·开启",8,0)+IF(第1日!F33="点5·开启",16,0)+IF(第1日!G33="点6·开启",32,0) -> 15 | I30: =第1日!E32 -> 0.1 | J30: =第1日!G32 -> 1 | K30: =第1日!I32 -> 300 | L30: res://resources/audio/shenmu_forest_combat.ogg | M30: res://resources/audio/shenmu_forest_intermission.ogg | N30: =第1日!I33="待设计" -> FALSE | O30: 8 | P30: =IF(第1日!B43="","",IFERROR(VLOOKUP(第1日!B43,敌人目录!$A$6:$B$68,2,FALSE),"")) | Q30: =IF(第1日!B43="","",第1日!C43) | R30: -1 | S30: =IF(第1日!B43="","",第1日!I43)
A31: 3 | B31: wave_02 | C31: 2 | D31: 1 | E31: 2 | F31: 白昼 | G31: =第1日!B32 -> 第2波 | H31: =IF(第1日!B33="点1·开启",1,0)+IF(第1日!C33="点2·开启",2,0)+IF(第1日!D33="点3·开启",4,0)+IF(第1日!E33="点4·开启",8,0)+IF(第1日!F33="点5·开启",16,0)+IF(第1日!G33="点6·开启",32,0) -> 15 | I31: =第1日!E32 -> 0.1 | J31: =第1日!G32 -> 1 | K31: =第1日!I32 -> 300 | L31: res://resources/audio/shenmu_forest_combat.ogg | M31: res://resources/audio/shenmu_forest_intermission.ogg | N31: =第1日!I33="待设计" -> FALSE | O31: 9 | P31: =IF(第1日!B44="","",IFERROR(VLOOKUP(第1日!B44,敌人目录!$A$6:$B$68,2,FALSE),"")) | Q31: =IF(第1日!B44="","",第1日!C44) | R31: -1 | S31: =IF(第1日!B44="","",第1日!I44)
A32: 3 | B32: wave_02 | C32: 2 | D32: 1 | E32: 2 | F32: 白昼 | G32: =第1日!B32 -> 第2波 | H32: =IF(第1日!B33="点1·开启",1,0)+IF(第1日!C33="点2·开启",2,0)+IF(第1日!D33="点3·开启",4,0)+IF(第1日!E33="点4·开启",8,0)+IF(第1日!F33="点5·开启",16,0)+IF(第1日!G33="点6·开启",32,0) -> 15 | I32: =第1日!E32 -> 0.1 | J32: =第1日!G32 -> 1 | K32: =第1日!I32 -> 300 | L32: res://resources/audio/shenmu_forest_combat.ogg | M32: res://resources/audio/shenmu_forest_intermission.ogg | N32: =第1日!I33="待设计" -> FALSE | O32: 10 | P32: =IF(第1日!B45="","",IFERROR(VLOOKUP(第1日!B45,敌人目录!$A$6:$B$68,2,FALSE),"")) | Q32: =IF(第1日!B45="","",第1日!C45) | R32: -1 | S32: =IF(第1日!B45="","",第1日!I45)
A33: 3 | B33: wave_02 | C33: 2 | D33: 1 | E33: 2 | F33: 白昼 | G33: =第1日!B32 -> 第2波 | H33: =IF(第1日!B33="点1·开启",1,0)+IF(第1日!C33="点2·开启",2,0)+IF(第1日!D33="点3·开启",4,0)+IF(第1日!E33="点4·开启",8,0)+IF(第1日!F33="点5·开启",16,0)+IF(第1日!G33="点6·开启",32,0) -> 15 | I33: =第1日!E32 -> 0.1 | J33: =第1日!G32 -> 1 | K33: =第1日!I32 -> 300 | L33: res://resources/audio/shenmu_forest_combat.ogg | M33: res://resources/audio/shenmu_forest_intermission.ogg | N33: =第1日!I33="待设计" -> FALSE | O33: 11 | P33: =IF(第1日!B46="","",IFERROR(VLOOKUP(第1日!B46,敌人目录!$A$6:$B$68,2,FALSE),"")) | Q33: =IF(第1日!B46="","",第1日!C46) | R33: -1 | S33: =IF(第1日!B46="","",第1日!I46)
A34: 3 | B34: wave_02 | C34: 2 | D34: 1 | E34: 2 | F34: 白昼 | G34: =第1日!B32 -> 第2波 | H34: =IF(第1日!B33="点1·开启",1,0)+IF(第1日!C33="点2·开启",2,0)+IF(第1日!D33="点3·开启",4,0)+IF(第1日!E33="点4·开启",8,0)+IF(第1日!F33="点5·开启",16,0)+IF(第1日!G33="点6·开启",32,0) -> 15 | I34: =第1日!E32 -> 0.1 | J34: =第1日!G32 -> 1 | K34: =第1日!I32 -> 300 | L34: res://resources/audio/shenmu_forest_combat.ogg | M34: res://resources/audio/shenmu_forest_intermission.ogg | N34: =第1日!I33="待设计" -> FALSE | O34: 12 | P34: =IF(第1日!B47="","",IFERROR(VLOOKUP(第1日!B47,敌人目录!$A$6:$B$68,2,FALSE),"")) | Q34: =IF(第1日!B47="","",第1日!C47) | R34: -1 | S34: =IF(第1日!B47="","",第1日!I47)
A35: 3 | B35: wave_02 | C35: 2 | D35: 1 | E35: 2 | F35: 白昼 | G35: =第1日!B32 -> 第2波 | H35: =IF(第1日!B33="点1·开启",1,0)+IF(第1日!C33="点2·开启",2,0)+IF(第1日!D33="点3·开启",4,0)+IF(第1日!E33="点4·开启",8,0)+IF(第1日!F33="点5·开启",16,0)+IF(第1日!G33="点6·开启",32,0) -> 15 | I35: =第1日!E32 -> 0.1 | J35: =第1日!G32 -> 1 | K35: =第1日!I32 -> 300 | L35: res://resources/audio/shenmu_forest_combat.ogg | M35: res://resources/audio/shenmu_forest_intermission.ogg | N35: =第1日!I33="待设计" -> FALSE | O35: 13 | P35: =IF(第1日!B48="","",IFERROR(VLOOKUP(第1日!B48,敌人目录!$A$6:$B$68,2,FALSE),"")) | Q35: =IF(第1日!B48="","",第1日!C48) | R35: -1 | S35: =IF(第1日!B48="","",第1日!I48)
A36: 3 | B36: wave_02 | C36: 2 | D36: 1 | E36: 2 | F36: 白昼 | G36: =第1日!B32 -> 第2波 | H36: =IF(第1日!B33="点1·开启",1,0)+IF(第1日!C33="点2·开启",2,0)+IF(第1日!D33="点3·开启",4,0)+IF(第1日!E33="点4·开启",8,0)+IF(第1日!F33="点5·开启",16,0)+IF(第1日!G33="点6·开启",32,0) -> 15 | I36: =第1日!E32 -> 0.1 | J36: =第1日!G32 -> 1 | K36: =第1日!I32 -> 300 | L36: res://resources/audio/shenmu_forest_combat.ogg | M36: res://resources/audio/shenmu_forest_intermission.ogg | N36: =第1日!I33="待设计" -> FALSE | O36: 14 | P36: =IF(第1日!B49="","",IFERROR(VLOOKUP(第1日!B49,敌人目录!$A$6:$B$68,2,FALSE),"")) | Q36: =IF(第1日!B49="","",第1日!C49) | R36: -1 | S36: =IF(第1日!B49="","",第1日!I49)
A37: 3 | B37: wave_02 | C37: 2 | D37: 1 | E37: 2 | F37: 白昼 | G37: =第1日!B32 -> 第2波 | H37: =IF(第1日!B33="点1·开启",1,0)+IF(第1日!C33="点2·开启",2,0)+IF(第1日!D33="点3·开启",4,0)+IF(第1日!E33="点4·开启",8,0)+IF(第1日!F33="点5·开启",16,0)+IF(第1日!G33="点6·开启",32,0) -> 15 | I37: =第1日!E32 -> 0.1 | J37: =第1日!G32 -> 1 | K37: =第1日!I32 -> 300 | L37: res://resources/audio/shenmu_forest_combat.ogg | M37: res://resources/audio/shenmu_forest_intermission.ogg | N37: =第1日!I33="待设计" -> FALSE | O37: 15 | P37: =IF(第1日!B50="","",IFERROR(VLOOKUP(第1日!B50,敌人目录!$A$6:$B$68,2,FALSE),"")) | Q37: =IF(第1日!B50="","",第1日!C50) | R37: -1 | S37: =IF(第1日!B50="","",第1日!I50)
A38: 3 | B38: wave_02 | C38: 2 | D38: 1 | E38: 2 | F38: 白昼 | G38: =第1日!B32 -> 第2波 | H38: =IF(第1日!B33="点1·开启",1,0)+IF(第1日!C33="点2·开启",2,0)+IF(第1日!D33="点3·开启",4,0)+IF(第1日!E33="点4·开启",8,0)+IF(第1日!F33="点5·开启",16,0)+IF(第1日!G33="点6·开启",32,0) -> 15 | I38: =第1日!E32 -> 0.1 | J38: =第1日!G32 -> 1 | K38: =第1日!I32 -> 300 | L38: res://resources/audio/shenmu_forest_combat.ogg | M38: res://resources/audio/shenmu_forest_intermission.ogg | N38: =第1日!I33="待设计" -> FALSE | O38: 16 | P38: =IF(第1日!B51="","",IFERROR(VLOOKUP(第1日!B51,敌人目录!$A$6:$B$68,2,FALSE),"")) | Q38: =IF(第1日!B51="","",第1日!C51) | R38: -1 | S38: =IF(第1日!B51="","",第1日!I51)
A39: 3 | B39: wave_02 | C39: 2 | D39: 1 | E39: 2 | F39: 白昼 | G39: =第1日!B32 -> 第2波 | H39: =IF(第1日!B33="点1·开启",1,0)+IF(第1日!C33="点2·开启",2,0)+IF(第1日!D33="点3·开启",4,0)+IF(第1日!E33="点4·开启",8,0)+IF(第1日!F33="点5·开启",16,0)+IF(第1日!G33="点6·开启",32,0) -> 15 | I39: =第1日!E32 -> 0.1 | J39: =第1日!G32 -> 1 | K39: =第1日!I32 -> 300 | L39: res://resources/audio/shenmu_forest_combat.ogg | M39: res://resources/audio/shenmu_forest_intermission.ogg | N39: =第1日!I33="待设计" -> FALSE | O39: 17 | P39: =IF(第1日!B52="","",IFERROR(VLOOKUP(第1日!B52,敌人目录!$A$6:$B$68,2,FALSE),"")) | Q39: =IF(第1日!B52="","",第1日!C52) | R39: -1 | S39: =IF(第1日!B52="","",第1日!I52)
A40: 3 | B40: wave_02 | C40: 2 | D40: 1 | E40: 2 | F40: 白昼 | G40: =第1日!B32 -> 第2波 | H40: =IF(第1日!B33="点1·开启",1,0)+IF(第1日!C33="点2·开启",2,0)+IF(第1日!D33="点3·开启",4,0)+IF(第1日!E33="点4·开启",8,0)+IF(第1日!F33="点5·开启",16,0)+IF(第1日!G33="点6·开启",32,0) -> 15 | I40: =第1日!E32 -> 0.1 | J40: =第1日!G32 -> 1 | K40: =第1日!I32 -> 300 | L40: res://resources/audio/shenmu_forest_combat.ogg | M40: res://resources/audio/shenmu_forest_intermission.ogg | N40: =第1日!I33="待设计" -> FALSE | O40: 18 | P40: =IF(第1日!B53="","",IFERROR(VLOOKUP(第1日!B53,敌人目录!$A$6:$B$68,2,FALSE),"")) | Q40: =IF(第1日!B53="","",第1日!C53) | R40: -1 | S40: =IF(第1日!B53="","",第1日!I53)
A41: 3 | B41: wave_03 | C41: 3 | D41: 1 | E41: 3 | F41: 夜晚 | G41: =第1日!B61 -> 第3波 | H41: =IF(第1日!B62="点1·开启",1,0)+IF(第1日!C62="点2·开启",2,0)+IF(第1日!D62="点3·开启",4,0)+IF(第1日!E62="点4·开启",8,0)+IF(第1日!F62="点5·开启",16,0)+IF(第1日!G62="点6·开启",32,0) -> 63 | I41: =第1日!E61 -> 0.1 | J41: =第1日!G61 -> 2 | K41: =第1日!I61 -> 300 | L41: res://resources/audio/shenmu_forest_combat.ogg | M41: res://resources/audio/shenmu_forest_intermission.ogg | N41: =第1日!I62="待设计" -> FALSE | O41: 1 | P41: =IF(第1日!B65="","",IFERROR(VLOOKUP(第1日!B65,敌人目录!$A$6:$B$68,2,FALSE),"")) -> yuanshi_insect_guardian | Q41: =IF(第1日!B65="","",第1日!C65) -> 50 | R41: -1 | S41: =IF(第1日!B65="","",第1日!I65) -> 可回读
A42: 3 | B42: wave_03 | C42: 3 | D42: 1 | E42: 3 | F42: 夜晚 | G42: =第1日!B61 -> 第3波 | H42: =IF(第1日!B62="点1·开启",1,0)+IF(第1日!C62="点2·开启",2,0)+IF(第1日!D62="点3·开启",4,0)+IF(第1日!E62="点4·开启",8,0)+IF(第1日!F62="点5·开启",16,0)+IF(第1日!G62="点6·开启",32,0) -> 63 | I42: =第1日!E61 -> 0.1 | J42: =第1日!G61 -> 2 | K42: =第1日!I61 -> 300 | L42: res://resources/audio/shenmu_forest_combat.ogg | M42: res://resources/audio/shenmu_forest_intermission.ogg | N42: =第1日!I62="待设计" -> FALSE | O42: 2 | P42: =IF(第1日!B66="","",IFERROR(VLOOKUP(第1日!B66,敌人目录!$A$6:$B$68,2,FALSE),"")) -> yuanshi_insect_basic | Q42: =IF(第1日!B66="","",第1日!C66) -> 500 | R42: -1 | S42: =IF(第1日!B66="","",第1日!I66) -> 可回读
A43: 3 | B43: wave_03 | C43: 3 | D43: 1 | E43: 3 | F43: 夜晚 | G43: =第1日!B61 -> 第3波 | H43: =IF(第1日!B62="点1·开启",1,0)+IF(第1日!C62="点2·开启",2,0)+IF(第1日!D62="点3·开启",4,0)+IF(第1日!E62="点4·开启",8,0)+IF(第1日!F62="点5·开启",16,0)+IF(第1日!G62="点6·开启",32,0) -> 63 | I43: =第1日!E61 -> 0.1 | J43: =第1日!G61 -> 2 | K43: =第1日!I61 -> 300 | L43: res://resources/audio/shenmu_forest_combat.ogg | M43: res://resources/audio/shenmu_forest_intermission.ogg | N43: =第1日!I62="待设计" -> FALSE | O43: 3 | P43: =IF(第1日!B67="","",IFERROR(VLOOKUP(第1日!B67,敌人目录!$A$6:$B$68,2,FALSE),"")) -> yuanshi_insect_shell | Q43: =IF(第1日!B67="","",第1日!C67) -> 1000 | R43: -1 | S43: =IF(第1日!B67="","",第1日!I67) -> 可回读
A44: 3 | B44: wave_03 | C44: 3 | D44: 1 | E44: 3 | F44: 夜晚 | G44: =第1日!B61 -> 第3波 | H44: =IF(第1日!B62="点1·开启",1,0)+IF(第1日!C62="点2·开启",2,0)+IF(第1日!D62="点3·开启",4,0)+IF(第1日!E62="点4·开启",8,0)+IF(第1日!F62="点5·开启",16,0)+IF(第1日!G62="点6·开启",32,0) -> 63 | I44: =第1日!E61 -> 0.1 | J44: =第1日!G61 -> 2 | K44: =第1日!I61 -> 300 | L44: res://resources/audio/shenmu_forest_combat.ogg | M44: res://resources/audio/shenmu_forest_intermission.ogg | N44: =第1日!I62="待设计" -> FALSE | O44: 4 | P44: =IF(第1日!B68="","",IFERROR(VLOOKUP(第1日!B68,敌人目录!$A$6:$B$68,2,FALSE),"")) -> yuanshi_insect_bomber | Q44: =IF(第1日!B68="","",第1日!C68) -> 400 | R44: -1 | S44: =IF(第1日!B68="","",第1日!I68) -> 可回读
A45: 3 | B45: wave_03 | C45: 3 | D45: 1 | E45: 3 | F45: 夜晚 | G45: =第1日!B61 -> 第3波 | H45: =IF(第1日!B62="点1·开启",1,0)+IF(第1日!C62="点2·开启",2,0)+IF(第1日!D62="点3·开启",4,0)+IF(第1日!E62="点4·开启",8,0)+IF(第1日!F62="点5·开启",16,0)+IF(第1日!G62="点6·开启",32,0) -> 63 | I45: =第1日!E61 -> 0.1 | J45: =第1日!G61 -> 2 | K45: =第1日!I61 -> 300 | L45: res://resources/audio/shenmu_forest_combat.ogg | M45: res://resources/audio/shenmu_forest_intermission.ogg | N45: =第1日!I62="待设计" -> FALSE | O45: 5 | P45: =IF(第1日!B69="","",IFERROR(VLOOKUP(第1日!B69,敌人目录!$A$6:$B$68,2,FALSE),"")) -> slime_green | Q45: =IF(第1日!B69="","",第1日!C69) -> 100 | R45: -1 | S45: =IF(第1日!B69="","",第1日!I69) -> 可回读
A46: 3 | B46: wave_03 | C46: 3 | D46: 1 | E46: 3 | F46: 夜晚 | G46: =第1日!B61 -> 第3波 | H46: =IF(第1日!B62="点1·开启",1,0)+IF(第1日!C62="点2·开启",2,0)+IF(第1日!D62="点3·开启",4,0)+IF(第1日!E62="点4·开启",8,0)+IF(第1日!F62="点5·开启",16,0)+IF(第1日!G62="点6·开启",32,0) -> 63 | I46: =第1日!E61 -> 0.1 | J46: =第1日!G61 -> 2 | K46: =第1日!I61 -> 300 | L46: res://resources/audio/shenmu_forest_combat.ogg | M46: res://resources/audio/shenmu_forest_intermission.ogg | N46: =第1日!I62="待设计" -> FALSE | O46: 6 | P46: =IF(第1日!B70="","",IFERROR(VLOOKUP(第1日!B70,敌人目录!$A$6:$B$68,2,FALSE),"")) -> slime_frost | Q46: =IF(第1日!B70="","",第1日!C70) -> 400 | R46: -1 | S46: =IF(第1日!B70="","",第1日!I70) -> 可回读
A47: 3 | B47: wave_03 | C47: 3 | D47: 1 | E47: 3 | F47: 夜晚 | G47: =第1日!B61 -> 第3波 | H47: =IF(第1日!B62="点1·开启",1,0)+IF(第1日!C62="点2·开启",2,0)+IF(第1日!D62="点3·开启",4,0)+IF(第1日!E62="点4·开启",8,0)+IF(第1日!F62="点5·开启",16,0)+IF(第1日!G62="点6·开启",32,0) -> 63 | I47: =第1日!E61 -> 0.1 | J47: =第1日!G61 -> 2 | K47: =第1日!I61 -> 300 | L47: res://resources/audio/shenmu_forest_combat.ogg | M47: res://resources/audio/shenmu_forest_intermission.ogg | N47: =第1日!I62="待设计" -> FALSE | O47: 7 | P47: =IF(第1日!B71="","",IFERROR(VLOOKUP(第1日!B71,敌人目录!$A$6:$B$68,2,FALSE),"")) -> yuanshi_insect_fire_ranged | Q47: =IF(第1日!B71="","",第1日!C71) -> 500 | R47: -1 | S47: =IF(第1日!B71="","",第1日!I71) -> 可回读
A48: 3 | B48: wave_03 | C48: 3 | D48: 1 | E48: 3 | F48: 夜晚 | G48: =第1日!B61 -> 第3波 | H48: =IF(第1日!B62="点1·开启",1,0)+IF(第1日!C62="点2·开启",2,0)+IF(第1日!D62="点3·开启",4,0)+IF(第1日!E62="点4·开启",8,0)+IF(第1日!F62="点5·开启",16,0)+IF(第1日!G62="点6·开启",32,0) -> 63 | I48: =第1日!E61 -> 0.1 | J48: =第1日!G61 -> 2 | K48: =第1日!I61 -> 300 | L48: res://resources/audio/shenmu_forest_combat.ogg | M48: res://resources/audio/shenmu_forest_intermission.ogg | N48: =第1日!I62="待设计" -> FALSE | O48: 8 | P48: =IF(第1日!B72="","",IFERROR(VLOOKUP(第1日!B72,敌人目录!$A$6:$B$68,2,FALSE),"")) -> slime_basic | Q48: =IF(第1日!B72="","",第1日!C72) -> 500 | R48: -1 | S48: =IF(第1日!B72="","",第1日!I72) -> 可回读
A49: 3 | B49: wave_03 | C49: 3 | D49: 1 | E49: 3 | F49: 夜晚 | G49: =第1日!B61 -> 第3波 | H49: =IF(第1日!B62="点1·开启",1,0)+IF(第1日!C62="点2·开启",2,0)+IF(第1日!D62="点3·开启",4,0)+IF(第1日!E62="点4·开启",8,0)+IF(第1日!F62="点5·开启",16,0)+IF(第1日!G62="点6·开启",32,0) -> 63 | I49: =第1日!E61 -> 0.1 | J49: =第1日!G61 -> 2 | K49: =第1日!I61 -> 300 | L49: res://resources/audio/shenmu_forest_combat.ogg | M49: res://resources/audio/shenmu_forest_intermission.ogg | N49: =第1日!I62="待设计" -> FALSE | O49: 9 | P49: =IF(第1日!B73="","",IFERROR(VLOOKUP(第1日!B73,敌人目录!$A$6:$B$68,2,FALSE),"")) -> yuanshi_insect_purple_bomber | Q49: =IF(第1日!B73="","",第1日!C73) -> 20 | R49: -1 | S49: =IF(第1日!B73="","",第1日!I73) -> 可回读
A50: 3 | B50: wave_03 | C50: 3 | D50: 1 | E50: 3 | F50: 夜晚 | G50: =第1日!B61 -> 第3波 | H50: =IF(第1日!B62="点1·开启",1,0)+IF(第1日!C62="点2·开启",2,0)+IF(第1日!D62="点3·开启",4,0)+IF(第1日!E62="点4·开启",8,0)+IF(第1日!F62="点5·开启",16,0)+IF(第1日!G62="点6·开启",32,0) -> 63 | I50: =第1日!E61 -> 0.1 | J50: =第1日!G61 -> 2 | K50: =第1日!I61 -> 300 | L50: res://resources/audio/shenmu_forest_combat.ogg | M50: res://resources/audio/shenmu_forest_intermission.ogg | N50: =第1日!I62="待设计" -> FALSE | O50: 10 | P50: =IF(第1日!B74="","",IFERROR(VLOOKUP(第1日!B74,敌人目录!$A$6:$B$68,2,FALSE),"")) | Q50: =IF(第1日!B74="","",第1日!C74) | R50: -1 | S50: =IF(第1日!B74="","",第1日!I74)
A51: 3 | B51: wave_03 | C51: 3 | D51: 1 | E51: 3 | F51: 夜晚 | G51: =第1日!B61 -> 第3波 | H51: =IF(第1日!B62="点1·开启",1,0)+IF(第1日!C62="点2·开启",2,0)+IF(第1日!D62="点3·开启",4,0)+IF(第1日!E62="点4·开启",8,0)+IF(第1日!F62="点5·开启",16,0)+IF(第1日!G62="点6·开启",32,0) -> 63 | I51: =第1日!E61 -> 0.1 | J51: =第1日!G61 -> 2 | K51: =第1日!I61 -> 300 | L51: res://resources/audio/shenmu_forest_combat.ogg | M51: res://resources/audio/shenmu_forest_intermission.ogg | N51: =第1日!I62="待设计" -> FALSE | O51: 11 | P51: =IF(第1日!B75="","",IFERROR(VLOOKUP(第1日!B75,敌人目录!$A$6:$B$68,2,FALSE),"")) | Q51: =IF(第1日!B75="","",第1日!C75) | R51: -1 | S51: =IF(第1日!B75="","",第1日!I75)
A52: 3 | B52: wave_03 | C52: 3 | D52: 1 | E52: 3 | F52: 夜晚 | G52: =第1日!B61 -> 第3波 | H52: =IF(第1日!B62="点1·开启",1,0)+IF(第1日!C62="点2·开启",2,0)+IF(第1日!D62="点3·开启",4,0)+IF(第1日!E62="点4·开启",8,0)+IF(第1日!F62="点5·开启",16,0)+IF(第1日!G62="点6·开启",32,0) -> 63 | I52: =第1日!E61 -> 0.1 | J52: =第1日!G61 -> 2 | K52: =第1日!I61 -> 300 | L52: res://resources/audio/shenmu_forest_combat.ogg | M52: res://resources/audio/shenmu_forest_intermission.ogg | N52: =第1日!I62="待设计" -> FALSE | O52: 12 | P52: =IF(第1日!B76="","",IFERROR(VLOOKUP(第1日!B76,敌人目录!$A$6:$B$68,2,FALSE),"")) | Q52: =IF(第1日!B76="","",第1日!C76) | R52: -1 | S52: =IF(第1日!B76="","",第1日!I76)
A53: 3 | B53: wave_03 | C53: 3 | D53: 1 | E53: 3 | F53: 夜晚 | G53: =第1日!B61 -> 第3波 | H53: =IF(第1日!B62="点1·开启",1,0)+IF(第1日!C62="点2·开启",2,0)+IF(第1日!D62="点3·开启",4,0)+IF(第1日!E62="点4·开启",8,0)+IF(第1日!F62="点5·开启",16,0)+IF(第1日!G62="点6·开启",32,0) -> 63 | I53: =第1日!E61 -> 0.1 | J53: =第1日!G61 -> 2 | K53: =第1日!I61 -> 300 | L53: res://resources/audio/shenmu_forest_combat.ogg | M53: res://resources/audio/shenmu_forest_intermission.ogg | N53: =第1日!I62="待设计" -> FALSE | O53: 13 | P53: =IF(第1日!B77="","",IFERROR(VLOOKUP(第1日!B77,敌人目录!$A$6:$B$68,2,FALSE),"")) | Q53: =IF(第1日!B77="","",第1日!C77) | R53: -1 | S53: =IF(第1日!B77="","",第1日!I77)
A54: 3 | B54: wave_03 | C54: 3 | D54: 1 | E54: 3 | F54: 夜晚 | G54: =第1日!B61 -> 第3波 | H54: =IF(第1日!B62="点1·开启",1,0)+IF(第1日!C62="点2·开启",2,0)+IF(第1日!D62="点3·开启",4,0)+IF(第1日!E62="点4·开启",8,0)+IF(第1日!F62="点5·开启",16,0)+IF(第1日!G62="点6·开启",32,0) -> 63 | I54: =第1日!E61 -> 0.1 | J54: =第1日!G61 -> 2 | K54: =第1日!I61 -> 300 | L54: res://resources/audio/shenmu_forest_combat.ogg | M54: res://resources/audio/shenmu_forest_intermission.ogg | N54: =第1日!I62="待设计" -> FALSE | O54: 14 | P54: =IF(第1日!B78="","",IFERROR(VLOOKUP(第1日!B78,敌人目录!$A$6:$B$68,2,FALSE),"")) | Q54: =IF(第1日!B78="","",第1日!C78) | R54: -1 | S54: =IF(第1日!B78="","",第1日!I78)
A55: 3 | B55: wave_03 | C55: 3 | D55: 1 | E55: 3 | F55: 夜晚 | G55: =第1日!B61 -> 第3波 | H55: =IF(第1日!B62="点1·开启",1,0)+IF(第1日!C62="点2·开启",2,0)+IF(第1日!D62="点3·开启",4,0)+IF(第1日!E62="点4·开启",8,0)+IF(第1日!F62="点5·开启",16,0)+IF(第1日!G62="点6·开启",32,0) -> 63 | I55: =第1日!E61 -> 0.1 | J55: =第1日!G61 -> 2 | K55: =第1日!I61 -> 300 | L55: res://resources/audio/shenmu_forest_combat.ogg | M55: res://resources/audio/shenmu_forest_intermission.ogg | N55: =第1日!I62="待设计" -> FALSE | O55: 15 | P55: =IF(第1日!B79="","",IFERROR(VLOOKUP(第1日!B79,敌人目录!$A$6:$B$68,2,FALSE),"")) | Q55: =IF(第1日!B79="","",第1日!C79) | R55: -1 | S55: =IF(第1日!B79="","",第1日!I79)
A56: 3 | B56: wave_03 | C56: 3 | D56: 1 | E56: 3 | F56: 夜晚 | G56: =第1日!B61 -> 第3波 | H56: =IF(第1日!B62="点1·开启",1,0)+IF(第1日!C62="点2·开启",2,0)+IF(第1日!D62="点3·开启",4,0)+IF(第1日!E62="点4·开启",8,0)+IF(第1日!F62="点5·开启",16,0)+IF(第1日!G62="点6·开启",32,0) -> 63 | I56: =第1日!E61 -> 0.1 | J56: =第1日!G61 -> 2 | K56: =第1日!I61 -> 300 | L56: res://resources/audio/shenmu_forest_combat.ogg | M56: res://resources/audio/shenmu_forest_intermission.ogg | N56: =第1日!I62="待设计" -> FALSE | O56: 16 | P56: =IF(第1日!B80="","",IFERROR(VLOOKUP(第1日!B80,敌人目录!$A$6:$B$68,2,FALSE),"")) | Q56: =IF(第1日!B80="","",第1日!C80) | R56: -1 | S56: =IF(第1日!B80="","",第1日!I80)
A57: 3 | B57: wave_03 | C57: 3 | D57: 1 | E57: 3 | F57: 夜晚 | G57: =第1日!B61 -> 第3波 | H57: =IF(第1日!B62="点1·开启",1,0)+IF(第1日!C62="点2·开启",2,0)+IF(第1日!D62="点3·开启",4,0)+IF(第1日!E62="点4·开启",8,0)+IF(第1日!F62="点5·开启",16,0)+IF(第1日!G62="点6·开启",32,0) -> 63 | I57: =第1日!E61 -> 0.1 | J57: =第1日!G61 -> 2 | K57: =第1日!I61 -> 300 | L57: res://resources/audio/shenmu_forest_combat.ogg | M57: res://resources/audio/shenmu_forest_intermission.ogg | N57: =第1日!I62="待设计" -> FALSE | O57: 17 | P57: =IF(第1日!B81="","",IFERROR(VLOOKUP(第1日!B81,敌人目录!$A$6:$B$68,2,FALSE),"")) | Q57: =IF(第1日!B81="","",第1日!C81) | R57: -1 | S57: =IF(第1日!B81="","",第1日!I81)
A58: 3 | B58: wave_03 | C58: 3 | D58: 1 | E58: 3 | F58: 夜晚 | G58: =第1日!B61 -> 第3波 | H58: =IF(第1日!B62="点1·开启",1,0)+IF(第1日!C62="点2·开启",2,0)+IF(第1日!D62="点3·开启",4,0)+IF(第1日!E62="点4·开启",8,0)+IF(第1日!F62="点5·开启",16,0)+IF(第1日!G62="点6·开启",32,0) -> 63 | I58: =第1日!E61 -> 0.1 | J58: =第1日!G61 -> 2 | K58: =第1日!I61 -> 300 | L58: res://resources/audio/shenmu_forest_combat.ogg | M58: res://resources/audio/shenmu_forest_intermission.ogg | N58: =第1日!I62="待设计" -> FALSE | O58: 18 | P58: =IF(第1日!B82="","",IFERROR(VLOOKUP(第1日!B82,敌人目录!$A$6:$B$68,2,FALSE),"")) | Q58: =IF(第1日!B82="","",第1日!C82) | R58: -1 | S58: =IF(第1日!B82="","",第1日!I82)
A59: 3 | B59: wave_04 | C59: 4 | D59: 1 | E59: 4 | F59: 夜晚 | G59: =第1日!B90 -> 第4波 | H59: =IF(第1日!B91="点1·开启",1,0)+IF(第1日!C91="点2·开启",2,0)+IF(第1日!D91="点3·开启",4,0)+IF(第1日!E91="点4·开启",8,0)+IF(第1日!F91="点5·开启",16,0)+IF(第1日!G91="点6·开启",32,0) -> 63 | I59: =第1日!E90 -> 0.1 | J59: =第1日!G90 -> 3 | K59: =第1日!I90 -> 300 | L59: res://resources/audio/shenmu_forest_combat.ogg | M59: res://resources/audio/shenmu_forest_intermission.ogg | N59: =第1日!I91="待设计" -> FALSE | O59: 1 | P59: =IF(第1日!B94="","",IFERROR(VLOOKUP(第1日!B94,敌人目录!$A$6:$B$68,2,FALSE),"")) -> yuanshi_insect_basic | Q59: =IF(第1日!B94="","",第1日!C94) -> 500 | R59: -1 | S59: =IF(第1日!B94="","",第1日!I94) -> 可回读
A60: 3 | B60: wave_04 | C60: 4 | D60: 1 | E60: 4 | F60: 夜晚 | G60: =第1日!B90 -> 第4波 | H60: =IF(第1日!B91="点1·开启",1,0)+IF(第1日!C91="点2·开启",2,0)+IF(第1日!D91="点3·开启",4,0)+IF(第1日!E91="点4·开启",8,0)+IF(第1日!F91="点5·开启",16,0)+IF(第1日!G91="点6·开启",32,0) -> 63 | I60: =第1日!E90 -> 0.1 | J60: =第1日!G90 -> 3 | K60: =第1日!I90 -> 300 | L60: res://resources/audio/shenmu_forest_combat.ogg | M60: res://resources/audio/shenmu_forest_intermission.ogg | N60: =第1日!I91="待设计" -> FALSE | O60: 2 | P60: =IF(第1日!B95="","",IFERROR(VLOOKUP(第1日!B95,敌人目录!$A$6:$B$68,2,FALSE),"")) -> yuanshi_insect_green_shell | Q60: =IF(第1日!B95="","",第1日!C95) -> 10 | R60: -1 | S60: =IF(第1日!B95="","",第1日!I95) -> 可回读
A61: 3 | B61: wave_04 | C61: 4 | D61: 1 | E61: 4 | F61: 夜晚 | G61: =第1日!B90 -> 第4波 | H61: =IF(第1日!B91="点1·开启",1,0)+IF(第1日!C91="点2·开启",2,0)+IF(第1日!D91="点3·开启",4,0)+IF(第1日!E91="点4·开启",8,0)+IF(第1日!F91="点5·开启",16,0)+IF(第1日!G91="点6·开启",32,0) -> 63 | I61: =第1日!E90 -> 0.1 | J61: =第1日!G90 -> 3 | K61: =第1日!I90 -> 300 | L61: res://resources/audio/shenmu_forest_combat.ogg | M61: res://resources/audio/shenmu_forest_intermission.ogg | N61: =第1日!I91="待设计" -> FALSE | O61: 3 | P61: =IF(第1日!B96="","",IFERROR(VLOOKUP(第1日!B96,敌人目录!$A$6:$B$68,2,FALSE),"")) -> yuanshi_insect_guardian | Q61: =IF(第1日!B96="","",第1日!C96) -> 10 | R61: -1 | S61: =IF(第1日!B96="","",第1日!I96) -> 可回读
A62: 3 | B62: wave_04 | C62: 4 | D62: 1 | E62: 4 | F62: 夜晚 | G62: =第1日!B90 -> 第4波 | H62: =IF(第1日!B91="点1·开启",1,0)+IF(第1日!C91="点2·开启",2,0)+IF(第1日!D91="点3·开启",4,0)+IF(第1日!E91="点4·开启",8,0)+IF(第1日!F91="点5·开启",16,0)+IF(第1日!G91="点6·开启",32,0) -> 63 | I62: =第1日!E90 -> 0.1 | J62: =第1日!G90 -> 3 | K62: =第1日!I90 -> 300 | L62: res://resources/audio/shenmu_forest_combat.ogg | M62: res://resources/audio/shenmu_forest_intermission.ogg | N62: =第1日!I91="待设计" -> FALSE | O62: 4 | P62: =IF(第1日!B97="","",IFERROR(VLOOKUP(第1日!B97,敌人目录!$A$6:$B$68,2,FALSE),"")) -> yuanshi_insect_bomber | Q62: =IF(第1日!B97="","",第1日!C97) -> 200 | R62: -1 | S62: =IF(第1日!B97="","",第1日!I97) -> 可回读
A63: 3 | B63: wave_04 | C63: 4 | D63: 1 | E63: 4 | F63: 夜晚 | G63: =第1日!B90 -> 第4波 | H63: =IF(第1日!B91="点1·开启",1,0)+IF(第1日!C91="点2·开启",2,0)+IF(第1日!D91="点3·开启",4,0)+IF(第1日!E91="点4·开启",8,0)+IF(第1日!F91="点5·开启",16,0)+IF(第1日!G91="点6·开启",32,0) -> 63 | I63: =第1日!E90 -> 0.1 | J63: =第1日!G90 -> 3 | K63: =第1日!I90 -> 300 | L63: res://resources/audio/shenmu_forest_combat.ogg | M63: res://resources/audio/shenmu_forest_intermission.ogg | N63: =第1日!I91="待设计" -> FALSE | O63: 5 | P63: =IF(第1日!B98="","",IFERROR(VLOOKUP(第1日!B98,敌人目录!$A$6:$B$68,2,FALSE),"")) -> yuanshi_insect_shell | Q63: =IF(第1日!B98="","",第1日!C98) -> 800 | R63: -1 | S63: =IF(第1日!B98="","",第1日!I98) -> 可回读
A64: 3 | B64: wave_04 | C64: 4 | D64: 1 | E64: 4 | F64: 夜晚 | G64: =第1日!B90 -> 第4波 | H64: =IF(第1日!B91="点1·开启",1,0)+IF(第1日!C91="点2·开启",2,0)+IF(第1日!D91="点3·开启",4,0)+IF(第1日!E91="点4·开启",8,0)+IF(第1日!F91="点5·开启",16,0)+IF(第1日!G91="点6·开启",32,0) -> 63 | I64: =第1日!E90 -> 0.1 | J64: =第1日!G90 -> 3 | K64: =第1日!I90 -> 300 | L64: res://resources/audio/shenmu_forest_combat.ogg | M64: res://resources/audio/shenmu_forest_intermission.ogg | N64: =第1日!I91="待设计" -> FALSE | O64: 6 | P64: =IF(第1日!B99="","",IFERROR(VLOOKUP(第1日!B99,敌人目录!$A$6:$B$68,2,FALSE),"")) -> slime_golden | Q64: =IF(第1日!B99="","",第1日!C99) -> 100 | R64: -1 | S64: =IF(第1日!B99="","",第1日!I99) -> 可回读
A65: 3 | B65: wave_04 | C65: 4 | D65: 1 | E65: 4 | F65: 夜晚 | G65: =第1日!B90 -> 第4波 | H65: =IF(第1日!B91="点1·开启",1,0)+IF(第1日!C91="点2·开启",2,0)+IF(第1日!D91="点3·开启",4,0)+IF(第1日!E91="点4·开启",8,0)+IF(第1日!F91="点5·开启",16,0)+IF(第1日!G91="点6·开启",32,0) -> 63 | I65: =第1日!E90 -> 0.1 | J65: =第1日!G90 -> 3 | K65: =第1日!I90 -> 300 | L65: res://resources/audio/shenmu_forest_combat.ogg | M65: res://resources/audio/shenmu_forest_intermission.ogg | N65: =第1日!I91="待设计" -> FALSE | O65: 7 | P65: =IF(第1日!B100="","",IFERROR(VLOOKUP(第1日!B100,敌人目录!$A$6:$B$68,2,FALSE),"")) -> capoo_smg | Q65: =IF(第1日!B100="","",第1日!C100) -> 10 | R65: -1 | S65: =IF(第1日!B100="","",第1日!I100) -> 可回读
A66: 3 | B66: wave_04 | C66: 4 | D66: 1 | E66: 4 | F66: 夜晚 | G66: =第1日!B90 -> 第4波 | H66: =IF(第1日!B91="点1·开启",1,0)+IF(第1日!C91="点2·开启",2,0)+IF(第1日!D91="点3·开启",4,0)+IF(第1日!E91="点4·开启",8,0)+IF(第1日!F91="点5·开启",16,0)+IF(第1日!G91="点6·开启",32,0) -> 63 | I66: =第1日!E90 -> 0.1 | J66: =第1日!G90 -> 3 | K66: =第1日!I90 -> 300 | L66: res://resources/audio/shenmu_forest_combat.ogg | M66: res://resources/audio/shenmu_forest_intermission.ogg | N66: =第1日!I91="待设计" -> FALSE | O66: 8 | P66: =IF(第1日!B101="","",IFERROR(VLOOKUP(第1日!B101,敌人目录!$A$6:$B$68,2,FALSE),"")) -> slime_frost | Q66: =IF(第1日!B101="","",第1日!C101) -> 200 | R66: -1 | S66: =IF(第1日!B101="","",第1日!I101) -> 可回读
A67: 3 | B67: wave_04 | C67: 4 | D67: 1 | E67: 4 | F67: 夜晚 | G67: =第1日!B90 -> 第4波 | H67: =IF(第1日!B91="点1·开启",1,0)+IF(第1日!C91="点2·开启",2,0)+IF(第1日!D91="点3·开启",4,0)+IF(第1日!E91="点4·开启",8,0)+IF(第1日!F91="点5·开启",16,0)+IF(第1日!G91="点6·开启",32,0) -> 63 | I67: =第1日!E90 -> 0.1 | J67: =第1日!G90 -> 3 | K67: =第1日!I90 -> 300 | L67: res://resources/audio/shenmu_forest_combat.ogg | M67: res://resources/audio/shenmu_forest_intermission.ogg | N67: =第1日!I91="待设计" -> FALSE | O67: 9 | P67: =IF(第1日!B102="","",IFERROR(VLOOKUP(第1日!B102,敌人目录!$A$6:$B$68,2,FALSE),"")) -> capoo_ak47 | Q67: =IF(第1日!B102="","",第1日!C102) -> 100 | R67: -1 | S67: =IF(第1日!B102="","",第1日!I102) -> 可回读
A68: 3 | B68: wave_04 | C68: 4 | D68: 1 | E68: 4 | F68: 夜晚 | G68: =第1日!B90 -> 第4波 | H68: =IF(第1日!B91="点1·开启",1,0)+IF(第1日!C91="点2·开启",2,0)+IF(第1日!D91="点3·开启",4,0)+IF(第1日!E91="点4·开启",8,0)+IF(第1日!F91="点5·开启",16,0)+IF(第1日!G91="点6·开启",32,0) -> 63 | I68: =第1日!E90 -> 0.1 | J68: =第1日!G90 -> 3 | K68: =第1日!I90 -> 300 | L68: res://resources/audio/shenmu_forest_combat.ogg | M68: res://resources/audio/shenmu_forest_intermission.ogg | N68: =第1日!I91="待设计" -> FALSE | O68: 10 | P68: =IF(第1日!B103="","",IFERROR(VLOOKUP(第1日!B103,敌人目录!$A$6:$B$68,2,FALSE),"")) -> yuanshi_insect_purple_bomber | Q68: =IF(第1日!B103="","",第1日!C103) -> 100 | R68: -1 | S68: =IF(第1日!B103="","",第1日!I103) -> 可回读
A69: 3 | B69: wave_04 | C69: 4 | D69: 1 | E69: 4 | F69: 夜晚 | G69: =第1日!B90 -> 第4波 | H69: =IF(第1日!B91="点1·开启",1,0)+IF(第1日!C91="点2·开启",2,0)+IF(第1日!D91="点3·开启",4,0)+IF(第1日!E91="点4·开启",8,0)+IF(第1日!F91="点5·开启",16,0)+IF(第1日!G91="点6·开启",32,0) -> 63 | I69: =第1日!E90 -> 0.1 | J69: =第1日!G90 -> 3 | K69: =第1日!I90 -> 300 | L69: res://resources/audio/shenmu_forest_combat.ogg | M69: res://resources/audio/shenmu_forest_intermission.ogg | N69: =第1日!I91="待设计" -> FALSE | O69: 11 | P69: =IF(第1日!B104="","",IFERROR(VLOOKUP(第1日!B104,敌人目录!$A$6:$B$68,2,FALSE),"")) -> slime_green | Q69: =IF(第1日!B104="","",第1日!C104) -> 50 | R69: -1 | S69: =IF(第1日!B104="","",第1日!I104) -> 可回读
A70: 3 | B70: wave_04 | C70: 4 | D70: 1 | E70: 4 | F70: 夜晚 | G70: =第1日!B90 -> 第4波 | H70: =IF(第1日!B91="点1·开启",1,0)+IF(第1日!C91="点2·开启",2,0)+IF(第1日!D91="点3·开启",4,0)+IF(第1日!E91="点4·开启",8,0)+IF(第1日!F91="点5·开启",16,0)+IF(第1日!G91="点6·开启",32,0) -> 63 | I70: =第1日!E90 -> 0.1 | J70: =第1日!G90 -> 3 | K70: =第1日!I90 -> 300 | L70: res://resources/audio/shenmu_forest_combat.ogg | M70: res://resources/audio/shenmu_forest_intermission.ogg | N70: =第1日!I91="待设计" -> FALSE | O70: 12 | P70: =IF(第1日!B105="","",IFERROR(VLOOKUP(第1日!B105,敌人目录!$A$6:$B$68,2,FALSE),"")) | Q70: =IF(第1日!B105="","",第1日!C105) | R70: -1 | S70: =IF(第1日!B105="","",第1日!I105)
A71: 3 | B71: wave_04 | C71: 4 | D71: 1 | E71: 4 | F71: 夜晚 | G71: =第1日!B90 -> 第4波 | H71: =IF(第1日!B91="点1·开启",1,0)+IF(第1日!C91="点2·开启",2,0)+IF(第1日!D91="点3·开启",4,0)+IF(第1日!E91="点4·开启",8,0)+IF(第1日!F91="点5·开启",16,0)+IF(第1日!G91="点6·开启",32,0) -> 63 | I71: =第1日!E90 -> 0.1 | J71: =第1日!G90 -> 3 | K71: =第1日!I90 -> 300 | L71: res://resources/audio/shenmu_forest_combat.ogg | M71: res://resources/audio/shenmu_forest_intermission.ogg | N71: =第1日!I91="待设计" -> FALSE | O71: 13 | P71: =IF(第1日!B106="","",IFERROR(VLOOKUP(第1日!B106,敌人目录!$A$6:$B$68,2,FALSE),"")) | Q71: =IF(第1日!B106="","",第1日!C106) | R71: -1 | S71: =IF(第1日!B106="","",第1日!I106)
A72: 3 | B72: wave_04 | C72: 4 | D72: 1 | E72: 4 | F72: 夜晚 | G72: =第1日!B90 -> 第4波 | H72: =IF(第1日!B91="点1·开启",1,0)+IF(第1日!C91="点2·开启",2,0)+IF(第1日!D91="点3·开启",4,0)+IF(第1日!E91="点4·开启",8,0)+IF(第1日!F91="点5·开启",16,0)+IF(第1日!G91="点6·开启",32,0) -> 63 | I72: =第1日!E90 -> 0.1 | J72: =第1日!G90 -> 3 | K72: =第1日!I90 -> 300 | L72: res://resources/audio/shenmu_forest_combat.ogg | M72: res://resources/audio/shenmu_forest_intermission.ogg | N72: =第1日!I91="待设计" -> FALSE | O72: 14 | P72: =IF(第1日!B107="","",IFERROR(VLOOKUP(第1日!B107,敌人目录!$A$6:$B$68,2,FALSE),"")) | Q72: =IF(第1日!B107="","",第1日!C107) | R72: -1 | S72: =IF(第1日!B107="","",第1日!I107)
A73: 3 | B73: wave_04 | C73: 4 | D73: 1 | E73: 4 | F73: 夜晚 | G73: =第1日!B90 -> 第4波 | H73: =IF(第1日!B91="点1·开启",1,0)+IF(第1日!C91="点2·开启",2,0)+IF(第1日!D91="点3·开启",4,0)+IF(第1日!E91="点4·开启",8,0)+IF(第1日!F91="点5·开启",16,0)+IF(第1日!G91="点6·开启",32,0) -> 63 | I73: =第1日!E90 -> 0.1 | J73: =第1日!G90 -> 3 | K73: =第1日!I90 -> 300 | L73: res://resources/audio/shenmu_forest_combat.ogg | M73: res://resources/audio/shenmu_forest_intermission.ogg | N73: =第1日!I91="待设计" -> FALSE | O73: 15 | P73: =IF(第1日!B108="","",IFERROR(VLOOKUP(第1日!B108,敌人目录!$A$6:$B$68,2,FALSE),"")) | Q73: =IF(第1日!B108="","",第1日!C108) | R73: -1 | S73: =IF(第1日!B108="","",第1日!I108)
A74: 3 | B74: wave_04 | C74: 4 | D74: 1 | E74: 4 | F74: 夜晚 | G74: =第1日!B90 -> 第4波 | H74: =IF(第1日!B91="点1·开启",1,0)+IF(第1日!C91="点2·开启",2,0)+IF(第1日!D91="点3·开启",4,0)+IF(第1日!E91="点4·开启",8,0)+IF(第1日!F91="点5·开启",16,0)+IF(第1日!G91="点6·开启",32,0) -> 63 | I74: =第1日!E90 -> 0.1 | J74: =第1日!G90 -> 3 | K74: =第1日!I90 -> 300 | L74: res://resources/audio/shenmu_forest_combat.ogg | M74: res://resources/audio/shenmu_forest_intermission.ogg | N74: =第1日!I91="待设计" -> FALSE | O74: 16 | P74: =IF(第1日!B109="","",IFERROR(VLOOKUP(第1日!B109,敌人目录!$A$6:$B$68,2,FALSE),"")) | Q74: =IF(第1日!B109="","",第1日!C109) | R74: -1 | S74: =IF(第1日!B109="","",第1日!I109)
A75: 3 | B75: wave_04 | C75: 4 | D75: 1 | E75: 4 | F75: 夜晚 | G75: =第1日!B90 -> 第4波 | H75: =IF(第1日!B91="点1·开启",1,0)+IF(第1日!C91="点2·开启",2,0)+IF(第1日!D91="点3·开启",4,0)+IF(第1日!E91="点4·开启",8,0)+IF(第1日!F91="点5·开启",16,0)+IF(第1日!G91="点6·开启",32,0) -> 63 | I75: =第1日!E90 -> 0.1 | J75: =第1日!G90 -> 3 | K75: =第1日!I90 -> 300 | L75: res://resources/audio/shenmu_forest_combat.ogg | M75: res://resources/audio/shenmu_forest_intermission.ogg | N75: =第1日!I91="待设计" -> FALSE | O75: 17 | P75: =IF(第1日!B110="","",IFERROR(VLOOKUP(第1日!B110,敌人目录!$A$6:$B$68,2,FALSE),"")) | Q75: =IF(第1日!B110="","",第1日!C110) | R75: -1 | S75: =IF(第1日!B110="","",第1日!I110)
A76: 3 | B76: wave_04 | C76: 4 | D76: 1 | E76: 4 | F76: 夜晚 | G76: =第1日!B90 -> 第4波 | H76: =IF(第1日!B91="点1·开启",1,0)+IF(第1日!C91="点2·开启",2,0)+IF(第1日!D91="点3·开启",4,0)+IF(第1日!E91="点4·开启",8,0)+IF(第1日!F91="点5·开启",16,0)+IF(第1日!G91="点6·开启",32,0) -> 63 | I76: =第1日!E90 -> 0.1 | J76: =第1日!G90 -> 3 | K76: =第1日!I90 -> 300 | L76: res://resources/audio/shenmu_forest_combat.ogg | M76: res://resources/audio/shenmu_forest_intermission.ogg | N76: =第1日!I91="待设计" -> FALSE | O76: 18 | P76: =IF(第1日!B111="","",IFERROR(VLOOKUP(第1日!B111,敌人目录!$A$6:$B$68,2,FALSE),"")) | Q76: =IF(第1日!B111="","",第1日!C111) | R76: -1 | S76: =IF(第1日!B111="","",第1日!I111)
A77: 3 | B77: wave_05 | C77: 5 | D77: 2 | E77: 1 | F77: 白昼 | G77: =第2日!B3 -> 第5波 | H77: =IF(第2日!B4="点1·开启",1,0)+IF(第2日!C4="点2·开启",2,0)+IF(第2日!D4="点3·开启",4,0)+IF(第2日!E4="点4·开启",8,0)+IF(第2日!F4="点5·开启",16,0)+IF(第2日!G4="点6·开启",32,0) -> 63 | I77: =第2日!E3 -> 0.1 | J77: =第2日!G3 -> 4 | K77: =第2日!I3 -> 300 | L77: res://resources/audio/shenmu_swamp_combat.ogg | M77: res://resources/audio/shenmu_swamp_intermission.ogg | N77: =第2日!I4="待设计" -> FALSE | O77: 1 | P77: =IF(第2日!B7="","",IFERROR(VLOOKUP(第2日!B7,敌人目录!$A$6:$B$68,2,FALSE),"")) -> slime_basic | Q77: =IF(第2日!B7="","",第2日!C7) -> 350 | R77: -1 | S77: =IF(第2日!B7="","",第2日!I7) -> 可回读
A78: 3 | B78: wave_05 | C78: 5 | D78: 2 | E78: 1 | F78: 白昼 | G78: =第2日!B3 -> 第5波 | H78: =IF(第2日!B4="点1·开启",1,0)+IF(第2日!C4="点2·开启",2,0)+IF(第2日!D4="点3·开启",4,0)+IF(第2日!E4="点4·开启",8,0)+IF(第2日!F4="点5·开启",16,0)+IF(第2日!G4="点6·开启",32,0) -> 63 | I78: =第2日!E3 -> 0.1 | J78: =第2日!G3 -> 4 | K78: =第2日!I3 -> 300 | L78: res://resources/audio/shenmu_swamp_combat.ogg | M78: res://resources/audio/shenmu_swamp_intermission.ogg | N78: =第2日!I4="待设计" -> FALSE | O78: 2 | P78: =IF(第2日!B8="","",IFERROR(VLOOKUP(第2日!B8,敌人目录!$A$6:$B$68,2,FALSE),"")) -> yuanshi_insect_basic | Q78: =IF(第2日!B8="","",第2日!C8) -> 300 | R78: -1 | S78: =IF(第2日!B8="","",第2日!I8) -> 可回读
A79: 3 | B79: wave_05 | C79: 5 | D79: 2 | E79: 1 | F79: 白昼 | G79: =第2日!B3 -> 第5波 | H79: =IF(第2日!B4="点1·开启",1,0)+IF(第2日!C4="点2·开启",2,0)+IF(第2日!D4="点3·开启",4,0)+IF(第2日!E4="点4·开启",8,0)+IF(第2日!F4="点5·开启",16,0)+IF(第2日!G4="点6·开启",32,0) -> 63 | I79: =第2日!E3 -> 0.1 | J79: =第2日!G3 -> 4 | K79: =第2日!I3 -> 300 | L79: res://resources/audio/shenmu_swamp_combat.ogg | M79: res://resources/audio/shenmu_swamp_intermission.ogg | N79: =第2日!I4="待设计" -> FALSE | O79: 3 | P79: =IF(第2日!B9="","",IFERROR(VLOOKUP(第2日!B9,敌人目录!$A$6:$B$68,2,FALSE),"")) -> yuanshi_insect_fast | Q79: =IF(第2日!B9="","",第2日!C9) -> 250 | R79: -1 | S79: =IF(第2日!B9="","",第2日!I9) -> 可回读
A80: 3 | B80: wave_05 | C80: 5 | D80: 2 | E80: 1 | F80: 白昼 | G80: =第2日!B3 -> 第5波 | H80: =IF(第2日!B4="点1·开启",1,0)+IF(第2日!C4="点2·开启",2,0)+IF(第2日!D4="点3·开启",4,0)+IF(第2日!E4="点4·开启",8,0)+IF(第2日!F4="点5·开启",16,0)+IF(第2日!G4="点6·开启",32,0) -> 63 | I80: =第2日!E3 -> 0.1 | J80: =第2日!G3 -> 4 | K80: =第2日!I3 -> 300 | L80: res://resources/audio/shenmu_swamp_combat.ogg | M80: res://resources/audio/shenmu_swamp_intermission.ogg | N80: =第2日!I4="待设计" -> FALSE | O80: 4 | P80: =IF(第2日!B10="","",IFERROR(VLOOKUP(第2日!B10,敌人目录!$A$6:$B$68,2,FALSE),"")) -> yuanshi_insect_bomber | Q80: =IF(第2日!B10="","",第2日!C10) -> 200 | R80: -1 | S80: =IF(第2日!B10="","",第2日!I10) -> 可回读
A81: 3 | B81: wave_05 | C81: 5 | D81: 2 | E81: 1 | F81: 白昼 | G81: =第2日!B3 -> 第5波 | H81: =IF(第2日!B4="点1·开启",1,0)+IF(第2日!C4="点2·开启",2,0)+IF(第2日!D4="点3·开启",4,0)+IF(第2日!E4="点4·开启",8,0)+IF(第2日!F4="点5·开启",16,0)+IF(第2日!G4="点6·开启",32,0) -> 63 | I81: =第2日!E3 -> 0.1 | J81: =第2日!G3 -> 4 | K81: =第2日!I3 -> 300 | L81: res://resources/audio/shenmu_swamp_combat.ogg | M81: res://resources/audio/shenmu_swamp_intermission.ogg | N81: =第2日!I4="待设计" -> FALSE | O81: 5 | P81: =IF(第2日!B11="","",IFERROR(VLOOKUP(第2日!B11,敌人目录!$A$6:$B$68,2,FALSE),"")) -> yuanshi_insect_fire_ranged | Q81: =IF(第2日!B11="","",第2日!C11) -> 200 | R81: -1 | S81: =IF(第2日!B11="","",第2日!I11) -> 可回读
A82: 3 | B82: wave_05 | C82: 5 | D82: 2 | E82: 1 | F82: 白昼 | G82: =第2日!B3 -> 第5波 | H82: =IF(第2日!B4="点1·开启",1,0)+IF(第2日!C4="点2·开启",2,0)+IF(第2日!D4="点3·开启",4,0)+IF(第2日!E4="点4·开启",8,0)+IF(第2日!F4="点5·开启",16,0)+IF(第2日!G4="点6·开启",32,0) -> 63 | I82: =第2日!E3 -> 0.1 | J82: =第2日!G3 -> 4 | K82: =第2日!I3 -> 300 | L82: res://resources/audio/shenmu_swamp_combat.ogg | M82: res://resources/audio/shenmu_swamp_intermission.ogg | N82: =第2日!I4="待设计" -> FALSE | O82: 6 | P82: =IF(第2日!B12="","",IFERROR(VLOOKUP(第2日!B12,敌人目录!$A$6:$B$68,2,FALSE),"")) -> yuanshi_insect_shell | Q82: =IF(第2日!B12="","",第2日!C12) -> 250 | R82: -1 | S82: =IF(第2日!B12="","",第2日!I12) -> 可回读
A83: 3 | B83: wave_05 | C83: 5 | D83: 2 | E83: 1 | F83: 白昼 | G83: =第2日!B3 -> 第5波 | H83: =IF(第2日!B4="点1·开启",1,0)+IF(第2日!C4="点2·开启",2,0)+IF(第2日!D4="点3·开启",4,0)+IF(第2日!E4="点4·开启",8,0)+IF(第2日!F4="点5·开启",16,0)+IF(第2日!G4="点6·开启",32,0) -> 63 | I83: =第2日!E3 -> 0.1 | J83: =第2日!G3 -> 4 | K83: =第2日!I3 -> 300 | L83: res://resources/audio/shenmu_swamp_combat.ogg | M83: res://resources/audio/shenmu_swamp_intermission.ogg | N83: =第2日!I4="待设计" -> FALSE | O83: 7 | P83: =IF(第2日!B13="","",IFERROR(VLOOKUP(第2日!B13,敌人目录!$A$6:$B$68,2,FALSE),"")) -> yuanshi_insect_guardian | Q83: =IF(第2日!B13="","",第2日!C13) -> 150 | R83: -1 | S83: =IF(第2日!B13="","",第2日!I13) -> 可回读
A84: 3 | B84: wave_05 | C84: 5 | D84: 2 | E84: 1 | F84: 白昼 | G84: =第2日!B3 -> 第5波 | H84: =IF(第2日!B4="点1·开启",1,0)+IF(第2日!C4="点2·开启",2,0)+IF(第2日!D4="点3·开启",4,0)+IF(第2日!E4="点4·开启",8,0)+IF(第2日!F4="点5·开启",16,0)+IF(第2日!G4="点6·开启",32,0) -> 63 | I84: =第2日!E3 -> 0.1 | J84: =第2日!G3 -> 4 | K84: =第2日!I3 -> 300 | L84: res://resources/audio/shenmu_swamp_combat.ogg | M84: res://resources/audio/shenmu_swamp_intermission.ogg | N84: =第2日!I4="待设计" -> FALSE | O84: 8 | P84: =IF(第2日!B14="","",IFERROR(VLOOKUP(第2日!B14,敌人目录!$A$6:$B$68,2,FALSE),"")) -> yuanshi_insect_green_shell | Q84: =IF(第2日!B14="","",第2日!C14) -> 100 | R84: -1 | S84: =IF(第2日!B14="","",第2日!I14) -> 可回读
A85: 3 | B85: wave_05 | C85: 5 | D85: 2 | E85: 1 | F85: 白昼 | G85: =第2日!B3 -> 第5波 | H85: =IF(第2日!B4="点1·开启",1,0)+IF(第2日!C4="点2·开启",2,0)+IF(第2日!D4="点3·开启",4,0)+IF(第2日!E4="点4·开启",8,0)+IF(第2日!F4="点5·开启",16,0)+IF(第2日!G4="点6·开启",32,0) -> 63 | I85: =第2日!E3 -> 0.1 | J85: =第2日!G3 -> 4 | K85: =第2日!I3 -> 300 | L85: res://resources/audio/shenmu_swamp_combat.ogg | M85: res://resources/audio/shenmu_swamp_intermission.ogg | N85: =第2日!I4="待设计" -> FALSE | O85: 9 | P85: =IF(第2日!B15="","",IFERROR(VLOOKUP(第2日!B15,敌人目录!$A$6:$B$68,2,FALSE),"")) -> combat_robot | Q85: =IF(第2日!B15="","",第2日!C15) -> 80 | R85: -1 | S85: =IF(第2日!B15="","",第2日!I15) -> 可回读
A86: 3 | B86: wave_05 | C86: 5 | D86: 2 | E86: 1 | F86: 白昼 | G86: =第2日!B3 -> 第5波 | H86: =IF(第2日!B4="点1·开启",1,0)+IF(第2日!C4="点2·开启",2,0)+IF(第2日!D4="点3·开启",4,0)+IF(第2日!E4="点4·开启",8,0)+IF(第2日!F4="点5·开启",16,0)+IF(第2日!G4="点6·开启",32,0) -> 63 | I86: =第2日!E3 -> 0.1 | J86: =第2日!G3 -> 4 | K86: =第2日!I3 -> 300 | L86: res://resources/audio/shenmu_swamp_combat.ogg | M86: res://resources/audio/shenmu_swamp_intermission.ogg | N86: =第2日!I4="待设计" -> FALSE | O86: 10 | P86: =IF(第2日!B16="","",IFERROR(VLOOKUP(第2日!B16,敌人目录!$A$6:$B$68,2,FALSE),"")) -> combat_robot_gunner | Q86: =IF(第2日!B16="","",第2日!C16) -> 60 | R86: -1 | S86: =IF(第2日!B16="","",第2日!I16) -> 可回读
A87: 3 | B87: wave_05 | C87: 5 | D87: 2 | E87: 1 | F87: 白昼 | G87: =第2日!B3 -> 第5波 | H87: =IF(第2日!B4="点1·开启",1,0)+IF(第2日!C4="点2·开启",2,0)+IF(第2日!D4="点3·开启",4,0)+IF(第2日!E4="点4·开启",8,0)+IF(第2日!F4="点5·开启",16,0)+IF(第2日!G4="点6·开启",32,0) -> 63 | I87: =第2日!E3 -> 0.1 | J87: =第2日!G3 -> 4 | K87: =第2日!I3 -> 300 | L87: res://resources/audio/shenmu_swamp_combat.ogg | M87: res://resources/audio/shenmu_swamp_intermission.ogg | N87: =第2日!I4="待设计" -> FALSE | O87: 11 | P87: =IF(第2日!B17="","",IFERROR(VLOOKUP(第2日!B17,敌人目录!$A$6:$B$68,2,FALSE),"")) -> capoo_ak47 | Q87: =IF(第2日!B17="","",第2日!C17) -> 60 | R87: -1 | S87: =IF(第2日!B17="","",第2日!I17) -> 可回读
A88: 3 | B88: wave_05 | C88: 5 | D88: 2 | E88: 1 | F88: 白昼 | G88: =第2日!B3 -> 第5波 | H88: =IF(第2日!B4="点1·开启",1,0)+IF(第2日!C4="点2·开启",2,0)+IF(第2日!D4="点3·开启",4,0)+IF(第2日!E4="点4·开启",8,0)+IF(第2日!F4="点5·开启",16,0)+IF(第2日!G4="点6·开启",32,0) -> 63 | I88: =第2日!E3 -> 0.1 | J88: =第2日!G3 -> 4 | K88: =第2日!I3 -> 300 | L88: res://resources/audio/shenmu_swamp_combat.ogg | M88: res://resources/audio/shenmu_swamp_intermission.ogg | N88: =第2日!I4="待设计" -> FALSE | O88: 12 | P88: =IF(第2日!B18="","",IFERROR(VLOOKUP(第2日!B18,敌人目录!$A$6:$B$68,2,FALSE),"")) -> capoo_smg | Q88: =IF(第2日!B18="","",第2日!C18) -> 40 | R88: -1 | S88: =IF(第2日!B18="","",第2日!I18) -> 可回读
A89: 3 | B89: wave_05 | C89: 5 | D89: 2 | E89: 1 | F89: 白昼 | G89: =第2日!B3 -> 第5波 | H89: =IF(第2日!B4="点1·开启",1,0)+IF(第2日!C4="点2·开启",2,0)+IF(第2日!D4="点3·开启",4,0)+IF(第2日!E4="点4·开启",8,0)+IF(第2日!F4="点5·开启",16,0)+IF(第2日!G4="点6·开启",32,0) -> 63 | I89: =第2日!E3 -> 0.1 | J89: =第2日!G3 -> 4 | K89: =第2日!I3 -> 300 | L89: res://resources/audio/shenmu_swamp_combat.ogg | M89: res://resources/audio/shenmu_swamp_intermission.ogg | N89: =第2日!I4="待设计" -> FALSE | O89: 13 | P89: =IF(第2日!B19="","",IFERROR(VLOOKUP(第2日!B19,敌人目录!$A$6:$B$68,2,FALSE),"")) -> capoo_mage | Q89: =IF(第2日!B19="","",第2日!C19) -> 30 | R89: -1 | S89: =IF(第2日!B19="","",第2日!I19) -> 可回读
A90: 3 | B90: wave_05 | C90: 5 | D90: 2 | E90: 1 | F90: 白昼 | G90: =第2日!B3 -> 第5波 | H90: =IF(第2日!B4="点1·开启",1,0)+IF(第2日!C4="点2·开启",2,0)+IF(第2日!D4="点3·开启",4,0)+IF(第2日!E4="点4·开启",8,0)+IF(第2日!F4="点5·开启",16,0)+IF(第2日!G4="点6·开启",32,0) -> 63 | I90: =第2日!E3 -> 0.1 | J90: =第2日!G3 -> 4 | K90: =第2日!I3 -> 300 | L90: res://resources/audio/shenmu_swamp_combat.ogg | M90: res://resources/audio/shenmu_swamp_intermission.ogg | N90: =第2日!I4="待设计" -> FALSE | O90: 14 | P90: =IF(第2日!B20="","",IFERROR(VLOOKUP(第2日!B20,敌人目录!$A$6:$B$68,2,FALSE),"")) -> fire_sorcerer | Q90: =IF(第2日!B20="","",第2日!C20) -> 20 | R90: -1 | S90: =IF(第2日!B20="","",第2日!I20) -> 可回读
A91: 3 | B91: wave_05 | C91: 5 | D91: 2 | E91: 1 | F91: 白昼 | G91: =第2日!B3 -> 第5波 | H91: =IF(第2日!B4="点1·开启",1,0)+IF(第2日!C4="点2·开启",2,0)+IF(第2日!D4="点3·开启",4,0)+IF(第2日!E4="点4·开启",8,0)+IF(第2日!F4="点5·开启",16,0)+IF(第2日!G4="点6·开启",32,0) -> 63 | I91: =第2日!E3 -> 0.1 | J91: =第2日!G3 -> 4 | K91: =第2日!I3 -> 300 | L91: res://resources/audio/shenmu_swamp_combat.ogg | M91: res://resources/audio/shenmu_swamp_intermission.ogg | N91: =第2日!I4="待设计" -> FALSE | O91: 15 | P91: =IF(第2日!B21="","",IFERROR(VLOOKUP(第2日!B21,敌人目录!$A$6:$B$68,2,FALSE),"")) -> stone_golem | Q91: =IF(第2日!B21="","",第2日!C21) -> 10 | R91: -1 | S91: =IF(第2日!B21="","",第2日!I21) -> 可回读
A92: 3 | B92: wave_05 | C92: 5 | D92: 2 | E92: 1 | F92: 白昼 | G92: =第2日!B3 -> 第5波 | H92: =IF(第2日!B4="点1·开启",1,0)+IF(第2日!C4="点2·开启",2,0)+IF(第2日!D4="点3·开启",4,0)+IF(第2日!E4="点4·开启",8,0)+IF(第2日!F4="点5·开启",16,0)+IF(第2日!G4="点6·开启",32,0) -> 63 | I92: =第2日!E3 -> 0.1 | J92: =第2日!G3 -> 4 | K92: =第2日!I3 -> 300 | L92: res://resources/audio/shenmu_swamp_combat.ogg | M92: res://resources/audio/shenmu_swamp_intermission.ogg | N92: =第2日!I4="待设计" -> FALSE | O92: 16 | P92: =IF(第2日!B22="","",IFERROR(VLOOKUP(第2日!B22,敌人目录!$A$6:$B$68,2,FALSE),"")) | Q92: =IF(第2日!B22="","",第2日!C22) | R92: -1 | S92: =IF(第2日!B22="","",第2日!I22)
A93: 3 | B93: wave_05 | C93: 5 | D93: 2 | E93: 1 | F93: 白昼 | G93: =第2日!B3 -> 第5波 | H93: =IF(第2日!B4="点1·开启",1,0)+IF(第2日!C4="点2·开启",2,0)+IF(第2日!D4="点3·开启",4,0)+IF(第2日!E4="点4·开启",8,0)+IF(第2日!F4="点5·开启",16,0)+IF(第2日!G4="点6·开启",32,0) -> 63 | I93: =第2日!E3 -> 0.1 | J93: =第2日!G3 -> 4 | K93: =第2日!I3 -> 300 | L93: res://resources/audio/shenmu_swamp_combat.ogg | M93: res://resources/audio/shenmu_swamp_intermission.ogg | N93: =第2日!I4="待设计" -> FALSE | O93: 17 | P93: =IF(第2日!B23="","",IFERROR(VLOOKUP(第2日!B23,敌人目录!$A$6:$B$68,2,FALSE),"")) | Q93: =IF(第2日!B23="","",第2日!C23) | R93: -1 | S93: =IF(第2日!B23="","",第2日!I23)
A94: 3 | B94: wave_05 | C94: 5 | D94: 2 | E94: 1 | F94: 白昼 | G94: =第2日!B3 -> 第5波 | H94: =IF(第2日!B4="点1·开启",1,0)+IF(第2日!C4="点2·开启",2,0)+IF(第2日!D4="点3·开启",4,0)+IF(第2日!E4="点4·开启",8,0)+IF(第2日!F4="点5·开启",16,0)+IF(第2日!G4="点6·开启",32,0) -> 63 | I94: =第2日!E3 -> 0.1 | J94: =第2日!G3 -> 4 | K94: =第2日!I3 -> 300 | L94: res://resources/audio/shenmu_swamp_combat.ogg | M94: res://resources/audio/shenmu_swamp_intermission.ogg | N94: =第2日!I4="待设计" -> FALSE | O94: 18 | P94: =IF(第2日!B24="","",IFERROR(VLOOKUP(第2日!B24,敌人目录!$A$6:$B$68,2,FALSE),"")) | Q94: =IF(第2日!B24="","",第2日!C24) | R94: -1 | S94: =IF(第2日!B24="","",第2日!I24)
A95: 3 | B95: wave_06 | C95: 6 | D95: 2 | E95: 2 | F95: 白昼 | G95: =第2日!B32 -> 第6波 | H95: =IF(第2日!B33="点1·开启",1,0)+IF(第2日!C33="点2·开启",2,0)+IF(第2日!D33="点3·开启",4,0)+IF(第2日!E33="点4·开启",8,0)+IF(第2日!F33="点5·开启",16,0)+IF(第2日!G33="点6·开启",32,0) -> 63 | I95: =第2日!E32 -> 0.09 | J95: =第2日!G32 -> 1 | K95: =第2日!I32 -> 275 | L95: res://resources/audio/shenmu_swamp_combat.ogg | M95: res://resources/audio/shenmu_swamp_intermission.ogg | N95: =第2日!I33="待设计" -> FALSE | O95: 1 | P95: =IF(第2日!B36="","",IFERROR(VLOOKUP(第2日!B36,敌人目录!$A$6:$B$68,2,FALSE),"")) -> slime_basic | Q95: =IF(第2日!B36="","",第2日!C36) -> 300 | R95: -1 | S95: =IF(第2日!B36="","",第2日!I36) -> 可回读
A96: 3 | B96: wave_06 | C96: 6 | D96: 2 | E96: 2 | F96: 白昼 | G96: =第2日!B32 -> 第6波 | H96: =IF(第2日!B33="点1·开启",1,0)+IF(第2日!C33="点2·开启",2,0)+IF(第2日!D33="点3·开启",4,0)+IF(第2日!E33="点4·开启",8,0)+IF(第2日!F33="点5·开启",16,0)+IF(第2日!G33="点6·开启",32,0) -> 63 | I96: =第2日!E32 -> 0.09 | J96: =第2日!G32 -> 1 | K96: =第2日!I32 -> 275 | L96: res://resources/audio/shenmu_swamp_combat.ogg | M96: res://resources/audio/shenmu_swamp_intermission.ogg | N96: =第2日!I33="待设计" -> FALSE | O96: 2 | P96: =IF(第2日!B37="","",IFERROR(VLOOKUP(第2日!B37,敌人目录!$A$6:$B$68,2,FALSE),"")) -> slime_fire | Q96: =IF(第2日!B37="","",第2日!C37) -> 200 | R96: -1 | S96: =IF(第2日!B37="","",第2日!I37) -> 可回读
A97: 3 | B97: wave_06 | C97: 6 | D97: 2 | E97: 2 | F97: 白昼 | G97: =第2日!B32 -> 第6波 | H97: =IF(第2日!B33="点1·开启",1,0)+IF(第2日!C33="点2·开启",2,0)+IF(第2日!D33="点3·开启",4,0)+IF(第2日!E33="点4·开启",8,0)+IF(第2日!F33="点5·开启",16,0)+IF(第2日!G33="点6·开启",32,0) -> 63 | I97: =第2日!E32 -> 0.09 | J97: =第2日!G32 -> 1 | K97: =第2日!I32 -> 275 | L97: res://resources/audio/shenmu_swamp_combat.ogg | M97: res://resources/audio/shenmu_swamp_intermission.ogg | N97: =第2日!I33="待设计" -> FALSE | O97: 3 | P97: =IF(第2日!B38="","",IFERROR(VLOOKUP(第2日!B38,敌人目录!$A$6:$B$68,2,FALSE),"")) -> slime_frost | Q97: =IF(第2日!B38="","",第2日!C38) -> 200 | R97: -1 | S97: =IF(第2日!B38="","",第2日!I38) -> 可回读
A98: 3 | B98: wave_06 | C98: 6 | D98: 2 | E98: 2 | F98: 白昼 | G98: =第2日!B32 -> 第6波 | H98: =IF(第2日!B33="点1·开启",1,0)+IF(第2日!C33="点2·开启",2,0)+IF(第2日!D33="点3·开启",4,0)+IF(第2日!E33="点4·开启",8,0)+IF(第2日!F33="点5·开启",16,0)+IF(第2日!G33="点6·开启",32,0) -> 63 | I98: =第2日!E32 -> 0.09 | J98: =第2日!G32 -> 1 | K98: =第2日!I32 -> 275 | L98: res://resources/audio/shenmu_swamp_combat.ogg | M98: res://resources/audio/shenmu_swamp_intermission.ogg | N98: =第2日!I33="待设计" -> FALSE | O98: 4 | P98: =IF(第2日!B39="","",IFERROR(VLOOKUP(第2日!B39,敌人目录!$A$6:$B$68,2,FALSE),"")) -> yuanshi_insect_basic | Q98: =IF(第2日!B39="","",第2日!C39) -> 260 | R98: -1 | S98: =IF(第2日!B39="","",第2日!I39) -> 可回读
A99: 3 | B99: wave_06 | C99: 6 | D99: 2 | E99: 2 | F99: 白昼 | G99: =第2日!B32 -> 第6波 | H99: =IF(第2日!B33="点1·开启",1,0)+IF(第2日!C33="点2·开启",2,0)+IF(第2日!D33="点3·开启",4,0)+IF(第2日!E33="点4·开启",8,0)+IF(第2日!F33="点5·开启",16,0)+IF(第2日!G33="点6·开启",32,0) -> 63 | I99: =第2日!E32 -> 0.09 | J99: =第2日!G32 -> 1 | K99: =第2日!I32 -> 275 | L99: res://resources/audio/shenmu_swamp_combat.ogg | M99: res://resources/audio/shenmu_swamp_intermission.ogg | N99: =第2日!I33="待设计" -> FALSE | O99: 5 | P99: =IF(第2日!B40="","",IFERROR(VLOOKUP(第2日!B40,敌人目录!$A$6:$B$68,2,FALSE),"")) -> yuanshi_insect_fast | Q99: =IF(第2日!B40="","",第2日!C40) -> 200 | R99: -1 | S99: =IF(第2日!B40="","",第2日!I40) -> 可回读
A100: 3 | B100: wave_06 | C100: 6 | D100: 2 | E100: 2 | F100: 白昼 | G100: =第2日!B32 -> 第6波 | H100: =IF(第2日!B33="点1·开启",1,0)+IF(第2日!C33="点2·开启",2,0)+IF(第2日!D33="点3·开启",4,0)+IF(第2日!E33="点4·开启",8,0)+IF(第2日!F33="点5·开启",16,0)+IF(第2日!G33="点6·开启",32,0) -> 63 | I100: =第2日!E32 -> 0.09 | J100: =第2日!G32 -> 1 | K100: =第2日!I32 -> 275 | L100: res://resources/audio/shenmu_swamp_combat.ogg | M100: res://resources/audio/shenmu_swamp_intermission.ogg | N100: =第2日!I33="待设计" -> FALSE | O100: 6 | P100: =IF(第2日!B41="","",IFERROR(VLOOKUP(第2日!B41,敌人目录!$A$6:$B$68,2,FALSE),"")) -> yuanshi_insect_bomber | Q100: =IF(第2日!B41="","",第2日!C41) -> 150 | R100: -1 | S100: =IF(第2日!B41="","",第2日!I41) -> 可回读
A101: 3 | B101: wave_06 | C101: 6 | D101: 2 | E101: 2 | F101: 白昼 | G101: =第2日!B32 -> 第6波 | H101: =IF(第2日!B33="点1·开启",1,0)+IF(第2日!C33="点2·开启",2,0)+IF(第2日!D33="点3·开启",4,0)+IF(第2日!E33="点4·开启",8,0)+IF(第2日!F33="点5·开启",16,0)+IF(第2日!G33="点6·开启",32,0) -> 63 | I101: =第2日!E32 -> 0.09 | J101: =第2日!G32 -> 1 | K101: =第2日!I32 -> 275 | L101: res://resources/audio/shenmu_swamp_combat.ogg | M101: res://resources/audio/shenmu_swamp_intermission.ogg | N101: =第2日!I33="待设计" -> FALSE | O101: 7 | P101: =IF(第2日!B42="","",IFERROR(VLOOKUP(第2日!B42,敌人目录!$A$6:$B$68,2,FALSE),"")) -> yuanshi_insect_purple_bomber | Q101: =IF(第2日!B42="","",第2日!C42) -> 100 | R101: -1 | S101: =IF(第2日!B42="","",第2日!I42) -> 可回读
...

Sheet 系统数据（勿改）
A1: 四日战役系统契约｜schema v3｜机器读取区域，请勿编辑
A3: 字段 | B3: 值1 | C3: 值2 | D3: 值3
A4: schema_version | B4: 3
A5: workbook_id | B5: tower_defense_4_day_campaign_designer_v3
A6: campaign_id | B6: tower_defense_formal
A7: catalog_sha256 | B7: 6367b5144b48b5456fe9952644349906ccac3a23929b25b5a8b5304df1f00bb8
A8: target_wave_count | B8: 12
A9: day_count | B9: 4
A10: waves_per_day | B10: 4
A11: boss_after_wave | B11: 12
A12: boss_day | B12: 4
A13: boss_period | B13: day
A14: daily_rogue_action_points | B14: =全局设置!B16 -> 5 | C14: =全局设置!D16 -> 5 | D14: =全局设置!F16 -> 5
A15: boss_id | B15: linglan_boss
A16: boss_step_id | B16: boss_01_linglan
A17: boss_config_path | B17: res://resources/config/bosses/boss_01_linglan.tres
A18: progression_config_path | B18: res://resources/config/campaigns/tower_defense/formal_progression.tres
A19: flow_config_paths | B19: res://resources/config/campaigns/tower_defense/singleplayer/flow.tres | C19: res://resources/config/campaigns/tower_defense/multiplayer/flow.tres
A21: 固定输出：target_wave_count=12 / day_count=4 / boss_after_wave=12 / boss_day=4 / boss_period=day / daily_rogue_action_points=[第1日,第2日,第3日]
