Workbook

Sheet 使用说明
A1: 塔防模式｜16 波智能设计器 | B1: 塔防模式｜16 波智能设计器 | C1: 塔防模式｜16 波智能设计器 | D1: 塔防模式｜16 波智能设计器 | E1: 塔防模式｜16 波智能设计器 | F1: 塔防模式｜16 波智能设计器 | G1: 塔防模式｜16 波智能设计器 | H1: 塔防模式｜16 波智能设计器
A2: 敌人数值与掉落已改为全局固定配置；波次页只负责敌人组成、数量与息壤收益结算。第 13～16 波仍保留为空白。 | B2: 敌人数值与掉落已改为全局固定配置；波次页只负责敌人组成、数量与息壤收益结算。第 13～16 波仍保留为空白。 | C2: 敌人数值与掉落已改为全局固定配置；波次页只负责敌人组成、数量与息壤收益结算。第 13～16 波仍保留为空白。 | D2: 敌人数值与掉落已改为全局固定配置；波次页只负责敌人组成、数量与息壤收益结算。第 13～16 波仍保留为空白。 | E2: 敌人数值与掉落已改为全局固定配置；波次页只负责敌人组成、数量与息壤收益结算。第 13～16 波仍保留为空白。 | F2: 敌人数值与掉落已改为全局固定配置；波次页只负责敌人组成、数量与息壤收益结算。第 13～16 波仍保留为空白。 | G2: 敌人数值与掉落已改为全局固定配置；波次页只负责敌人组成、数量与息壤收益结算。第 13～16 波仍保留为空白。 | H2: 敌人数值与掉落已改为全局固定配置；波次页只负责敌人组成、数量与息壤收益结算。第 13～16 波仍保留为空白。
A4: 建议工作流 | B4: 建议工作流 | C4: 建议工作流 | D4: 建议工作流 | E4: 建议工作流 | F4: 建议工作流 | G4: 建议工作流 | H4: 建议工作流
A5: 1 | B5: 先到“敌人目录”编辑每种敌人的生命、攻击、防御、移速、Home 伤害、击杀息壤与 12 类独立掉落概率。
A6: 2 | B6: 再到“全局设置”选择模拟玩家数、预计击杀率和每日息壤情景倍率。
A7: 3 | B7: 在“第1日”至“第4日”逐波从下拉列表选择敌人并填写基础数量；同一种敌人同一波只填一行。
A8: 4 | B8: 波次页会逐项显示息壤/击杀、最大收益与情景收益；到“总览”复核 16 波曲线和可回读状态。
A9: 5 | B9: 设计完成后把工作簿交回 Codex；机器区会同时提供敌人固定配置与 16 波组成，再生成正式 Godot 资源。
A11: 颜色与输入规则 | B11: 颜色与输入规则 | C11: 颜色与输入规则 | D11: 颜色与输入规则 | E11: 颜色与输入规则 | F11: 颜色与输入规则 | G11: 颜色与输入规则 | H11: 颜色与输入规则
A12: 浅蓝 | B12: 波次选择、数量与敌人战斗数值：可编辑
A13: 金黄 | B13: 每只敌人的固定息壤奖励：可编辑
A14: 浅绿 | B14: 材料类掉落概率：可编辑，输入 0%～100%
A15: 浅紫 | B15: 功能道具掉落概率：可编辑，输入 0%～100%
A16: 浅灰 | B16: 自动公式与稳定标识：请勿手工覆盖
A17: 浅红 | B17: 无法回读：缺少输入、重复敌人或数值越界
A19: 计算口径（与当前游戏一致） | B19: 计算口径（与当前游戏一致） | C19: 计算口径（与当前游戏一致） | D19: 计算口径（与当前游戏一致） | E19: 计算口径（与当前游戏一致） | F19: 计算口径（与当前游戏一致） | G19: 计算口径（与当前游戏一致） | H19: 计算口径（与当前游戏一致）
A20: 多人数量 | B20: 每条敌人分别 ROUNDUP(基础数量 × [1 + (玩家数-1) × 25%], 0)。
A21: 击杀息壤 | B21: 每位玩家各得整份，不在队伍内分摊；漏进 Home 的敌人不发击杀息壤。
A22: 命运倍率 | B22: 作为每日情景倍率单独计算，不改写基础收益；默认均为 1，可选择 2。
A23: 固定配置 | B23: 敌人的数值、息壤与掉落不随波次变化；修改一行会影响所有引用该敌人的波次与最终游戏配置。
A24: 掉落 | B24: 12 类掉落均为逐敌人独立概率；同一次击杀可同时掉出多件，概率之和仅表示期望件数。
A25: 刷怪时间 | B25: 按首批立即生成计算理论最短时间；存活上限或战斗堵塞会令实战更久。
A26: 出场顺序 | B26: 游戏会将整波生成队列随机打乱；本表精确设计组成与节奏，但不承诺固定先后顺序。
A27: Boss | B27: 铃兰保留为独立 Boss 流程，不会出现在普通波次敌人下拉列表。
A29: 请勿直接编辑两个“导入数据（勿改）”工作表与“系统数据（勿改）”；它们是稳定 ID 和反向回读契约。 | B29: 请勿直接编辑两个“导入数据（勿改）”工作表与“系统数据（勿改）”；它们是稳定 ID 和反向回读契约。 | C29: 请勿直接编辑两个“导入数据（勿改）”工作表与“系统数据（勿改）”；它们是稳定 ID 和反向回读契约。 | D29: 请勿直接编辑两个“导入数据（勿改）”工作表与“系统数据（勿改）”；它们是稳定 ID 和反向回读契约。 | E29: 请勿直接编辑两个“导入数据（勿改）”工作表与“系统数据（勿改）”；它们是稳定 ID 和反向回读契约。 | F29: 请勿直接编辑两个“导入数据（勿改）”工作表与“系统数据（勿改）”；它们是稳定 ID 和反向回读契约。 | G29: 请勿直接编辑两个“导入数据（勿改）”工作表与“系统数据（勿改）”；它们是稳定 ID 和反向回读契约。 | H29: 请勿直接编辑两个“导入数据（勿改）”工作表与“系统数据（勿改）”；它们是稳定 ID 和反向回读契约。

Sheet 总览
A1: 塔防模式｜16 波息壤收益总览 | B1: 塔防模式｜16 波息壤收益总览 | C1: 塔防模式｜16 波息壤收益总览 | D1: 塔防模式｜16 波息壤收益总览 | E1: 塔防模式｜16 波息壤收益总览 | F1: 塔防模式｜16 波息壤收益总览 | G1: 塔防模式｜16 波息壤收益总览 | H1: 塔防模式｜16 波息壤收益总览 | I1: 塔防模式｜16 波息壤收益总览 | J1: 塔防模式｜16 波息壤收益总览 | K1: 塔防模式｜16 波息壤收益总览 | L1: 塔防模式｜16 波息壤收益总览 | M1: 塔防模式｜16 波息壤收益总览 | N1: 塔防模式｜16 波息壤收益总览
A2: 每波收益由“实际数量 × 敌人目录中的固定息壤”逐项汇总；第 13～16 波未填写时明确显示“待设计”。 | B2: 每波收益由“实际数量 × 敌人目录中的固定息壤”逐项汇总；第 13～16 波未填写时明确显示“待设计”。 | C2: 每波收益由“实际数量 × 敌人目录中的固定息壤”逐项汇总；第 13～16 波未填写时明确显示“待设计”。 | D2: 每波收益由“实际数量 × 敌人目录中的固定息壤”逐项汇总；第 13～16 波未填写时明确显示“待设计”。 | E2: 每波收益由“实际数量 × 敌人目录中的固定息壤”逐项汇总；第 13～16 波未填写时明确显示“待设计”。 | F2: 每波收益由“实际数量 × 敌人目录中的固定息壤”逐项汇总；第 13～16 波未填写时明确显示“待设计”。 | G2: 每波收益由“实际数量 × 敌人目录中的固定息壤”逐项汇总；第 13～16 波未填写时明确显示“待设计”。 | H2: 每波收益由“实际数量 × 敌人目录中的固定息壤”逐项汇总；第 13～16 波未填写时明确显示“待设计”。 | I2: 每波收益由“实际数量 × 敌人目录中的固定息壤”逐项汇总；第 13～16 波未填写时明确显示“待设计”。 | J2: 每波收益由“实际数量 × 敌人目录中的固定息壤”逐项汇总；第 13～16 波未填写时明确显示“待设计”。 | K2: 每波收益由“实际数量 × 敌人目录中的固定息壤”逐项汇总；第 13～16 波未填写时明确显示“待设计”。 | L2: 每波收益由“实际数量 × 敌人目录中的固定息壤”逐项汇总；第 13～16 波未填写时明确显示“待设计”。 | M2: 每波收益由“实际数量 × 敌人目录中的固定息壤”逐项汇总；第 13～16 波未填写时明确显示“待设计”。 | N2: 每波收益由“实际数量 × 敌人目录中的固定息壤”逐项汇总；第 13～16 波未填写时明确显示“待设计”。
A4: 可回读波次 | B4: =COUNTIF(E9:E24,"可回读")&" / 16" -> 11 / 16 | D4: 基础敌人数 | E4: =SUM(F9:F24) -> 11396 | G4: 情景息壤/玩家 | H4: =SUM(J9:J24) -> 13182 | J4: 情景息壤/队伍 | K4: =SUM(K9:K24) -> 13182 | M4: 敌人配置可回读 | N4: =COUNTIF(敌人目录!AA6:AA54,"可回读")&" / 49" -> 49 / 49
A8: 波次 | B8: 日 | C8: 时段 | D8: 名称 | E8: 状态 | F8: 基础数量 | G8: 实际数量 | H8: 敌人种类 | I8: 最大息壤/玩家 | J8: 情景息壤/玩家 | K8: 情景息壤/队伍 | L8: 最短刷完(s) | M8: 存活上限 | N8: 启用出生点
A9: 第1波 | B9: 1 | C9: 白昼 | D9: =第1日!$B$3 -> 第1波 林地试探 | E9: =第1日!$I$4 -> 可回读 | F9: =第1日!$B$26 -> 2500 | G9: =第1日!$D$26 -> 2500 | H9: =COUNTA(第1日!$B$7:$B$24) -> 4 | I9: =第1日!$F$26 -> 2500 | J9: =第1日!$H$26 -> 2500 | K9: =第1日!$B$27 -> 2500 | L9: =IF(G9=0,0,MAX(0,(ROUNDUP(G9/第1日!$G$3,0)-1)*第1日!$E$3)) -> 499.8 | M9: =第1日!$I$3 -> 300 | N9: =IF(第1日!$B$4="点1·开启",1,0)+IF(第1日!$C$4="点2·开启",1,0)+IF(第1日!$D$4="点3·开启",1,0)+IF(第1日!$E$4="点4·开启",1,0)+IF(第1日!$F$4="点5·开启",1,0)+IF(第1日!$G$4="点6·开启",1,0) -> 4
A10: 第2波 | B10: 1 | C10: 白昼 | D10: =第1日!$B$32 -> 第2波 迅影与硬壳 | E10: =第1日!$I$33 -> 可回读 | F10: =第1日!$B$55 -> 3850 | G10: =第1日!$D$55 -> 3850 | H10: =COUNTA(第1日!$B$36:$B$53) -> 7 | I10: =第1日!$F$55 -> 4050 | J10: =第1日!$H$55 -> 4050 | K10: =第1日!$B$56 -> 4050 | L10: =IF(G10=0,0,MAX(0,(ROUNDUP(G10/第1日!$G$32,0)-1)*第1日!$E$32)) -> 384.9 | M10: =第1日!$I$32 -> 300 | N10: =IF(第1日!$B$33="点1·开启",1,0)+IF(第1日!$C$33="点2·开启",1,0)+IF(第1日!$D$33="点3·开启",1,0)+IF(第1日!$E$33="点4·开启",1,0)+IF(第1日!$F$33="点5·开启",1,0)+IF(第1日!$G$33="点6·开启",1,0) -> 4
A11: 第3波 | B11: 1 | C11: 夜晚 | D11: =第1日!$B$61 -> 第3波 火线初现 | E11: =第1日!$I$62 -> 可回读 | F11: =第1日!$B$84 -> 3950 | G11: =第1日!$D$84 -> 3950 | H11: =COUNTA(第1日!$B$65:$B$82) -> 8 | I11: =第1日!$F$84 -> 5000 | J11: =第1日!$H$84 -> 5000 | K11: =第1日!$B$85 -> 5000 | L11: =IF(G11=0,0,MAX(0,(ROUNDUP(G11/第1日!$G$61,0)-1)*第1日!$E$61)) -> 394.9 | M11: =第1日!$I$61 -> 300 | N11: =IF(第1日!$B$62="点1·开启",1,0)+IF(第1日!$C$62="点2·开启",1,0)+IF(第1日!$D$62="点3·开启",1,0)+IF(第1日!$E$62="点4·开启",1,0)+IF(第1日!$F$62="点5·开启",1,0)+IF(第1日!$G$62="点6·开启",1,0) -> 6
A12: 第4波 | B12: 1 | C12: 夜晚 | D12: =第1日!$B$90 -> 第4波 林地合围 | E12: =第1日!$I$91 -> 待设计 | F12: =第1日!$B$113 -> 0 | G12: =第1日!$D$113 -> 0 | H12: =COUNTA(第1日!$B$94:$B$111) -> 0 | I12: =第1日!$F$113 -> 0 | J12: =第1日!$H$113 -> 0 | K12: =第1日!$B$114 -> 0 | L12: =IF(G12=0,0,MAX(0,(ROUNDUP(G12/第1日!$G$90,0)-1)*第1日!$E$90)) -> 0 | M12: =第1日!$I$90 -> 300 | N12: =IF(第1日!$B$91="点1·开启",1,0)+IF(第1日!$C$91="点2·开启",1,0)+IF(第1日!$D$91="点3·开启",1,0)+IF(第1日!$E$91="点4·开启",1,0)+IF(第1日!$F$91="点5·开启",1,0)+IF(第1日!$G$91="点6·开启",1,0) -> 6
A13: 第5波 | B13: 2 | C13: 白昼 | D13: =第2日!$B$3 -> 第5波 沼泽先遣 | E13: =第2日!$I$4 -> 可回读 | F13: =第2日!$B$26 -> 80 | G13: =第2日!$D$26 -> 80 | H13: =COUNTA(第2日!$B$7:$B$24) -> 6 | I13: =第2日!$F$26 -> 96 | J13: =第2日!$H$26 -> 96 | K13: =第2日!$B$27 -> 96 | L13: =IF(G13=0,0,MAX(0,(ROUNDUP(G13/第2日!$G$3,0)-1)*第2日!$E$3)) -> 35.55 | M13: =第2日!$I$3 -> 300 | N13: =IF(第2日!$B$4="点1·开启",1,0)+IF(第2日!$C$4="点2·开启",1,0)+IF(第2日!$D$4="点3·开启",1,0)+IF(第2日!$E$4="点4·开启",1,0)+IF(第2日!$F$4="点5·开启",1,0)+IF(第2日!$G$4="点6·开启",1,0) -> 6
A14: 第6波 | B14: 2 | C14: 白昼 | D14: =第2日!$B$32 -> 第6波 守护阵列 | E14: =第2日!$I$33 -> 可回读 | F14: =第2日!$B$55 -> 96 | G14: =第2日!$D$55 -> 96 | H14: =COUNTA(第2日!$B$36:$B$53) -> 6 | I14: =第2日!$F$55 -> 116 | J14: =第2日!$H$55 -> 116 | K14: =第2日!$B$56 -> 116 | L14: =IF(G14=0,0,MAX(0,(ROUNDUP(G14/第2日!$G$32,0)-1)*第2日!$E$32)) -> 38 | M14: =第2日!$I$32 -> 300 | N14: =IF(第2日!$B$33="点1·开启",1,0)+IF(第2日!$C$33="点2·开启",1,0)+IF(第2日!$D$33="点3·开启",1,0)+IF(第2日!$E$33="点4·开启",1,0)+IF(第2日!$F$33="点5·开启",1,0)+IF(第2日!$G$33="点6·开启",1,0) -> 6
A15: 第7波 | B15: 2 | C15: 夜晚 | D15: =第2日!$B$61 -> 第7波 紫晶突袭 | E15: =第2日!$I$62 -> 可回读 | F15: =第2日!$B$84 -> 112 | G15: =第2日!$D$84 -> 112 | H15: =COUNTA(第2日!$B$65:$B$82) -> 7 | I15: =第2日!$F$84 -> 144 | J15: =第2日!$H$84 -> 144 | K15: =第2日!$B$85 -> 144 | L15: =IF(G15=0,0,MAX(0,(ROUNDUP(G15/第2日!$G$61,0)-1)*第2日!$E$61)) -> 38.85 | M15: =第2日!$I$61 -> 300 | N15: =IF(第2日!$B$62="点1·开启",1,0)+IF(第2日!$C$62="点2·开启",1,0)+IF(第2日!$D$62="点3·开启",1,0)+IF(第2日!$E$62="点4·开启",1,0)+IF(第2日!$F$62="点5·开启",1,0)+IF(第2日!$G$62="点6·开启",1,0) -> 6
A16: 第8波 | B16: 2 | C16: 夜晚 | D16: =第2日!$B$90 -> 第8波 沼泽合围 | E16: =第2日!$I$91 -> 可回读 | F16: =第2日!$B$113 -> 128 | G16: =第2日!$D$113 -> 128 | H16: =COUNTA(第2日!$B$94:$B$111) -> 7 | I16: =第2日!$F$113 -> 172 | J16: =第2日!$H$113 -> 172 | K16: =第2日!$B$114 -> 172 | L16: =IF(G16=0,0,MAX(0,(ROUNDUP(G16/第2日!$G$90,0)-1)*第2日!$E$90)) -> 38.1 | M16: =第2日!$I$90 -> 300 | N16: =IF(第2日!$B$91="点1·开启",1,0)+IF(第2日!$C$91="点2·开启",1,0)+IF(第2日!$D$91="点3·开启",1,0)+IF(第2日!$E$91="点4·开启",1,0)+IF(第2日!$F$91="点5·开启",1,0)+IF(第2日!$G$91="点6·开启",1,0) -> 6
A17: 第9波 | B17: 3 | C17: 白昼 | D17: =第3日!$B$3 -> 第9波 城镇前锋 | E17: =第3日!$I$4 -> 可回读 | F17: =第3日!$B$26 -> 144 | G17: =第3日!$D$26 -> 144 | H17: =COUNTA(第3日!$B$7:$B$24) -> 9 | I17: =第3日!$F$26 -> 210 | J17: =第3日!$H$26 -> 210 | K17: =第3日!$B$27 -> 210 | L17: =IF(G17=0,0,MAX(0,(ROUNDUP(G17/第3日!$G$3,0)-1)*第3日!$E$3)) -> 40.04 | M17: =第3日!$I$3 -> 300 | N17: =IF(第3日!$B$4="点1·开启",1,0)+IF(第3日!$C$4="点2·开启",1,0)+IF(第3日!$D$4="点3·开启",1,0)+IF(第3日!$E$4="点4·开启",1,0)+IF(第3日!$F$4="点5·开启",1,0)+IF(第3日!$G$4="点6·开启",1,0) -> 6
A18: 第10波 | B18: 3 | C18: 白昼 | D18: =第3日!$B$32 -> 第10波 火力交叉 | E18: =第3日!$I$33 -> 可回读 | F18: =第3日!$B$55 -> 160 | G18: =第3日!$D$55 -> 160 | H18: =COUNTA(第3日!$B$36:$B$53) -> 10 | I18: =第3日!$F$55 -> 246 | J18: =第3日!$H$55 -> 246 | K18: =第3日!$B$56 -> 246 | L18: =IF(G18=0,0,MAX(0,(ROUNDUP(G18/第3日!$G$32,0)-1)*第3日!$E$32)) -> 41.34 | M18: =第3日!$I$32 -> 300 | N18: =IF(第3日!$B$33="点1·开启",1,0)+IF(第3日!$C$33="点2·开启",1,0)+IF(第3日!$D$33="点3·开启",1,0)+IF(第3日!$E$33="点4·开启",1,0)+IF(第3日!$F$33="点5·开启",1,0)+IF(第3日!$G$33="点6·开启",1,0) -> 6
A19: 第11波 | B19: 3 | C19: 夜晚 | D19: =第3日!$B$61 -> 第11波 奥术重装 | E19: =第3日!$I$62 -> 可回读 | F19: =第3日!$B$84 -> 176 | G19: =第3日!$D$84 -> 176 | H19: =COUNTA(第3日!$B$65:$B$82) -> 12 | I19: =第3日!$F$84 -> 306 | J19: =第3日!$H$84 -> 306 | K19: =第3日!$B$85 -> 306 | L19: =IF(G19=0,0,MAX(0,(ROUNDUP(G19/第3日!$G$61,0)-1)*第3日!$E$61)) -> 42 | M19: =第3日!$I$61 -> 300 | N19: =IF(第3日!$B$62="点1·开启",1,0)+IF(第3日!$C$62="点2·开启",1,0)+IF(第3日!$D$62="点3·开启",1,0)+IF(第3日!$E$62="点4·开启",1,0)+IF(第3日!$F$62="点5·开启",1,0)+IF(第3日!$G$62="点6·开启",1,0) -> 6
A20: 第12波 | B20: 3 | C20: 夜晚 | D20: =第3日!$B$90 -> 第12波 城镇决战 | E20: =第3日!$I$91 -> 可回读 | F20: =第3日!$B$113 -> 200 | G20: =第3日!$D$113 -> 200 | H20: =COUNTA(第3日!$B$94:$B$111) -> 13 | I20: =第3日!$F$113 -> 342 | J20: =第3日!$H$113 -> 342 | K20: =第3日!$B$114 -> 342 | L20: =IF(G20=0,0,MAX(0,(ROUNDUP(G20/第3日!$G$90,0)-1)*第3日!$E$90)) -> 43.78 | M20: =第3日!$I$90 -> 300 | N20: =IF(第3日!$B$91="点1·开启",1,0)+IF(第3日!$C$91="点2·开启",1,0)+IF(第3日!$D$91="点3·开启",1,0)+IF(第3日!$E$91="点4·开启",1,0)+IF(第3日!$F$91="点5·开启",1,0)+IF(第3日!$G$91="点6·开启",1,0) -> 6
A21: 第13波 | B21: 4 | C21: 白昼 | D21: =第4日!$B$3 -> 第13波（待设计） | E21: =第4日!$I$4 -> 待设计 | F21: =第4日!$B$26 -> 0 | G21: =第4日!$D$26 -> 0 | H21: =COUNTA(第4日!$B$7:$B$24) -> 0 | I21: =第4日!$F$26 -> 0 | J21: =第4日!$H$26 -> 0 | K21: =第4日!$B$27 -> 0 | L21: =IF(G21=0,0,MAX(0,(ROUNDUP(G21/第4日!$G$3,0)-1)*第4日!$E$3)) -> 0 | M21: =第4日!$I$3 -> 300 | N21: =IF(第4日!$B$4="点1·开启",1,0)+IF(第4日!$C$4="点2·开启",1,0)+IF(第4日!$D$4="点3·开启",1,0)+IF(第4日!$E$4="点4·开启",1,0)+IF(第4日!$F$4="点5·开启",1,0)+IF(第4日!$G$4="点6·开启",1,0) -> 6
A22: 第14波 | B22: 4 | C22: 白昼 | D22: =第4日!$B$32 -> 第14波（待设计） | E22: =第4日!$I$33 -> 待设计 | F22: =第4日!$B$55 -> 0 | G22: =第4日!$D$55 -> 0 | H22: =COUNTA(第4日!$B$36:$B$53) -> 0 | I22: =第4日!$F$55 -> 0 | J22: =第4日!$H$55 -> 0 | K22: =第4日!$B$56 -> 0 | L22: =IF(G22=0,0,MAX(0,(ROUNDUP(G22/第4日!$G$32,0)-1)*第4日!$E$32)) -> 0 | M22: =第4日!$I$32 -> 300 | N22: =IF(第4日!$B$33="点1·开启",1,0)+IF(第4日!$C$33="点2·开启",1,0)+IF(第4日!$D$33="点3·开启",1,0)+IF(第4日!$E$33="点4·开启",1,0)+IF(第4日!$F$33="点5·开启",1,0)+IF(第4日!$G$33="点6·开启",1,0) -> 6
A23: 第15波 | B23: 4 | C23: 夜晚 | D23: =第4日!$B$61 -> 第15波（待设计） | E23: =第4日!$I$62 -> 待设计 | F23: =第4日!$B$84 -> 0 | G23: =第4日!$D$84 -> 0 | H23: =COUNTA(第4日!$B$65:$B$82) -> 0 | I23: =第4日!$F$84 -> 0 | J23: =第4日!$H$84 -> 0 | K23: =第4日!$B$85 -> 0 | L23: =IF(G23=0,0,MAX(0,(ROUNDUP(G23/第4日!$G$61,0)-1)*第4日!$E$61)) -> 0 | M23: =第4日!$I$61 -> 300 | N23: =IF(第4日!$B$62="点1·开启",1,0)+IF(第4日!$C$62="点2·开启",1,0)+IF(第4日!$D$62="点3·开启",1,0)+IF(第4日!$E$62="点4·开启",1,0)+IF(第4日!$F$62="点5·开启",1,0)+IF(第4日!$G$62="点6·开启",1,0) -> 6
A24: 第16波 | B24: 4 | C24: 夜晚 | D24: =第4日!$B$90 -> 第16波（待设计） | E24: =第4日!$I$91 -> 待设计 | F24: =第4日!$B$113 -> 0 | G24: =第4日!$D$113 -> 0 | H24: =COUNTA(第4日!$B$94:$B$111) -> 0 | I24: =第4日!$F$113 -> 0 | J24: =第4日!$H$113 -> 0 | K24: =第4日!$B$114 -> 0 | L24: =IF(G24=0,0,MAX(0,(ROUNDUP(G24/第4日!$G$90,0)-1)*第4日!$E$90)) -> 0 | M24: =第4日!$I$90 -> 300 | N24: =IF(第4日!$B$91="点1·开启",1,0)+IF(第4日!$C$91="点2·开启",1,0)+IF(第4日!$D$91="点3·开启",1,0)+IF(第4日!$E$91="点4·开启",1,0)+IF(第4日!$F$91="点5·开启",1,0)+IF(第4日!$G$91="点6·开启",1,0) -> 6
A26: 每日汇总 | B26: 每日汇总 | C26: 每日汇总 | D26: 每日汇总 | E26: 每日汇总 | F26: 每日汇总 | G26: 每日汇总 | H26: 每日汇总 | I26: 每日汇总 | J26: 每日汇总 | K26: 每日汇总 | L26: 每日汇总 | M26: 每日汇总 | N26: 每日汇总
A27: 日 | B27: 基础敌人 | C27: 实际敌人 | D27: 最大息壤/玩家 | E27: 情景息壤/玩家 | F27: 情景息壤/队伍
A28: 第1日 | B28: =SUM(F9:F12) -> 10300 | C28: =SUM(G9:G12) -> 10300 | D28: =SUM(I9:I12) -> 11550 | E28: =SUM(J9:J12) -> 11550 | F28: =SUM(K9:K12) -> 11550
A29: 第2日 | B29: =SUM(F13:F16) -> 416 | C29: =SUM(G13:G16) -> 416 | D29: =SUM(I13:I16) -> 528 | E29: =SUM(J13:J16) -> 528 | F29: =SUM(K13:K16) -> 528
A30: 第3日 | B30: =SUM(F17:F20) -> 680 | C30: =SUM(G17:G20) -> 680 | D30: =SUM(I17:I20) -> 1104 | E30: =SUM(J17:J20) -> 1104 | F30: =SUM(K17:K20) -> 1104
A31: 第4日 | B31: =SUM(F21:F24) -> 0 | C31: =SUM(G21:G24) -> 0 | D31: =SUM(I21:I24) -> 0 | E31: =SUM(J21:J24) -> 0 | F31: =SUM(K21:K24) -> 0
A34: 波次 | B34: 最大息壤/玩家 | C34: 情景息壤/玩家
A35: =A9 -> 第1波 | B35: =I9 -> 2500 | C35: =J9 -> 2500
A36: =A10 -> 第2波 | B36: =I10 -> 4050 | C36: =J10 -> 4050
A37: =A11 -> 第3波 | B37: =I11 -> 5000 | C37: =J11 -> 5000
A38: =A12 -> 第4波 | B38: =I12 -> 0 | C38: =J12 -> 0
A39: =A13 -> 第5波 | B39: =I13 -> 96 | C39: =J13 -> 96
A40: =A14 -> 第6波 | B40: =I14 -> 116 | C40: =J14 -> 116
A41: =A15 -> 第7波 | B41: =I15 -> 144 | C41: =J15 -> 144
A42: =A16 -> 第8波 | B42: =I16 -> 172 | C42: =J16 -> 172
A43: =A17 -> 第9波 | B43: =I17 -> 210 | C43: =J17 -> 210
A44: =A18 -> 第10波 | B44: =I18 -> 246 | C44: =J18 -> 246
A45: =A19 -> 第11波 | B45: =I19 -> 306 | C45: =J19 -> 306
A46: =A20 -> 第12波 | B46: =I20 -> 342 | C46: =J20 -> 342
... A50: =A24 -> 第16波 | B50: =I24 -> 0 | C50: =J24 -> 0
A53: 波次 | B53: 实际敌人数
A54: =A9 -> 第1波 | B54: =G9 -> 2500
A55: =A10 -> 第2波 | B55: =G10 -> 3850
A56: =A11 -> 第3波 | B56: =G11 -> 3950
A57: =A12 -> 第4波 | B57: =G12 -> 0
A58: =A13 -> 第5波 | B58: =G13 -> 80
A59: =A14 -> 第6波 | B59: =G14 -> 96
A60: =A15 -> 第7波 | B60: =G15 -> 112
A61: =A16 -> 第8波 | B61: =G16 -> 128
A62: =A17 -> 第9波 | B62: =G17 -> 144
A63: =A18 -> 第10波 | B63: =G18 -> 160
A64: =A19 -> 第11波 | B64: =G19 -> 176
A65: =A20 -> 第12波 | B65: =G20 -> 200
... A69: =A24 -> 第16波 | B69: =G24 -> 0

Sheet 全局设置
A1: 全局设置与模拟情景 | B1: 全局设置与模拟情景 | C1: 全局设置与模拟情景 | D1: 全局设置与模拟情景 | E1: 全局设置与模拟情景 | F1: 全局设置与模拟情景
A2: 蓝色项目会影响整本工作簿的自动计算；灰色项目来自当前游戏权威配置。 | B2: 蓝色项目会影响整本工作簿的自动计算；灰色项目来自当前游戏权威配置。 | C2: 蓝色项目会影响整本工作簿的自动计算；灰色项目来自当前游戏权威配置。 | D2: 蓝色项目会影响整本工作簿的自动计算；灰色项目来自当前游戏权威配置。 | E2: 蓝色项目会影响整本工作簿的自动计算；灰色项目来自当前游戏权威配置。 | F2: 蓝色项目会影响整本工作簿的自动计算；灰色项目来自当前游戏权威配置。
A4: 模拟参数 | B4: 当前值
A5: 玩家人数 | B5: 1
A6: 每名额外玩家敌人数增幅 | B6: 0.25
A7: 预计击杀率 | B7: 1
A8: 总日数 | B8: 4
A9: 每日日内波次 | B9: 4
A10: 每波可用敌人槽位 | B10: 18
A11: Boss 接续于 | B11: 第16波之后
A13: 每日息壤情景倍率（命运双倍日设为 2） | B13: 每日息壤情景倍率（命运双倍日设为 2） | C13: 每日息壤情景倍率（命运双倍日设为 2） | D13: 每日息壤情景倍率（命运双倍日设为 2） | E13: 每日息壤情景倍率（命运双倍日设为 2） | F13: 每日息壤情景倍率（命运双倍日设为 2）
B14: 倍率 | C14: 1 | D14: 1 | E14: 1 | F14: 1
B15: 对应日 | C15: 第1日 | D15: 第2日 | E15: 第3日 | F15: 第4日
A17: 设计完整度 | B17: 设计完整度 | C17: 设计完整度 | D17: 设计完整度 | E17: 设计完整度 | F17: 设计完整度
A18: 可回读波次 | B18: =COUNTIF(总览!$E$9:$E$24,"可回读") -> 11
A19: 总体状态 | B19: =IF(AND(B18=16,COUNTIF(敌人目录!AA6:AA54,"可回读")=49),"全部配置已就绪","仍有待设计或错误") -> 仍有待设计或错误
A20: 敌人目录签名 | B20: b1fe8380d773e1597266e16f821f218f409f50807d0f37e8e2cf139bc0c16be8
A21: 回读契约 | B21: tower_defense_formal / schema v2
A23: 注意：玩家人数、击杀率和每日倍率只用于平衡预览；正式回读会写入敌人固定数值、固定掉落与波次组成，不再产生波次级息壤覆盖。 | B23: 注意：玩家人数、击杀率和每日倍率只用于平衡预览；正式回读会写入敌人固定数值、固定掉落与波次组成，不再产生波次级息壤覆盖。 | C23: 注意：玩家人数、击杀率和每日倍率只用于平衡预览；正式回读会写入敌人固定数值、固定掉落与波次组成，不再产生波次级息壤覆盖。 | D23: 注意：玩家人数、击杀率和每日倍率只用于平衡预览；正式回读会写入敌人固定数值、固定掉落与波次组成，不再产生波次级息壤覆盖。 | E23: 注意：玩家人数、击杀率和每日倍率只用于平衡预览；正式回读会写入敌人固定数值、固定掉落与波次组成，不再产生波次级息壤覆盖。 | F23: 注意：玩家人数、击杀率和每日倍率只用于平衡预览；正式回读会写入敌人固定数值、固定掉落与波次组成，不再产生波次级息壤覆盖。

Sheet 第1日
A2: 第 1 波｜第 1 日·1/4｜白昼｜当前正式配置 | B2: 第 1 波｜第 1 日·1/4｜白昼｜当前正式配置 | C2: 第 1 波｜第 1 日·1/4｜白昼｜当前正式配置 | D2: 第 1 波｜第 1 日·1/4｜白昼｜当前正式配置 | E2: 第 1 波｜第 1 日·1/4｜白昼｜当前正式配置 | F2: 第 1 波｜第 1 日·1/4｜白昼｜当前正式配置 | G2: 第 1 波｜第 1 日·1/4｜白昼｜当前正式配置 | H2: 第 1 波｜第 1 日·1/4｜白昼｜当前正式配置 | I2: 第 1 波｜第 1 日·1/4｜白昼｜当前正式配置
A3: 波次名称 | B3: 第1波 林地试探 | C3: 第1波 林地试探 | D3: 出生间隔(s) | E3: 0.2 | F3: 每Tick | G3: 1 | H3: 存活上限 | I3: 300
A4: 出生点 | B4: 点1·开启 | C4: 点2·开启 | D4: 点3·开启 | E4: 点4·开启 | F4: 点5·关闭 | G4: 点6·关闭 | H4: 波次校验 | I4: =IF(COUNTA(B7:B24)=0,"待设计",IF(COUNTIF(I7:I24,"可回读")=COUNTA(B7:B24),"可回读","需修正")) -> 可回读
A5: 仅编辑蓝色列。敌人数值、固定息壤与掉落统一在“敌人目录”维护；本页按实际数量逐项精确结算息壤。 | B5: 仅编辑蓝色列。敌人数值、固定息壤与掉落统一在“敌人目录”维护；本页按实际数量逐项精确结算息壤。 | C5: 仅编辑蓝色列。敌人数值、固定息壤与掉落统一在“敌人目录”维护；本页按实际数量逐项精确结算息壤。 | D5: 仅编辑蓝色列。敌人数值、固定息壤与掉落统一在“敌人目录”维护；本页按实际数量逐项精确结算息壤。 | E5: 仅编辑蓝色列。敌人数值、固定息壤与掉落统一在“敌人目录”维护；本页按实际数量逐项精确结算息壤。 | F5: 仅编辑蓝色列。敌人数值、固定息壤与掉落统一在“敌人目录”维护；本页按实际数量逐项精确结算息壤。 | G5: 仅编辑蓝色列。敌人数值、固定息壤与掉落统一在“敌人目录”维护；本页按实际数量逐项精确结算息壤。 | H5: 仅编辑蓝色列。敌人数值、固定息壤与掉落统一在“敌人目录”维护；本页按实际数量逐项精确结算息壤。 | I5: 仅编辑蓝色列。敌人数值、固定息壤与掉落统一在“敌人目录”维护；本页按实际数量逐项精确结算息壤。
A6: 槽位 | B6: 敌人（下拉选择） | C6: 基础数量 | D6: 实际数量 | E6: 息壤/击杀 | F6: 本项最大息壤/玩家 | G6: 本项情景息壤/玩家 | H6: 本项情景息壤/队伍 | I6: 校验
A7: 1 | B7: 史莱姆 | C7: 1300 | D7: =IF(OR(B7="",C7=""),"",ROUNDUP(C7*(1+(全局设置!$B$5-1)*全局设置!$B$6),0)) -> 1300 | E7: =IFERROR(VLOOKUP(B7,敌人目录!$A$6:$AD$54,13,FALSE),"") -> 1 | F7: =IF(D7="","",D7*E7) -> 1300 | G7: =IF(F7="","",F7*全局设置!$B$7*全局设置!$C$14) -> 1300 | H7: =IF(G7="","",G7*全局设置!$B$5) -> 1300 | I7: =IF(AND(B7="",C7=""),"",IF(B7="","缺少敌人",IF(C7="","缺少数量",IF(OR(C7<1,C7>9999,C7<>INT(C7)),"数量无效",IF(COUNTIF($B$7:$B$24,B7)>1,"重复敌人",IFERROR(IF(VLOOKUP(B7,敌人目录!$A$6:$AD$54,27,FALSE)="可回读","可回读","敌人参数错误"),"敌人不存在")))))) -> 可回读
A8: 2 | B8: 火焰史莱姆 | C8: 400 | D8: =IF(OR(B8="",C8=""),"",ROUNDUP(C8*(1+(全局设置!$B$5-1)*全局设置!$B$6),0)) -> 400 | E8: =IFERROR(VLOOKUP(B8,敌人目录!$A$6:$AD$54,13,FALSE),"") -> 1 | F8: =IF(D8="","",D8*E8) -> 400 | G8: =IF(F8="","",F8*全局设置!$B$7*全局设置!$C$14) -> 400 | H8: =IF(G8="","",G8*全局设置!$B$5) -> 400 | I8: =IF(AND(B8="",C8=""),"",IF(B8="","缺少敌人",IF(C8="","缺少数量",IF(OR(C8<1,C8>9999,C8<>INT(C8)),"数量无效",IF(COUNTIF($B$7:$B$24,B8)>1,"重复敌人",IFERROR(IF(VLOOKUP(B8,敌人目录!$A$6:$AD$54,27,FALSE)="可回读","可回读","敌人参数错误"),"敌人不存在")))))) -> 可回读
A9: 3 | B9: 普通原石虫 | C9: 500 | D9: =IF(OR(B9="",C9=""),"",ROUNDUP(C9*(1+(全局设置!$B$5-1)*全局设置!$B$6),0)) -> 500 | E9: =IFERROR(VLOOKUP(B9,敌人目录!$A$6:$AD$54,13,FALSE),"") -> 1 | F9: =IF(D9="","",D9*E9) -> 500 | G9: =IF(F9="","",F9*全局设置!$B$7*全局设置!$C$14) -> 500 | H9: =IF(G9="","",G9*全局设置!$B$5) -> 500 | I9: =IF(AND(B9="",C9=""),"",IF(B9="","缺少敌人",IF(C9="","缺少数量",IF(OR(C9<1,C9>9999,C9<>INT(C9)),"数量无效",IF(COUNTIF($B$7:$B$24,B9)>1,"重复敌人",IFERROR(IF(VLOOKUP(B9,敌人目录!$A$6:$AD$54,27,FALSE)="可回读","可回读","敌人参数错误"),"敌人不存在")))))) -> 可回读
A10: 4 | B10: 迅捷原石虫 | C10: 300 | D10: =IF(OR(B10="",C10=""),"",ROUNDUP(C10*(1+(全局设置!$B$5-1)*全局设置!$B$6),0)) -> 300 | E10: =IFERROR(VLOOKUP(B10,敌人目录!$A$6:$AD$54,13,FALSE),"") -> 1 | F10: =IF(D10="","",D10*E10) -> 300 | G10: =IF(F10="","",F10*全局设置!$B$7*全局设置!$C$14) -> 300 | H10: =IF(G10="","",G10*全局设置!$B$5) -> 300 | I10: =IF(AND(B10="",C10=""),"",IF(B10="","缺少敌人",IF(C10="","缺少数量",IF(OR(C10<1,C10>9999,C10<>INT(C10)),"数量无效",IF(COUNTIF($B$7:$B$24,B10)>1,"重复敌人",IFERROR(IF(VLOOKUP(B10,敌人目录!$A$6:$AD$54,27,FALSE)="可回读","可回读","敌人参数错误"),"敌人不存在")))))) -> 可回读
A11: 5 | D11: =IF(OR(B11="",C11=""),"",ROUNDUP(C11*(1+(全局设置!$B$5-1)*全局设置!$B$6),0)) | E11: =IFERROR(VLOOKUP(B11,敌人目录!$A$6:$AD$54,13,FALSE),"") | F11: =IF(D11="","",D11*E11) | G11: =IF(F11="","",F11*全局设置!$B$7*全局设置!$C$14) | H11: =IF(G11="","",G11*全局设置!$B$5) | I11: =IF(AND(B11="",C11=""),"",IF(B11="","缺少敌人",IF(C11="","缺少数量",IF(OR(C11<1,C11>9999,C11<>INT(C11)),"数量无效",IF(COUNTIF($B$7:$B$24,B11)>1,"重复敌人",IFERROR(IF(VLOOKUP(B11,敌人目录!$A$6:$AD$54,27,FALSE)="可回读","可回读","敌人参数错误"),"敌人不存在"))))))
A12: 6 | D12: =IF(OR(B12="",C12=""),"",ROUNDUP(C12*(1+(全局设置!$B$5-1)*全局设置!$B$6),0)) | E12: =IFERROR(VLOOKUP(B12,敌人目录!$A$6:$AD$54,13,FALSE),"") | F12: =IF(D12="","",D12*E12) | G12: =IF(F12="","",F12*全局设置!$B$7*全局设置!$C$14) | H12: =IF(G12="","",G12*全局设置!$B$5) | I12: =IF(AND(B12="",C12=""),"",IF(B12="","缺少敌人",IF(C12="","缺少数量",IF(OR(C12<1,C12>9999,C12<>INT(C12)),"数量无效",IF(COUNTIF($B$7:$B$24,B12)>1,"重复敌人",IFERROR(IF(VLOOKUP(B12,敌人目录!$A$6:$AD$54,27,FALSE)="可回读","可回读","敌人参数错误"),"敌人不存在"))))))
A13: 7 | D13: =IF(OR(B13="",C13=""),"",ROUNDUP(C13*(1+(全局设置!$B$5-1)*全局设置!$B$6),0)) | E13: =IFERROR(VLOOKUP(B13,敌人目录!$A$6:$AD$54,13,FALSE),"") | F13: =IF(D13="","",D13*E13) | G13: =IF(F13="","",F13*全局设置!$B$7*全局设置!$C$14) | H13: =IF(G13="","",G13*全局设置!$B$5) | I13: =IF(AND(B13="",C13=""),"",IF(B13="","缺少敌人",IF(C13="","缺少数量",IF(OR(C13<1,C13>9999,C13<>INT(C13)),"数量无效",IF(COUNTIF($B$7:$B$24,B13)>1,"重复敌人",IFERROR(IF(VLOOKUP(B13,敌人目录!$A$6:$AD$54,27,FALSE)="可回读","可回读","敌人参数错误"),"敌人不存在"))))))
A14: 8 | D14: =IF(OR(B14="",C14=""),"",ROUNDUP(C14*(1+(全局设置!$B$5-1)*全局设置!$B$6),0)) | E14: =IFERROR(VLOOKUP(B14,敌人目录!$A$6:$AD$54,13,FALSE),"") | F14: =IF(D14="","",D14*E14) | G14: =IF(F14="","",F14*全局设置!$B$7*全局设置!$C$14) | H14: =IF(G14="","",G14*全局设置!$B$5) | I14: =IF(AND(B14="",C14=""),"",IF(B14="","缺少敌人",IF(C14="","缺少数量",IF(OR(C14<1,C14>9999,C14<>INT(C14)),"数量无效",IF(COUNTIF($B$7:$B$24,B14)>1,"重复敌人",IFERROR(IF(VLOOKUP(B14,敌人目录!$A$6:$AD$54,27,FALSE)="可回读","可回读","敌人参数错误"),"敌人不存在"))))))
A15: 9 | D15: =IF(OR(B15="",C15=""),"",ROUNDUP(C15*(1+(全局设置!$B$5-1)*全局设置!$B$6),0)) | E15: =IFERROR(VLOOKUP(B15,敌人目录!$A$6:$AD$54,13,FALSE),"") | F15: =IF(D15="","",D15*E15) | G15: =IF(F15="","",F15*全局设置!$B$7*全局设置!$C$14) | H15: =IF(G15="","",G15*全局设置!$B$5) | I15: =IF(AND(B15="",C15=""),"",IF(B15="","缺少敌人",IF(C15="","缺少数量",IF(OR(C15<1,C15>9999,C15<>INT(C15)),"数量无效",IF(COUNTIF($B$7:$B$24,B15)>1,"重复敌人",IFERROR(IF(VLOOKUP(B15,敌人目录!$A$6:$AD$54,27,FALSE)="可回读","可回读","敌人参数错误"),"敌人不存在"))))))
A16: 10 | D16: =IF(OR(B16="",C16=""),"",ROUNDUP(C16*(1+(全局设置!$B$5-1)*全局设置!$B$6),0)) | E16: =IFERROR(VLOOKUP(B16,敌人目录!$A$6:$AD$54,13,FALSE),"") | F16: =IF(D16="","",D16*E16) | G16: =IF(F16="","",F16*全局设置!$B$7*全局设置!$C$14) | H16: =IF(G16="","",G16*全局设置!$B$5) | I16: =IF(AND(B16="",C16=""),"",IF(B16="","缺少敌人",IF(C16="","缺少数量",IF(OR(C16<1,C16>9999,C16<>INT(C16)),"数量无效",IF(COUNTIF($B$7:$B$24,B16)>1,"重复敌人",IFERROR(IF(VLOOKUP(B16,敌人目录!$A$6:$AD$54,27,FALSE)="可回读","可回读","敌人参数错误"),"敌人不存在"))))))
A17: 11 | D17: =IF(OR(B17="",C17=""),"",ROUNDUP(C17*(1+(全局设置!$B$5-1)*全局设置!$B$6),0)) | E17: =IFERROR(VLOOKUP(B17,敌人目录!$A$6:$AD$54,13,FALSE),"") | F17: =IF(D17="","",D17*E17) | G17: =IF(F17="","",F17*全局设置!$B$7*全局设置!$C$14) | H17: =IF(G17="","",G17*全局设置!$B$5) | I17: =IF(AND(B17="",C17=""),"",IF(B17="","缺少敌人",IF(C17="","缺少数量",IF(OR(C17<1,C17>9999,C17<>INT(C17)),"数量无效",IF(COUNTIF($B$7:$B$24,B17)>1,"重复敌人",IFERROR(IF(VLOOKUP(B17,敌人目录!$A$6:$AD$54,27,FALSE)="可回读","可回读","敌人参数错误"),"敌人不存在"))))))
A18: 12 | D18: =IF(OR(B18="",C18=""),"",ROUNDUP(C18*(1+(全局设置!$B$5-1)*全局设置!$B$6),0)) | E18: =IFERROR(VLOOKUP(B18,敌人目录!$A$6:$AD$54,13,FALSE),"") | F18: =IF(D18="","",D18*E18) | G18: =IF(F18="","",F18*全局设置!$B$7*全局设置!$C$14) | H18: =IF(G18="","",G18*全局设置!$B$5) | I18: =IF(AND(B18="",C18=""),"",IF(B18="","缺少敌人",IF(C18="","缺少数量",IF(OR(C18<1,C18>9999,C18<>INT(C18)),"数量无效",IF(COUNTIF($B$7:$B$24,B18)>1,"重复敌人",IFERROR(IF(VLOOKUP(B18,敌人目录!$A$6:$AD$54,27,FALSE)="可回读","可回读","敌人参数错误"),"敌人不存在"))))))
A19: 13 | D19: =IF(OR(B19="",C19=""),"",ROUNDUP(C19*(1+(全局设置!$B$5-1)*全局设置!$B$6),0)) | E19: =IFERROR(VLOOKUP(B19,敌人目录!$A$6:$AD$54,13,FALSE),"") | F19: =IF(D19="","",D19*E19) | G19: =IF(F19="","",F19*全局设置!$B$7*全局设置!$C$14) | H19: =IF(G19="","",G19*全局设置!$B$5) | I19: =IF(AND(B19="",C19=""),"",IF(B19="","缺少敌人",IF(C19="","缺少数量",IF(OR(C19<1,C19>9999,C19<>INT(C19)),"数量无效",IF(COUNTIF($B$7:$B$24,B19)>1,"重复敌人",IFERROR(IF(VLOOKUP(B19,敌人目录!$A$6:$AD$54,27,FALSE)="可回读","可回读","敌人参数错误"),"敌人不存在"))))))
A20: 14 | D20: =IF(OR(B20="",C20=""),"",ROUNDUP(C20*(1+(全局设置!$B$5-1)*全局设置!$B$6),0)) | E20: =IFERROR(VLOOKUP(B20,敌人目录!$A$6:$AD$54,13,FALSE),"") | F20: =IF(D20="","",D20*E20) | G20: =IF(F20="","",F20*全局设置!$B$7*全局设置!$C$14) | H20: =IF(G20="","",G20*全局设置!$B$5) | I20: =IF(AND(B20="",C20=""),"",IF(B20="","缺少敌人",IF(C20="","缺少数量",IF(OR(C20<1,C20>9999,C20<>INT(C20)),"数量无效",IF(COUNTIF($B$7:$B$24,B20)>1,"重复敌人",IFERROR(IF(VLOOKUP(B20,敌人目录!$A$6:$AD$54,27,FALSE)="可回读","可回读","敌人参数错误"),"敌人不存在"))))))
A21: 15 | D21: =IF(OR(B21="",C21=""),"",ROUNDUP(C21*(1+(全局设置!$B$5-1)*全局设置!$B$6),0)) | E21: =IFERROR(VLOOKUP(B21,敌人目录!$A$6:$AD$54,13,FALSE),"") | F21: =IF(D21="","",D21*E21) | G21: =IF(F21="","",F21*全局设置!$B$7*全局设置!$C$14) | H21: =IF(G21="","",G21*全局设置!$B$5) | I21: =IF(AND(B21="",C21=""),"",IF(B21="","缺少敌人",IF(C21="","缺少数量",IF(OR(C21<1,C21>9999,C21<>INT(C21)),"数量无效",IF(COUNTIF($B$7:$B$24,B21)>1,"重复敌人",IFERROR(IF(VLOOKUP(B21,敌人目录!$A$6:$AD$54,27,FALSE)="可回读","可回读","敌人参数错误"),"敌人不存在"))))))
A22: 16 | D22: =IF(OR(B22="",C22=""),"",ROUNDUP(C22*(1+(全局设置!$B$5-1)*全局设置!$B$6),0)) | E22: =IFERROR(VLOOKUP(B22,敌人目录!$A$6:$AD$54,13,FALSE),"") | F22: =IF(D22="","",D22*E22) | G22: =IF(F22="","",F22*全局设置!$B$7*全局设置!$C$14) | H22: =IF(G22="","",G22*全局设置!$B$5) | I22: =IF(AND(B22="",C22=""),"",IF(B22="","缺少敌人",IF(C22="","缺少数量",IF(OR(C22<1,C22>9999,C22<>INT(C22)),"数量无效",IF(COUNTIF($B$7:$B$24,B22)>1,"重复敌人",IFERROR(IF(VLOOKUP(B22,敌人目录!$A$6:$AD$54,27,FALSE)="可回读","可回读","敌人参数错误"),"敌人不存在"))))))
... A24: 18 | D24: =IF(OR(B24="",C24=""),"",ROUNDUP(C24*(1+(全局设置!$B$5-1)*全局设置!$B$6),0)) | E24: =IFERROR(VLOOKUP(B24,敌人目录!$A$6:$AD$54,13,FALSE),"") | F24: =IF(D24="","",D24*E24) | G24: =IF(F24="","",F24*全局设置!$B$7*全局设置!$C$14) | H24: =IF(G24="","",G24*全局设置!$B$5) | I24: =IF(AND(B24="",C24=""),"",IF(B24="","缺少敌人",IF(C24="","缺少数量",IF(OR(C24<1,C24>9999,C24<>INT(C24)),"数量无效",IF(COUNTIF($B$7:$B$24,B24)>1,"重复敌人",IFERROR(IF(VLOOKUP(B24,敌人目录!$A$6:$AD$54,27,FALSE)="可回读","可回读","敌人参数错误"),"敌人不存在"))))))
A26: 基础总数 | B26: =SUM(C7:C24) -> 2500 | C26: 实际总数 | D26: =SUM(D7:D24) -> 2500 | E26: 最大息壤/玩家 | F26: =SUM(F7:F24) -> 2500 | G26: 情景息壤/玩家 | H26: =SUM(G7:G24) -> 2500
A27: 情景息壤/队伍 | B27: =SUM(H7:H24) -> 2500 | C27: 情景收益 = 最大息壤 × 全局击杀率 × 第1日倍率；队伍值再乘模拟玩家数。 | D27: 情景收益 = 最大息壤 × 全局击杀率 × 第1日倍率；队伍值再乘模拟玩家数。 | E27: 情景收益 = 最大息壤 × 全局击杀率 × 第1日倍率；队伍值再乘模拟玩家数。 | F27: 情景收益 = 最大息壤 × 全局击杀率 × 第1日倍率；队伍值再乘模拟玩家数。 | G27: 情景收益 = 最大息壤 × 全局击杀率 × 第1日倍率；队伍值再乘模拟玩家数。 | H27: 情景收益 = 最大息壤 × 全局击杀率 × 第1日倍率；队伍值再乘模拟玩家数。 | I27: 情景收益 = 最大息壤 × 全局击杀率 × 第1日倍率；队伍值再乘模拟玩家数。
A31: 第 2 波｜第 1 日·2/4｜白昼｜当前正式配置 | B31: 第 2 波｜第 1 日·2/4｜白昼｜当前正式配置 | C31: 第 2 波｜第 1 日·2/4｜白昼｜当前正式配置 | D31: 第 2 波｜第 1 日·2/4｜白昼｜当前正式配置 | E31: 第 2 波｜第 1 日·2/4｜白昼｜当前正式配置 | F31: 第 2 波｜第 1 日·2/4｜白昼｜当前正式配置 | G31: 第 2 波｜第 1 日·2/4｜白昼｜当前正式配置 | H31: 第 2 波｜第 1 日·2/4｜白昼｜当前正式配置 | I31: 第 2 波｜第 1 日·2/4｜白昼｜当前正式配置
A32: 波次名称 | B32: 第2波 迅影与硬壳 | C32: 第2波 迅影与硬壳 | D32: 出生间隔(s) | E32: 0.1 | F32: 每Tick | G32: 1 | H32: 存活上限 | I32: 300
A33: 出生点 | B33: 点1·开启 | C33: 点2·开启 | D33: 点3·开启 | E33: 点4·开启 | F33: 点5·关闭 | G33: 点6·关闭 | H33: 波次校验 | I33: =IF(COUNTA(B36:B53)=0,"待设计",IF(COUNTIF(I36:I53,"可回读")=COUNTA(B36:B53),"可回读","需修正")) -> 可回读
A34: 仅编辑蓝色列。敌人数值、固定息壤与掉落统一在“敌人目录”维护；本页按实际数量逐项精确结算息壤。 | B34: 仅编辑蓝色列。敌人数值、固定息壤与掉落统一在“敌人目录”维护；本页按实际数量逐项精确结算息壤。 | C34: 仅编辑蓝色列。敌人数值、固定息壤与掉落统一在“敌人目录”维护；本页按实际数量逐项精确结算息壤。 | D34: 仅编辑蓝色列。敌人数值、固定息壤与掉落统一在“敌人目录”维护；本页按实际数量逐项精确结算息壤。 | E34: 仅编辑蓝色列。敌人数值、固定息壤与掉落统一在“敌人目录”维护；本页按实际数量逐项精确结算息壤。 | F34: 仅编辑蓝色列。敌人数值、固定息壤与掉落统一在“敌人目录”维护；本页按实际数量逐项精确结算息壤。 | G34: 仅编辑蓝色列。敌人数值、固定息壤与掉落统一在“敌人目录”维护；本页按实际数量逐项精确结算息壤。 | H34: 仅编辑蓝色列。敌人数值、固定息壤与掉落统一在“敌人目录”维护；本页按实际数量逐项精确结算息壤。 | I34: 仅编辑蓝色列。敌人数值、固定息壤与掉落统一在“敌人目录”维护；本页按实际数量逐项精确结算息壤。
A35: 槽位 | B35: 敌人（下拉选择） | C35: 基础数量 | D35: 实际数量 | E35: 息壤/击杀 | F35: 本项最大息壤/玩家 | G35: 本项情景息壤/玩家 | H35: 本项情景息壤/队伍 | I35: 校验
A36: 1 | B36: 史莱姆 | C36: 2000 | D36: =IF(OR(B36="",C36=""),"",ROUNDUP(C36*(1+(全局设置!$B$5-1)*全局设置!$B$6),0)) -> 2000 | E36: =IFERROR(VLOOKUP(B36,敌人目录!$A$6:$AD$54,13,FALSE),"") -> 1 | F36: =IF(D36="","",D36*E36) -> 2000 | G36: =IF(F36="","",F36*全局设置!$B$7*全局设置!$C$14) -> 2000 | H36: =IF(G36="","",G36*全局设置!$B$5) -> 2000 | I36: =IF(AND(B36="",C36=""),"",IF(B36="","缺少敌人",IF(C36="","缺少数量",IF(OR(C36<1,C36>9999,C36<>INT(C36)),"数量无效",IF(COUNTIF($B$36:$B$53,B36)>1,"重复敌人",IFERROR(IF(VLOOKUP(B36,敌人目录!$A$6:$AD$54,27,FALSE)="可回读","可回读","敌人参数错误"),"敌人不存在")))))) -> 可回读
A37: 2 | B37: 火焰史莱姆 | C37: 400 | D37: =IF(OR(B37="",C37=""),"",ROUNDUP(C37*(1+(全局设置!$B$5-1)*全局设置!$B$6),0)) -> 400 | E37: =IFERROR(VLOOKUP(B37,敌人目录!$A$6:$AD$54,13,FALSE),"") -> 1 | F37: =IF(D37="","",D37*E37) -> 400 | G37: =IF(F37="","",F37*全局设置!$B$7*全局设置!$C$14) -> 400 | H37: =IF(G37="","",G37*全局设置!$B$5) -> 400 | I37: =IF(AND(B37="",C37=""),"",IF(B37="","缺少敌人",IF(C37="","缺少数量",IF(OR(C37<1,C37>9999,C37<>INT(C37)),"数量无效",IF(COUNTIF($B$36:$B$53,B37)>1,"重复敌人",IFERROR(IF(VLOOKUP(B37,敌人目录!$A$6:$AD$54,27,FALSE)="可回读","可回读","敌人参数错误"),"敌人不存在")))))) -> 可回读
A38: 3 | B38: 普通原石虫 | C38: 500 | D38: =IF(OR(B38="",C38=""),"",ROUNDUP(C38*(1+(全局设置!$B$5-1)*全局设置!$B$6),0)) -> 500 | E38: =IFERROR(VLOOKUP(B38,敌人目录!$A$6:$AD$54,13,FALSE),"") -> 1 | F38: =IF(D38="","",D38*E38) -> 500 | G38: =IF(F38="","",F38*全局设置!$B$7*全局设置!$C$14) -> 500 | H38: =IF(G38="","",G38*全局设置!$B$5) -> 500 | I38: =IF(AND(B38="",C38=""),"",IF(B38="","缺少敌人",IF(C38="","缺少数量",IF(OR(C38<1,C38>9999,C38<>INT(C38)),"数量无效",IF(COUNTIF($B$36:$B$53,B38)>1,"重复敌人",IFERROR(IF(VLOOKUP(B38,敌人目录!$A$6:$AD$54,27,FALSE)="可回读","可回读","敌人参数错误"),"敌人不存在")))))) -> 可回读
A39: 4 | B39: 迅捷原石虫 | C39: 300 | D39: =IF(OR(B39="",C39=""),"",ROUNDUP(C39*(1+(全局设置!$B$5-1)*全局设置!$B$6),0)) -> 300 | E39: =IFERROR(VLOOKUP(B39,敌人目录!$A$6:$AD$54,13,FALSE),"") -> 1 | F39: =IF(D39="","",D39*E39) -> 300 | G39: =IF(F39="","",F39*全局设置!$B$7*全局设置!$C$14) -> 300 | H39: =IF(G39="","",G39*全局设置!$B$5) -> 300 | I39: =IF(AND(B39="",C39=""),"",IF(B39="","缺少敌人",IF(C39="","缺少数量",IF(OR(C39<1,C39>9999,C39<>INT(C39)),"数量无效",IF(COUNTIF($B$36:$B$53,B39)>1,"重复敌人",IFERROR(IF(VLOOKUP(B39,敌人目录!$A$6:$AD$54,27,FALSE)="可回读","可回读","敌人参数错误"),"敌人不存在")))))) -> 可回读
A40: 5 | B40: 硬壳原石虫 | C40: 200 | D40: =IF(OR(B40="",C40=""),"",ROUNDUP(C40*(1+(全局设置!$B$5-1)*全局设置!$B$6),0)) -> 200 | E40: =IFERROR(VLOOKUP(B40,敌人目录!$A$6:$AD$54,13,FALSE),"") -> 2 | F40: =IF(D40="","",D40*E40) -> 400 | G40: =IF(F40="","",F40*全局设置!$B$7*全局设置!$C$14) -> 400 | H40: =IF(G40="","",G40*全局设置!$B$5) -> 400 | I40: =IF(AND(B40="",C40=""),"",IF(B40="","缺少敌人",IF(C40="","缺少数量",IF(OR(C40<1,C40>9999,C40<>INT(C40)),"数量无效",IF(COUNTIF($B$36:$B$53,B40)>1,"重复敌人",IFERROR(IF(VLOOKUP(B40,敌人目录!$A$6:$AD$54,27,FALSE)="可回读","可回读","敌人参数错误"),"敌人不存在")))))) -> 可回读
A41: 6 | B41: 火焰弹原石虫 | C41: 50 | D41: =IF(OR(B41="",C41=""),"",ROUNDUP(C41*(1+(全局设置!$B$5-1)*全局设置!$B$6),0)) -> 50 | E41: =IFERROR(VLOOKUP(B41,敌人目录!$A$6:$AD$54,13,FALSE),"") -> 1 | F41: =IF(D41="","",D41*E41) -> 50 | G41: =IF(F41="","",F41*全局设置!$B$7*全局设置!$C$14) -> 50 | H41: =IF(G41="","",G41*全局设置!$B$5) -> 50 | I41: =IF(AND(B41="",C41=""),"",IF(B41="","缺少敌人",IF(C41="","缺少数量",IF(OR(C41<1,C41>9999,C41<>INT(C41)),"数量无效",IF(COUNTIF($B$36:$B$53,B41)>1,"重复敌人",IFERROR(IF(VLOOKUP(B41,敌人目录!$A$6:$AD$54,27,FALSE)="可回读","可回读","敌人参数错误"),"敌人不存在")))))) -> 可回读
A42: 7 | B42: 寒冰史莱姆 | C42: 400 | D42: =IF(OR(B42="",C42=""),"",ROUNDUP(C42*(1+(全局设置!$B$5-1)*全局设置!$B$6),0)) -> 400 | E42: =IFERROR(VLOOKUP(B42,敌人目录!$A$6:$AD$54,13,FALSE),"") -> 1 | F42: =IF(D42="","",D42*E42) -> 400 | G42: =IF(F42="","",F42*全局设置!$B$7*全局设置!$C$14) -> 400 | H42: =IF(G42="","",G42*全局设置!$B$5) -> 400 | I42: =IF(AND(B42="",C42=""),"",IF(B42="","缺少敌人",IF(C42="","缺少数量",IF(OR(C42<1,C42>9999,C42<>INT(C42)),"数量无效",IF(COUNTIF($B$36:$B$53,B42)>1,"重复敌人",IFERROR(IF(VLOOKUP(B42,敌人目录!$A$6:$AD$54,27,FALSE)="可回读","可回读","敌人参数错误"),"敌人不存在")))))) -> 可回读
A43: 8 | D43: =IF(OR(B43="",C43=""),"",ROUNDUP(C43*(1+(全局设置!$B$5-1)*全局设置!$B$6),0)) | E43: =IFERROR(VLOOKUP(B43,敌人目录!$A$6:$AD$54,13,FALSE),"") | F43: =IF(D43="","",D43*E43) | G43: =IF(F43="","",F43*全局设置!$B$7*全局设置!$C$14) | H43: =IF(G43="","",G43*全局设置!$B$5) | I43: =IF(AND(B43="",C43=""),"",IF(B43="","缺少敌人",IF(C43="","缺少数量",IF(OR(C43<1,C43>9999,C43<>INT(C43)),"数量无效",IF(COUNTIF($B$36:$B$53,B43)>1,"重复敌人",IFERROR(IF(VLOOKUP(B43,敌人目录!$A$6:$AD$54,27,FALSE)="可回读","可回读","敌人参数错误"),"敌人不存在"))))))
A44: 9 | D44: =IF(OR(B44="",C44=""),"",ROUNDUP(C44*(1+(全局设置!$B$5-1)*全局设置!$B$6),0)) | E44: =IFERROR(VLOOKUP(B44,敌人目录!$A$6:$AD$54,13,FALSE),"") | F44: =IF(D44="","",D44*E44) | G44: =IF(F44="","",F44*全局设置!$B$7*全局设置!$C$14) | H44: =IF(G44="","",G44*全局设置!$B$5) | I44: =IF(AND(B44="",C44=""),"",IF(B44="","缺少敌人",IF(C44="","缺少数量",IF(OR(C44<1,C44>9999,C44<>INT(C44)),"数量无效",IF(COUNTIF($B$36:$B$53,B44)>1,"重复敌人",IFERROR(IF(VLOOKUP(B44,敌人目录!$A$6:$AD$54,27,FALSE)="可回读","可回读","敌人参数错误"),"敌人不存在"))))))
A45: 10 | D45: =IF(OR(B45="",C45=""),"",ROUNDUP(C45*(1+(全局设置!$B$5-1)*全局设置!$B$6),0)) | E45: =IFERROR(VLOOKUP(B45,敌人目录!$A$6:$AD$54,13,FALSE),"") | F45: =IF(D45="","",D45*E45) | G45: =IF(F45="","",F45*全局设置!$B$7*全局设置!$C$14) | H45: =IF(G45="","",G45*全局设置!$B$5) | I45: =IF(AND(B45="",C45=""),"",IF(B45="","缺少敌人",IF(C45="","缺少数量",IF(OR(C45<1,C45>9999,C45<>INT(C45)),"数量无效",IF(COUNTIF($B$36:$B$53,B45)>1,"重复敌人",IFERROR(IF(VLOOKUP(B45,敌人目录!$A$6:$AD$54,27,FALSE)="可回读","可回读","敌人参数错误"),"敌人不存在"))))))
A46: 11 | D46: =IF(OR(B46="",C46=""),"",ROUNDUP(C46*(1+(全局设置!$B$5-1)*全局设置!$B$6),0)) | E46: =IFERROR(VLOOKUP(B46,敌人目录!$A$6:$AD$54,13,FALSE),"") | F46: =IF(D46="","",D46*E46) | G46: =IF(F46="","",F46*全局设置!$B$7*全局设置!$C$14) | H46: =IF(G46="","",G46*全局设置!$B$5) | I46: =IF(AND(B46="",C46=""),"",IF(B46="","缺少敌人",IF(C46="","缺少数量",IF(OR(C46<1,C46>9999,C46<>INT(C46)),"数量无效",IF(COUNTIF($B$36:$B$53,B46)>1,"重复敌人",IFERROR(IF(VLOOKUP(B46,敌人目录!$A$6:$AD$54,27,FALSE)="可回读","可回读","敌人参数错误"),"敌人不存在"))))))
A47: 12 | D47: =IF(OR(B47="",C47=""),"",ROUNDUP(C47*(1+(全局设置!$B$5-1)*全局设置!$B$6),0)) | E47: =IFERROR(VLOOKUP(B47,敌人目录!$A$6:$AD$54,13,FALSE),"") | F47: =IF(D47="","",D47*E47) | G47: =IF(F47="","",F47*全局设置!$B$7*全局设置!$C$14) | H47: =IF(G47="","",G47*全局设置!$B$5) | I47: =IF(AND(B47="",C47=""),"",IF(B47="","缺少敌人",IF(C47="","缺少数量",IF(OR(C47<1,C47>9999,C47<>INT(C47)),"数量无效",IF(COUNTIF($B$36:$B$53,B47)>1,"重复敌人",IFERROR(IF(VLOOKUP(B47,敌人目录!$A$6:$AD$54,27,FALSE)="可回读","可回读","敌人参数错误"),"敌人不存在"))))))
A48: 13 | D48: =IF(OR(B48="",C48=""),"",ROUNDUP(C48*(1+(全局设置!$B$5-1)*全局设置!$B$6),0)) | E48: =IFERROR(VLOOKUP(B48,敌人目录!$A$6:$AD$54,13,FALSE),"") | F48: =IF(D48="","",D48*E48) | G48: =IF(F48="","",F48*全局设置!$B$7*全局设置!$C$14) | H48: =IF(G48="","",G48*全局设置!$B$5) | I48: =IF(AND(B48="",C48=""),"",IF(B48="","缺少敌人",IF(C48="","缺少数量",IF(OR(C48<1,C48>9999,C48<>INT(C48)),"数量无效",IF(COUNTIF($B$36:$B$53,B48)>1,"重复敌人",IFERROR(IF(VLOOKUP(B48,敌人目录!$A$6:$AD$54,27,FALSE)="可回读","可回读","敌人参数错误"),"敌人不存在"))))))
A49: 14 | D49: =IF(OR(B49="",C49=""),"",ROUNDUP(C49*(1+(全局设置!$B$5-1)*全局设置!$B$6),0)) | E49: =IFERROR(VLOOKUP(B49,敌人目录!$A$6:$AD$54,13,FALSE),"") | F49: =IF(D49="","",D49*E49) | G49: =IF(F49="","",F49*全局设置!$B$7*全局设置!$C$14) | H49: =IF(G49="","",G49*全局设置!$B$5) | I49: =IF(AND(B49="",C49=""),"",IF(B49="","缺少敌人",IF(C49="","缺少数量",IF(OR(C49<1,C49>9999,C49<>INT(C49)),"数量无效",IF(COUNTIF($B$36:$B$53,B49)>1,"重复敌人",IFERROR(IF(VLOOKUP(B49,敌人目录!$A$6:$AD$54,27,FALSE)="可回读","可回读","敌人参数错误"),"敌人不存在"))))))
A50: 15 | D50: =IF(OR(B50="",C50=""),"",ROUNDUP(C50*(1+(全局设置!$B$5-1)*全局设置!$B$6),0)) | E50: =IFERROR(VLOOKUP(B50,敌人目录!$A$6:$AD$54,13,FALSE),"") | F50: =IF(D50="","",D50*E50) | G50: =IF(F50="","",F50*全局设置!$B$7*全局设置!$C$14) | H50: =IF(G50="","",G50*全局设置!$B$5) | I50: =IF(AND(B50="",C50=""),"",IF(B50="","缺少敌人",IF(C50="","缺少数量",IF(OR(C50<1,C50>9999,C50<>INT(C50)),"数量无效",IF(COUNTIF($B$36:$B$53,B50)>1,"重复敌人",IFERROR(IF(VLOOKUP(B50,敌人目录!$A$6:$AD$54,27,FALSE)="可回读","可回读","敌人参数错误"),"敌人不存在"))))))
A51: 16 | D51: =IF(OR(B51="",C51=""),"",ROUNDUP(C51*(1+(全局设置!$B$5-1)*全局设置!$B$6),0)) | E51: =IFERROR(VLOOKUP(B51,敌人目录!$A$6:$AD$54,13,FALSE),"") | F51: =IF(D51="","",D51*E51) | G51: =IF(F51="","",F51*全局设置!$B$7*全局设置!$C$14) | H51: =IF(G51="","",G51*全局设置!$B$5) | I51: =IF(AND(B51="",C51=""),"",IF(B51="","缺少敌人",IF(C51="","缺少数量",IF(OR(C51<1,C51>9999,C51<>INT(C51)),"数量无效",IF(COUNTIF($B$36:$B$53,B51)>1,"重复敌人",IFERROR(IF(VLOOKUP(B51,敌人目录!$A$6:$AD$54,27,FALSE)="可回读","可回读","敌人参数错误"),"敌人不存在"))))))
A52: 17 | D52: =IF(OR(B52="",C52=""),"",ROUNDUP(C52*(1+(全局设置!$B$5-1)*全局设置!$B$6),0)) | E52: =IFERROR(VLOOKUP(B52,敌人目录!$A$6:$AD$54,13,FALSE),"") | F52: =IF(D52="","",D52*E52) | G52: =IF(F52="","",F52*全局设置!$B$7*全局设置!$C$14) | H52: =IF(G52="","",G52*全局设置!$B$5) | I52: =IF(AND(B52="",C52=""),"",IF(B52="","缺少敌人",IF(C52="","缺少数量",IF(OR(C52<1,C52>9999,C52<>INT(C52)),"数量无效",IF(COUNTIF($B$36:$B$53,B52)>1,"重复敌人",IFERROR(IF(VLOOKUP(B52,敌人目录!$A$6:$AD$54,27,FALSE)="可回读","可回读","敌人参数错误"),"敌人不存在"))))))
A53: 18 | D53: =IF(OR(B53="",C53=""),"",ROUNDUP(C53*(1+(全局设置!$B$5-1)*全局设置!$B$6),0)) | E53: =IFERROR(VLOOKUP(B53,敌人目录!$A$6:$AD$54,13,FALSE),"") | F53: =IF(D53="","",D53*E53) | G53: =IF(F53="","",F53*全局设置!$B$7*全局设置!$C$14) | H53: =IF(G53="","",G53*全局设置!$B$5) | I53: =IF(AND(B53="",C53=""),"",IF(B53="","缺少敌人",IF(C53="","缺少数量",IF(OR(C53<1,C53>9999,C53<>INT(C53)),"数量无效",IF(COUNTIF($B$36:$B$53,B53)>1,"重复敌人",IFERROR(IF(VLOOKUP(B53,敌人目录!$A$6:$AD$54,27,FALSE)="可回读","可回读","敌人参数错误"),"敌人不存在"))))))
A55: 基础总数 | B55: =SUM(C36:C53) -> 3850 | C55: 实际总数 | D55: =SUM(D36:D53) -> 3850 | E55: 最大息壤/玩家 | F55: =SUM(F36:F53) -> 4050 | G55: 情景息壤/玩家 | H55: =SUM(G36:G53) -> 4050
A56: 情景息壤/队伍 | B56: =SUM(H36:H53) -> 4050 | C56: 情景收益 = 最大息壤 × 全局击杀率 × 第1日倍率；队伍值再乘模拟玩家数。 | D56: 情景收益 = 最大息壤 × 全局击杀率 × 第1日倍率；队伍值再乘模拟玩家数。 | E56: 情景收益 = 最大息壤 × 全局击杀率 × 第1日倍率；队伍值再乘模拟玩家数。 | F56: 情景收益 = 最大息壤 × 全局击杀率 × 第1日倍率；队伍值再乘模拟玩家数。 | G56: 情景收益 = 最大息壤 × 全局击杀率 × 第1日倍率；队伍值再乘模拟玩家数。 | H56: 情景收益 = 最大息壤 × 全局击杀率 × 第1日倍率；队伍值再乘模拟玩家数。 | I56: 情景收益 = 最大息壤 × 全局击杀率 × 第1日倍率；队伍值再乘模拟玩家数。
A60: 第 3 波｜第 1 日·3/4｜夜晚｜当前正式配置 | B60: 第 3 波｜第 1 日·3/4｜夜晚｜当前正式配置 | C60: 第 3 波｜第 1 日·3/4｜夜晚｜当前正式配置 | D60: 第 3 波｜第 1 日·3/4｜夜晚｜当前正式配置 | E60: 第 3 波｜第 1 日·3/4｜夜晚｜当前正式配置 | F60: 第 3 波｜第 1 日·3/4｜夜晚｜当前正式配置 | G60: 第 3 波｜第 1 日·3/4｜夜晚｜当前正式配置 | H60: 第 3 波｜第 1 日·3/4｜夜晚｜当前正式配置 | I60: 第 3 波｜第 1 日·3/4｜夜晚｜当前正式配置
A61: 波次名称 | B61: 第3波 火线初现 | C61: 第3波 火线初现 | D61: 出生间隔(s) | E61: 0.1 | F61: 每Tick | G61: 1 | H61: 存活上限 | I61: 300
A62: 出生点 | B62: 点1·开启 | C62: 点2·开启 | D62: 点3·开启 | E62: 点4·开启 | F62: 点5·开启 | G62: 点6·开启 | H62: 波次校验 | I62: =IF(COUNTA(B65:B82)=0,"待设计",IF(COUNTIF(I65:I82,"可回读")=COUNTA(B65:B82),"可回读","需修正")) -> 可回读
A63: 仅编辑蓝色列。敌人数值、固定息壤与掉落统一在“敌人目录”维护；本页按实际数量逐项精确结算息壤。 | B63: 仅编辑蓝色列。敌人数值、固定息壤与掉落统一在“敌人目录”维护；本页按实际数量逐项精确结算息壤。 | C63: 仅编辑蓝色列。敌人数值、固定息壤与掉落统一在“敌人目录”维护；本页按实际数量逐项精确结算息壤。 | D63: 仅编辑蓝色列。敌人数值、固定息壤与掉落统一在“敌人目录”维护；本页按实际数量逐项精确结算息壤。 | E63: 仅编辑蓝色列。敌人数值、固定息壤与掉落统一在“敌人目录”维护；本页按实际数量逐项精确结算息壤。 | F63: 仅编辑蓝色列。敌人数值、固定息壤与掉落统一在“敌人目录”维护；本页按实际数量逐项精确结算息壤。 | G63: 仅编辑蓝色列。敌人数值、固定息壤与掉落统一在“敌人目录”维护；本页按实际数量逐项精确结算息壤。 | H63: 仅编辑蓝色列。敌人数值、固定息壤与掉落统一在“敌人目录”维护；本页按实际数量逐项精确结算息壤。 | I63: 仅编辑蓝色列。敌人数值、固定息壤与掉落统一在“敌人目录”维护；本页按实际数量逐项精确结算息壤。
A64: 槽位 | B64: 敌人（下拉选择） | C64: 基础数量 | D64: 实际数量 | E64: 息壤/击杀 | F64: 本项最大息壤/玩家 | G64: 本项情景息壤/玩家 | H64: 本项情景息壤/队伍 | I64: 校验
A65: 1 | B65: 守护者原石虫 | C65: 50 | D65: =IF(OR(B65="",C65=""),"",ROUNDUP(C65*(1+(全局设置!$B$5-1)*全局设置!$B$6),0)) -> 50 | E65: =IFERROR(VLOOKUP(B65,敌人目录!$A$6:$AD$54,13,FALSE),"") -> 2 | F65: =IF(D65="","",D65*E65) -> 100 | G65: =IF(F65="","",F65*全局设置!$B$7*全局设置!$C$14) -> 100 | H65: =IF(G65="","",G65*全局设置!$B$5) -> 100 | I65: =IF(AND(B65="",C65=""),"",IF(B65="","缺少敌人",IF(C65="","缺少数量",IF(OR(C65<1,C65>9999,C65<>INT(C65)),"数量无效",IF(COUNTIF($B$65:$B$82,B65)>1,"重复敌人",IFERROR(IF(VLOOKUP(B65,敌人目录!$A$6:$AD$54,27,FALSE)="可回读","可回读","敌人参数错误"),"敌人不存在")))))) -> 可回读
A66: 2 | B66: 普通原石虫 | C66: 500 | D66: =IF(OR(B66="",C66=""),"",ROUNDUP(C66*(1+(全局设置!$B$5-1)*全局设置!$B$6),0)) -> 500 | E66: =IFERROR(VLOOKUP(B66,敌人目录!$A$6:$AD$54,13,FALSE),"") -> 1 | F66: =IF(D66="","",D66*E66) -> 500 | G66: =IF(F66="","",F66*全局设置!$B$7*全局设置!$C$14) -> 500 | H66: =IF(G66="","",G66*全局设置!$B$5) -> 500 | I66: =IF(AND(B66="",C66=""),"",IF(B66="","缺少敌人",IF(C66="","缺少数量",IF(OR(C66<1,C66>9999,C66<>INT(C66)),"数量无效",IF(COUNTIF($B$65:$B$82,B66)>1,"重复敌人",IFERROR(IF(VLOOKUP(B66,敌人目录!$A$6:$AD$54,27,FALSE)="可回读","可回读","敌人参数错误"),"敌人不存在")))))) -> 可回读
A67: 3 | B67: 硬壳原石虫 | C67: 1000 | D67: =IF(OR(B67="",C67=""),"",ROUNDUP(C67*(1+(全局设置!$B$5-1)*全局设置!$B$6),0)) -> 1000 | E67: =IFERROR(VLOOKUP(B67,敌人目录!$A$6:$AD$54,13,FALSE),"") -> 2 | F67: =IF(D67="","",D67*E67) -> 2000 | G67: =IF(F67="","",F67*全局设置!$B$7*全局设置!$C$14) -> 2000 | H67: =IF(G67="","",G67*全局设置!$B$5) -> 2000 | I67: =IF(AND(B67="",C67=""),"",IF(B67="","缺少敌人",IF(C67="","缺少数量",IF(OR(C67<1,C67>9999,C67<>INT(C67)),"数量无效",IF(COUNTIF($B$65:$B$82,B67)>1,"重复敌人",IFERROR(IF(VLOOKUP(B67,敌人目录!$A$6:$AD$54,27,FALSE)="可回读","可回读","敌人参数错误"),"敌人不存在")))))) -> 可回读
A68: 4 | B68: 自爆原石虫 | C68: 400 | D68: =IF(OR(B68="",C68=""),"",ROUNDUP(C68*(1+(全局设置!$B$5-1)*全局设置!$B$6),0)) -> 400 | E68: =IFERROR(VLOOKUP(B68,敌人目录!$A$6:$AD$54,13,FALSE),"") -> 1 | F68: =IF(D68="","",D68*E68) -> 400 | G68: =IF(F68="","",F68*全局设置!$B$7*全局设置!$C$14) -> 400 | H68: =IF(G68="","",G68*全局设置!$B$5) -> 400 | I68: =IF(AND(B68="",C68=""),"",IF(B68="","缺少敌人",IF(C68="","缺少数量",IF(OR(C68<1,C68>9999,C68<>INT(C68)),"数量无效",IF(COUNTIF($B$65:$B$82,B68)>1,"重复敌人",IFERROR(IF(VLOOKUP(B68,敌人目录!$A$6:$AD$54,27,FALSE)="可回读","可回读","敌人参数错误"),"敌人不存在")))))) -> 可回读
A69: 5 | B69: 绿色史莱姆 | C69: 100 | D69: =IF(OR(B69="",C69=""),"",ROUNDUP(C69*(1+(全局设置!$B$5-1)*全局设置!$B$6),0)) -> 100 | E69: =IFERROR(VLOOKUP(B69,敌人目录!$A$6:$AD$54,13,FALSE),"") -> 1 | F69: =IF(D69="","",D69*E69) -> 100 | G69: =IF(F69="","",F69*全局设置!$B$7*全局设置!$C$14) -> 100 | H69: =IF(G69="","",G69*全局设置!$B$5) -> 100 | I69: =IF(AND(B69="",C69=""),"",IF(B69="","缺少敌人",IF(C69="","缺少数量",IF(OR(C69<1,C69>9999,C69<>INT(C69)),"数量无效",IF(COUNTIF($B$65:$B$82,B69)>1,"重复敌人",IFERROR(IF(VLOOKUP(B69,敌人目录!$A$6:$AD$54,27,FALSE)="可回读","可回读","敌人参数错误"),"敌人不存在")))))) -> 可回读
A70: 6 | B70: 寒冰史莱姆 | C70: 400 | D70: =IF(OR(B70="",C70=""),"",ROUNDUP(C70*(1+(全局设置!$B$5-1)*全局设置!$B$6),0)) -> 400 | E70: =IFERROR(VLOOKUP(B70,敌人目录!$A$6:$AD$54,13,FALSE),"") -> 1 | F70: =IF(D70="","",D70*E70) -> 400 | G70: =IF(F70="","",F70*全局设置!$B$7*全局设置!$C$14) -> 400 | H70: =IF(G70="","",G70*全局设置!$B$5) -> 400 | I70: =IF(AND(B70="",C70=""),"",IF(B70="","缺少敌人",IF(C70="","缺少数量",IF(OR(C70<1,C70>9999,C70<>INT(C70)),"数量无效",IF(COUNTIF($B$65:$B$82,B70)>1,"重复敌人",IFERROR(IF(VLOOKUP(B70,敌人目录!$A$6:$AD$54,27,FALSE)="可回读","可回读","敌人参数错误"),"敌人不存在")))))) -> 可回读
A71: 7 | B71: 火焰弹原石虫 | C71: 500 | D71: =IF(OR(B71="",C71=""),"",ROUNDUP(C71*(1+(全局设置!$B$5-1)*全局设置!$B$6),0)) -> 500 | E71: =IFERROR(VLOOKUP(B71,敌人目录!$A$6:$AD$54,13,FALSE),"") -> 1 | F71: =IF(D71="","",D71*E71) -> 500 | G71: =IF(F71="","",F71*全局设置!$B$7*全局设置!$C$14) -> 500 | H71: =IF(G71="","",G71*全局设置!$B$5) -> 500 | I71: =IF(AND(B71="",C71=""),"",IF(B71="","缺少敌人",IF(C71="","缺少数量",IF(OR(C71<1,C71>9999,C71<>INT(C71)),"数量无效",IF(COUNTIF($B$65:$B$82,B71)>1,"重复敌人",IFERROR(IF(VLOOKUP(B71,敌人目录!$A$6:$AD$54,27,FALSE)="可回读","可回读","敌人参数错误"),"敌人不存在")))))) -> 可回读
A72: 8 | B72: 史莱姆 | C72: 1000 | D72: =IF(OR(B72="",C72=""),"",ROUNDUP(C72*(1+(全局设置!$B$5-1)*全局设置!$B$6),0)) -> 1000 | E72: =IFERROR(VLOOKUP(B72,敌人目录!$A$6:$AD$54,13,FALSE),"") -> 1 | F72: =IF(D72="","",D72*E72) -> 1000 | G72: =IF(F72="","",F72*全局设置!$B$7*全局设置!$C$14) -> 1000 | H72: =IF(G72="","",G72*全局设置!$B$5) -> 1000 | I72: =IF(AND(B72="",C72=""),"",IF(B72="","缺少敌人",IF(C72="","缺少数量",IF(OR(C72<1,C72>9999,C72<>INT(C72)),"数量无效",IF(COUNTIF($B$65:$B$82,B72)>1,"重复敌人",IFERROR(IF(VLOOKUP(B72,敌人目录!$A$6:$AD$54,27,FALSE)="可回读","可回读","敌人参数错误"),"敌人不存在")))))) -> 可回读
A73: 9 | D73: =IF(OR(B73="",C73=""),"",ROUNDUP(C73*(1+(全局设置!$B$5-1)*全局设置!$B$6),0)) | E73: =IFERROR(VLOOKUP(B73,敌人目录!$A$6:$AD$54,13,FALSE),"") | F73: =IF(D73="","",D73*E73) | G73: =IF(F73="","",F73*全局设置!$B$7*全局设置!$C$14) | H73: =IF(G73="","",G73*全局设置!$B$5) | I73: =IF(AND(B73="",C73=""),"",IF(B73="","缺少敌人",IF(C73="","缺少数量",IF(OR(C73<1,C73>9999,C73<>INT(C73)),"数量无效",IF(COUNTIF($B$65:$B$82,B73)>1,"重复敌人",IFERROR(IF(VLOOKUP(B73,敌人目录!$A$6:$AD$54,27,FALSE)="可回读","可回读","敌人参数错误"),"敌人不存在"))))))
A74: 10 | D74: =IF(OR(B74="",C74=""),"",ROUNDUP(C74*(1+(全局设置!$B$5-1)*全局设置!$B$6),0)) | E74: =IFERROR(VLOOKUP(B74,敌人目录!$A$6:$AD$54,13,FALSE),"") | F74: =IF(D74="","",D74*E74) | G74: =IF(F74="","",F74*全局设置!$B$7*全局设置!$C$14) | H74: =IF(G74="","",G74*全局设置!$B$5) | I74: =IF(AND(B74="",C74=""),"",IF(B74="","缺少敌人",IF(C74="","缺少数量",IF(OR(C74<1,C74>9999,C74<>INT(C74)),"数量无效",IF(COUNTIF($B$65:$B$82,B74)>1,"重复敌人",IFERROR(IF(VLOOKUP(B74,敌人目录!$A$6:$AD$54,27,FALSE)="可回读","可回读","敌人参数错误"),"敌人不存在"))))))
A75: 11 | D75: =IF(OR(B75="",C75=""),"",ROUNDUP(C75*(1+(全局设置!$B$5-1)*全局设置!$B$6),0)) | E75: =IFERROR(VLOOKUP(B75,敌人目录!$A$6:$AD$54,13,FALSE),"") | F75: =IF(D75="","",D75*E75) | G75: =IF(F75="","",F75*全局设置!$B$7*全局设置!$C$14) | H75: =IF(G75="","",G75*全局设置!$B$5) | I75: =IF(AND(B75="",C75=""),"",IF(B75="","缺少敌人",IF(C75="","缺少数量",IF(OR(C75<1,C75>9999,C75<>INT(C75)),"数量无效",IF(COUNTIF($B$65:$B$82,B75)>1,"重复敌人",IFERROR(IF(VLOOKUP(B75,敌人目录!$A$6:$AD$54,27,FALSE)="可回读","可回读","敌人参数错误"),"敌人不存在"))))))
A76: 12 | D76: =IF(OR(B76="",C76=""),"",ROUNDUP(C76*(1+(全局设置!$B$5-1)*全局设置!$B$6),0)) | E76: =IFERROR(VLOOKUP(B76,敌人目录!$A$6:$AD$54,13,FALSE),"") | F76: =IF(D76="","",D76*E76) | G76: =IF(F76="","",F76*全局设置!$B$7*全局设置!$C$14) | H76: =IF(G76="","",G76*全局设置!$B$5) | I76: =IF(AND(B76="",C76=""),"",IF(B76="","缺少敌人",IF(C76="","缺少数量",IF(OR(C76<1,C76>9999,C76<>INT(C76)),"数量无效",IF(COUNTIF($B$65:$B$82,B76)>1,"重复敌人",IFERROR(IF(VLOOKUP(B76,敌人目录!$A$6:$AD$54,27,FALSE)="可回读","可回读","敌人参数错误"),"敌人不存在"))))))
A77: 13 | D77: =IF(OR(B77="",C77=""),"",ROUNDUP(C77*(1+(全局设置!$B$5-1)*全局设置!$B$6),0)) | E77: =IFERROR(VLOOKUP(B77,敌人目录!$A$6:$AD$54,13,FALSE),"") | F77: =IF(D77="","",D77*E77) | G77: =IF(F77="","",F77*全局设置!$B$7*全局设置!$C$14) | H77: =IF(G77="","",G77*全局设置!$B$5) | I77: =IF(AND(B77="",C77=""),"",IF(B77="","缺少敌人",IF(C77="","缺少数量",IF(OR(C77<1,C77>9999,C77<>INT(C77)),"数量无效",IF(COUNTIF($B$65:$B$82,B77)>1,"重复敌人",IFERROR(IF(VLOOKUP(B77,敌人目录!$A$6:$AD$54,27,FALSE)="可回读","可回读","敌人参数错误"),"敌人不存在"))))))
A78: 14 | D78: =IF(OR(B78="",C78=""),"",ROUNDUP(C78*(1+(全局设置!$B$5-1)*全局设置!$B$6),0)) | E78: =IFERROR(VLOOKUP(B78,敌人目录!$A$6:$AD$54,13,FALSE),"") | F78: =IF(D78="","",D78*E78) | G78: =IF(F78="","",F78*全局设置!$B$7*全局设置!$C$14) | H78: =IF(G78="","",G78*全局设置!$B$5) | I78: =IF(AND(B78="",C78=""),"",IF(B78="","缺少敌人",IF(C78="","缺少数量",IF(OR(C78<1,C78>9999,C78<>INT(C78)),"数量无效",IF(COUNTIF($B$65:$B$82,B78)>1,"重复敌人",IFERROR(IF(VLOOKUP(B78,敌人目录!$A$6:$AD$54,27,FALSE)="可回读","可回读","敌人参数错误"),"敌人不存在"))))))
A79: 15 | D79: =IF(OR(B79="",C79=""),"",ROUNDUP(C79*(1+(全局设置!$B$5-1)*全局设置!$B$6),0)) | E79: =IFERROR(VLOOKUP(B79,敌人目录!$A$6:$AD$54,13,FALSE),"") | F79: =IF(D79="","",D79*E79) | G79: =IF(F79="","",F79*全局设置!$B$7*全局设置!$C$14) | H79: =IF(G79="","",G79*全局设置!$B$5) | I79: =IF(AND(B79="",C79=""),"",IF(B79="","缺少敌人",IF(C79="","缺少数量",IF(OR(C79<1,C79>9999,C79<>INT(C79)),"数量无效",IF(COUNTIF($B$65:$B$82,B79)>1,"重复敌人",IFERROR(IF(VLOOKUP(B79,敌人目录!$A$6:$AD$54,27,FALSE)="可回读","可回读","敌人参数错误"),"敌人不存在"))))))
A80: 16 | D80: =IF(OR(B80="",C80=""),"",ROUNDUP(C80*(1+(全局设置!$B$5-1)*全局设置!$B$6),0)) | E80: =IFERROR(VLOOKUP(B80,敌人目录!$A$6:$AD$54,13,FALSE),"") | F80: =IF(D80="","",D80*E80) | G80: =IF(F80="","",F80*全局设置!$B$7*全局设置!$C$14) | H80: =IF(G80="","",G80*全局设置!$B$5) | I80: =IF(AND(B80="",C80=""),"",IF(B80="","缺少敌人",IF(C80="","缺少数量",IF(OR(C80<1,C80>9999,C80<>INT(C80)),"数量无效",IF(COUNTIF($B$65:$B$82,B80)>1,"重复敌人",IFERROR(IF(VLOOKUP(B80,敌人目录!$A$6:$AD$54,27,FALSE)="可回读","可回读","敌人参数错误"),"敌人不存在"))))))
A81: 17 | D81: =IF(OR(B81="",C81=""),"",ROUNDUP(C81*(1+(全局设置!$B$5-1)*全局设置!$B$6),0)) | E81: =IFERROR(VLOOKUP(B81,敌人目录!$A$6:$AD$54,13,FALSE),"") | F81: =IF(D81="","",D81*E81) | G81: =IF(F81="","",F81*全局设置!$B$7*全局设置!$C$14) | H81: =IF(G81="","",G81*全局设置!$B$5) | I81: =IF(AND(B81="",C81=""),"",IF(B81="","缺少敌人",IF(C81="","缺少数量",IF(OR(C81<1,C81>9999,C81<>INT(C81)),"数量无效",IF(COUNTIF($B$65:$B$82,B81)>1,"重复敌人",IFERROR(IF(VLOOKUP(B81,敌人目录!$A$6:$AD$54,27,FALSE)="可回读","可回读","敌人参数错误"),"敌人不存在"))))))
A82: 18 | D82: =IF(OR(B82="",C82=""),"",ROUNDUP(C82*(1+(全局设置!$B$5-1)*全局设置!$B$6),0)) | E82: =IFERROR(VLOOKUP(B82,敌人目录!$A$6:$AD$54,13,FALSE),"") | F82: =IF(D82="","",D82*E82) | G82: =IF(F82="","",F82*全局设置!$B$7*全局设置!$C$14) | H82: =IF(G82="","",G82*全局设置!$B$5) | I82: =IF(AND(B82="",C82=""),"",IF(B82="","缺少敌人",IF(C82="","缺少数量",IF(OR(C82<1,C82>9999,C82<>INT(C82)),"数量无效",IF(COUNTIF($B$65:$B$82,B82)>1,"重复敌人",IFERROR(IF(VLOOKUP(B82,敌人目录!$A$6:$AD$54,27,FALSE)="可回读","可回读","敌人参数错误"),"敌人不存在"))))))
A84: 基础总数 | B84: =SUM(C65:C82) -> 3950 | C84: 实际总数 | D84: =SUM(D65:D82) -> 3950 | E84: 最大息壤/玩家 | F84: =SUM(F65:F82) -> 5000 | G84: 情景息壤/玩家 | H84: =SUM(G65:G82) -> 5000
A85: 情景息壤/队伍 | B85: =SUM(H65:H82) -> 5000 | C85: 情景收益 = 最大息壤 × 全局击杀率 × 第1日倍率；队伍值再乘模拟玩家数。 | D85: 情景收益 = 最大息壤 × 全局击杀率 × 第1日倍率；队伍值再乘模拟玩家数。 | E85: 情景收益 = 最大息壤 × 全局击杀率 × 第1日倍率；队伍值再乘模拟玩家数。 | F85: 情景收益 = 最大息壤 × 全局击杀率 × 第1日倍率；队伍值再乘模拟玩家数。 | G85: 情景收益 = 最大息壤 × 全局击杀率 × 第1日倍率；队伍值再乘模拟玩家数。 | H85: 情景收益 = 最大息壤 × 全局击杀率 × 第1日倍率；队伍值再乘模拟玩家数。 | I85: 情景收益 = 最大息壤 × 全局击杀率 × 第1日倍率；队伍值再乘模拟玩家数。
A89: 第 4 波｜第 1 日·4/4｜夜晚｜当前正式配置 | B89: 第 4 波｜第 1 日·4/4｜夜晚｜当前正式配置 | C89: 第 4 波｜第 1 日·4/4｜夜晚｜当前正式配置 | D89: 第 4 波｜第 1 日·4/4｜夜晚｜当前正式配置 | E89: 第 4 波｜第 1 日·4/4｜夜晚｜当前正式配置 | F89: 第 4 波｜第 1 日·4/4｜夜晚｜当前正式配置 | G89: 第 4 波｜第 1 日·4/4｜夜晚｜当前正式配置 | H89: 第 4 波｜第 1 日·4/4｜夜晚｜当前正式配置 | I89: 第 4 波｜第 1 日·4/4｜夜晚｜当前正式配置
A90: 波次名称 | B90: 第4波 林地合围 | C90: 第4波 林地合围 | D90: 出生间隔(s) | E90: 0.1 | F90: 每Tick | G90: 1 | H90: 存活上限 | I90: 300
A91: 出生点 | B91: 点1·开启 | C91: 点2·开启 | D91: 点3·开启 | E91: 点4·开启 | F91: 点5·开启 | G91: 点6·开启 | H91: 波次校验 | I91: =IF(COUNTA(B94:B111)=0,"待设计",IF(COUNTIF(I94:I111,"可回读")=COUNTA(B94:B111),"可回读","需修正")) -> 待设计
A92: 仅编辑蓝色列。敌人数值、固定息壤与掉落统一在“敌人目录”维护；本页按实际数量逐项精确结算息壤。 | B92: 仅编辑蓝色列。敌人数值、固定息壤与掉落统一在“敌人目录”维护；本页按实际数量逐项精确结算息壤。 | C92: 仅编辑蓝色列。敌人数值、固定息壤与掉落统一在“敌人目录”维护；本页按实际数量逐项精确结算息壤。 | D92: 仅编辑蓝色列。敌人数值、固定息壤与掉落统一在“敌人目录”维护；本页按实际数量逐项精确结算息壤。 | E92: 仅编辑蓝色列。敌人数值、固定息壤与掉落统一在“敌人目录”维护；本页按实际数量逐项精确结算息壤。 | F92: 仅编辑蓝色列。敌人数值、固定息壤与掉落统一在“敌人目录”维护；本页按实际数量逐项精确结算息壤。 | G92: 仅编辑蓝色列。敌人数值、固定息壤与掉落统一在“敌人目录”维护；本页按实际数量逐项精确结算息壤。 | H92: 仅编辑蓝色列。敌人数值、固定息壤与掉落统一在“敌人目录”维护；本页按实际数量逐项精确结算息壤。 | I92: 仅编辑蓝色列。敌人数值、固定息壤与掉落统一在“敌人目录”维护；本页按实际数量逐项精确结算息壤。
A93: 槽位 | B93: 敌人（下拉选择） | C93: 基础数量 | D93: 实际数量 | E93: 息壤/击杀 | F93: 本项最大息壤/玩家 | G93: 本项情景息壤/玩家 | H93: 本项情景息壤/队伍 | I93: 校验
A94: 1 | D94: =IF(OR(B94="",C94=""),"",ROUNDUP(C94*(1+(全局设置!$B$5-1)*全局设置!$B$6),0)) | E94: =IFERROR(VLOOKUP(B94,敌人目录!$A$6:$AD$54,13,FALSE),"") | F94: =IF(D94="","",D94*E94) | G94: =IF(F94="","",F94*全局设置!$B$7*全局设置!$C$14) | H94: =IF(G94="","",G94*全局设置!$B$5) | I94: =IF(AND(B94="",C94=""),"",IF(B94="","缺少敌人",IF(C94="","缺少数量",IF(OR(C94<1,C94>9999,C94<>INT(C94)),"数量无效",IF(COUNTIF($B$94:$B$111,B94)>1,"重复敌人",IFERROR(IF(VLOOKUP(B94,敌人目录!$A$6:$AD$54,27,FALSE)="可回读","可回读","敌人参数错误"),"敌人不存在"))))))
A95: 2 | D95: =IF(OR(B95="",C95=""),"",ROUNDUP(C95*(1+(全局设置!$B$5-1)*全局设置!$B$6),0)) | E95: =IFERROR(VLOOKUP(B95,敌人目录!$A$6:$AD$54,13,FALSE),"") | F95: =IF(D95="","",D95*E95) | G95: =IF(F95="","",F95*全局设置!$B$7*全局设置!$C$14) | H95: =IF(G95="","",G95*全局设置!$B$5) | I95: =IF(AND(B95="",C95=""),"",IF(B95="","缺少敌人",IF(C95="","缺少数量",IF(OR(C95<1,C95>9999,C95<>INT(C95)),"数量无效",IF(COUNTIF($B$94:$B$111,B95)>1,"重复敌人",IFERROR(IF(VLOOKUP(B95,敌人目录!$A$6:$AD$54,27,FALSE)="可回读","可回读","敌人参数错误"),"敌人不存在"))))))
A96: 3 | D96: =IF(OR(B96="",C96=""),"",ROUNDUP(C96*(1+(全局设置!$B$5-1)*全局设置!$B$6),0)) | E96: =IFERROR(VLOOKUP(B96,敌人目录!$A$6:$AD$54,13,FALSE),"") | F96: =IF(D96="","",D96*E96) | G96: =IF(F96="","",F96*全局设置!$B$7*全局设置!$C$14) | H96: =IF(G96="","",G96*全局设置!$B$5) | I96: =IF(AND(B96="",C96=""),"",IF(B96="","缺少敌人",IF(C96="","缺少数量",IF(OR(C96<1,C96>9999,C96<>INT(C96)),"数量无效",IF(COUNTIF($B$94:$B$111,B96)>1,"重复敌人",IFERROR(IF(VLOOKUP(B96,敌人目录!$A$6:$AD$54,27,FALSE)="可回读","可回读","敌人参数错误"),"敌人不存在"))))))
A97: 4 | D97: =IF(OR(B97="",C97=""),"",ROUNDUP(C97*(1+(全局设置!$B$5-1)*全局设置!$B$6),0)) | E97: =IFERROR(VLOOKUP(B97,敌人目录!$A$6:$AD$54,13,FALSE),"") | F97: =IF(D97="","",D97*E97) | G97: =IF(F97="","",F97*全局设置!$B$7*全局设置!$C$14) | H97: =IF(G97="","",G97*全局设置!$B$5) | I97: =IF(AND(B97="",C97=""),"",IF(B97="","缺少敌人",IF(C97="","缺少数量",IF(OR(C97<1,C97>9999,C97<>INT(C97)),"数量无效",IF(COUNTIF($B$94:$B$111,B97)>1,"重复敌人",IFERROR(IF(VLOOKUP(B97,敌人目录!$A$6:$AD$54,27,FALSE)="可回读","可回读","敌人参数错误"),"敌人不存在"))))))
A98: 5 | D98: =IF(OR(B98="",C98=""),"",ROUNDUP(C98*(1+(全局设置!$B$5-1)*全局设置!$B$6),0)) | E98: =IFERROR(VLOOKUP(B98,敌人目录!$A$6:$AD$54,13,FALSE),"") | F98: =IF(D98="","",D98*E98) | G98: =IF(F98="","",F98*全局设置!$B$7*全局设置!$C$14) | H98: =IF(G98="","",G98*全局设置!$B$5) | I98: =IF(AND(B98="",C98=""),"",IF(B98="","缺少敌人",IF(C98="","缺少数量",IF(OR(C98<1,C98>9999,C98<>INT(C98)),"数量无效",IF(COUNTIF($B$94:$B$111,B98)>1,"重复敌人",IFERROR(IF(VLOOKUP(B98,敌人目录!$A$6:$AD$54,27,FALSE)="可回读","可回读","敌人参数错误"),"敌人不存在"))))))
A99: 6 | D99: =IF(OR(B99="",C99=""),"",ROUNDUP(C99*(1+(全局设置!$B$5-1)*全局设置!$B$6),0)) | E99: =IFERROR(VLOOKUP(B99,敌人目录!$A$6:$AD$54,13,FALSE),"") | F99: =IF(D99="","",D99*E99) | G99: =IF(F99="","",F99*全局设置!$B$7*全局设置!$C$14) | H99: =IF(G99="","",G99*全局设置!$B$5) | I99: =IF(AND(B99="",C99=""),"",IF(B99="","缺少敌人",IF(C99="","缺少数量",IF(OR(C99<1,C99>9999,C99<>INT(C99)),"数量无效",IF(COUNTIF($B$94:$B$111,B99)>1,"重复敌人",IFERROR(IF(VLOOKUP(B99,敌人目录!$A$6:$AD$54,27,FALSE)="可回读","可回读","敌人参数错误"),"敌人不存在"))))))
A100: 7 | D100: =IF(OR(B100="",C100=""),"",ROUNDUP(C100*(1+(全局设置!$B$5-1)*全局设置!$B$6),0)) | E100: =IFERROR(VLOOKUP(B100,敌人目录!$A$6:$AD$54,13,FALSE),"") | F100: =IF(D100="","",D100*E100) | G100: =IF(F100="","",F100*全局设置!$B$7*全局设置!$C$14) | H100: =IF(G100="","",G100*全局设置!$B$5) | I100: =IF(AND(B100="",C100=""),"",IF(B100="","缺少敌人",IF(C100="","缺少数量",IF(OR(C100<1,C100>9999,C100<>INT(C100)),"数量无效",IF(COUNTIF($B$94:$B$111,B100)>1,"重复敌人",IFERROR(IF(VLOOKUP(B100,敌人目录!$A$6:$AD$54,27,FALSE)="可回读","可回读","敌人参数错误"),"敌人不存在"))))))
A101: 8 | D101: =IF(OR(B101="",C101=""),"",ROUNDUP(C101*(1+(全局设置!$B$5-1)*全局设置!$B$6),0)) | E101: =IFERROR(VLOOKUP(B101,敌人目录!$A$6:$AD$54,13,FALSE),"") | F101: =IF(D101="","",D101*E101) | G101: =IF(F101="","",F101*全局设置!$B$7*全局设置!$C$14) | H101: =IF(G101="","",G101*全局设置!$B$5) | I101: =IF(AND(B101="",C101=""),"",IF(B101="","缺少敌人",IF(C101="","缺少数量",IF(OR(C101<1,C101>9999,C101<>INT(C101)),"数量无效",IF(COUNTIF($B$94:$B$111,B101)>1,"重复敌人",IFERROR(IF(VLOOKUP(B101,敌人目录!$A$6:$AD$54,27,FALSE)="可回读","可回读","敌人参数错误"),"敌人不存在"))))))
A102: 9 | D102: =IF(OR(B102="",C102=""),"",ROUNDUP(C102*(1+(全局设置!$B$5-1)*全局设置!$B$6),0)) | E102: =IFERROR(VLOOKUP(B102,敌人目录!$A$6:$AD$54,13,FALSE),"") | F102: =IF(D102="","",D102*E102) | G102: =IF(F102="","",F102*全局设置!$B$7*全局设置!$C$14) | H102: =IF(G102="","",G102*全局设置!$B$5) | I102: =IF(AND(B102="",C102=""),"",IF(B102="","缺少敌人",IF(C102="","缺少数量",IF(OR(C102<1,C102>9999,C102<>INT(C102)),"数量无效",IF(COUNTIF($B$94:$B$111,B102)>1,"重复敌人",IFERROR(IF(VLOOKUP(B102,敌人目录!$A$6:$AD$54,27,FALSE)="可回读","可回读","敌人参数错误"),"敌人不存在"))))))
A103: 10 | D103: =IF(OR(B103="",C103=""),"",ROUNDUP(C103*(1+(全局设置!$B$5-1)*全局设置!$B$6),0)) | E103: =IFERROR(VLOOKUP(B103,敌人目录!$A$6:$AD$54,13,FALSE),"") | F103: =IF(D103="","",D103*E103) | G103: =IF(F103="","",F103*全局设置!$B$7*全局设置!$C$14) | H103: =IF(G103="","",G103*全局设置!$B$5) | I103: =IF(AND(B103="",C103=""),"",IF(B103="","缺少敌人",IF(C103="","缺少数量",IF(OR(C103<1,C103>9999,C103<>INT(C103)),"数量无效",IF(COUNTIF($B$94:$B$111,B103)>1,"重复敌人",IFERROR(IF(VLOOKUP(B103,敌人目录!$A$6:$AD$54,27,FALSE)="可回读","可回读","敌人参数错误"),"敌人不存在"))))))
A104: 11 | D104: =IF(OR(B104="",C104=""),"",ROUNDUP(C104*(1+(全局设置!$B$5-1)*全局设置!$B$6),0)) | E104: =IFERROR(VLOOKUP(B104,敌人目录!$A$6:$AD$54,13,FALSE),"") | F104: =IF(D104="","",D104*E104) | G104: =IF(F104="","",F104*全局设置!$B$7*全局设置!$C$14) | H104: =IF(G104="","",G104*全局设置!$B$5) | I104: =IF(AND(B104="",C104=""),"",IF(B104="","缺少敌人",IF(C104="","缺少数量",IF(OR(C104<1,C104>9999,C104<>INT(C104)),"数量无效",IF(COUNTIF($B$94:$B$111,B104)>1,"重复敌人",IFERROR(IF(VLOOKUP(B104,敌人目录!$A$6:$AD$54,27,FALSE)="可回读","可回读","敌人参数错误"),"敌人不存在"))))))
A105: 12 | D105: =IF(OR(B105="",C105=""),"",ROUNDUP(C105*(1+(全局设置!$B$5-1)*全局设置!$B$6),0)) | E105: =IFERROR(VLOOKUP(B105,敌人目录!$A$6:$AD$54,13,FALSE),"") | F105: =IF(D105="","",D105*E105) | G105: =IF(F105="","",F105*全局设置!$B$7*全局设置!$C$14) | H105: =IF(G105="","",G105*全局设置!$B$5) | I105: =IF(AND(B105="",C105=""),"",IF(B105="","缺少敌人",IF(C105="","缺少数量",IF(OR(C105<1,C105>9999,C105<>INT(C105)),"数量无效",IF(COUNTIF($B$94:$B$111,B105)>1,"重复敌人",IFERROR(IF(VLOOKUP(B105,敌人目录!$A$6:$AD$54,27,FALSE)="可回读","可回读","敌人参数错误"),"敌人不存在"))))))
... A111: 18 | D111: =IF(OR(B111="",C111=""),"",ROUNDUP(C111*(1+(全局设置!$B$5-1)*全局设置!$B$6),0)) | E111: =IFERROR(VLOOKUP(B111,敌人目录!$A$6:$AD$54,13,FALSE),"") | F111: =IF(D111="","",D111*E111) | G111: =IF(F111="","",F111*全局设置!$B$7*全局设置!$C$14) | H111: =IF(G111="","",G111*全局设置!$B$5) | I111: =IF(AND(B111="",C111=""),"",IF(B111="","缺少敌人",IF(C111="","缺少数量",IF(OR(C111<1,C111>9999,C111<>INT(C111)),"数量无效",IF(COUNTIF($B$94:$B$111,B111)>1,"重复敌人",IFERROR(IF(VLOOKUP(B111,敌人目录!$A$6:$AD$54,27,FALSE)="可回读","可回读","敌人参数错误"),"敌人不存在"))))))
A113: 基础总数 | B113: =SUM(C94:C111) -> 0 | C113: 实际总数 | D113: =SUM(D94:D111) -> 0 | E113: 最大息壤/玩家 | F113: =SUM(F94:F111) -> 0 | G113: 情景息壤/玩家 | H113: =SUM(G94:G111) -> 0
A114: 情景息壤/队伍 | B114: =SUM(H94:H111) -> 0 | C114: 情景收益 = 最大息壤 × 全局击杀率 × 第1日倍率；队伍值再乘模拟玩家数。 | D114: 情景收益 = 最大息壤 × 全局击杀率 × 第1日倍率；队伍值再乘模拟玩家数。 | E114: 情景收益 = 最大息壤 × 全局击杀率 × 第1日倍率；队伍值再乘模拟玩家数。 | F114: 情景收益 = 最大息壤 × 全局击杀率 × 第1日倍率；队伍值再乘模拟玩家数。 | G114: 情景收益 = 最大息壤 × 全局击杀率 × 第1日倍率；队伍值再乘模拟玩家数。 | H114: 情景收益 = 最大息壤 × 全局击杀率 × 第1日倍率；队伍值再乘模拟玩家数。 | I114: 情景收益 = 最大息壤 × 全局击杀率 × 第1日倍率；队伍值再乘模拟玩家数。

Sheet 第2日
A2: 第 5 波｜第 2 日·1/4｜白昼｜当前正式配置 | B2: 第 5 波｜第 2 日·1/4｜白昼｜当前正式配置 | C2: 第 5 波｜第 2 日·1/4｜白昼｜当前正式配置 | D2: 第 5 波｜第 2 日·1/4｜白昼｜当前正式配置 | E2: 第 5 波｜第 2 日·1/4｜白昼｜当前正式配置 | F2: 第 5 波｜第 2 日·1/4｜白昼｜当前正式配置 | G2: 第 5 波｜第 2 日·1/4｜白昼｜当前正式配置 | H2: 第 5 波｜第 2 日·1/4｜白昼｜当前正式配置 | I2: 第 5 波｜第 2 日·1/4｜白昼｜当前正式配置
A3: 波次名称 | B3: 第5波 沼泽先遣 | C3: 第5波 沼泽先遣 | D3: 出生间隔(s) | E3: 0.45 | F3: 每Tick | G3: 1 | H3: 存活上限 | I3: 300
A4: 出生点 | B4: 点1·开启 | C4: 点2·开启 | D4: 点3·开启 | E4: 点4·开启 | F4: 点5·开启 | G4: 点6·开启 | H4: 波次校验 | I4: =IF(COUNTA(B7:B24)=0,"待设计",IF(COUNTIF(I7:I24,"可回读")=COUNTA(B7:B24),"可回读","需修正")) -> 可回读
A5: 仅编辑蓝色列。敌人数值、固定息壤与掉落统一在“敌人目录”维护；本页按实际数量逐项精确结算息壤。 | B5: 仅编辑蓝色列。敌人数值、固定息壤与掉落统一在“敌人目录”维护；本页按实际数量逐项精确结算息壤。 | C5: 仅编辑蓝色列。敌人数值、固定息壤与掉落统一在“敌人目录”维护；本页按实际数量逐项精确结算息壤。 | D5: 仅编辑蓝色列。敌人数值、固定息壤与掉落统一在“敌人目录”维护；本页按实际数量逐项精确结算息壤。 | E5: 仅编辑蓝色列。敌人数值、固定息壤与掉落统一在“敌人目录”维护；本页按实际数量逐项精确结算息壤。 | F5: 仅编辑蓝色列。敌人数值、固定息壤与掉落统一在“敌人目录”维护；本页按实际数量逐项精确结算息壤。 | G5: 仅编辑蓝色列。敌人数值、固定息壤与掉落统一在“敌人目录”维护；本页按实际数量逐项精确结算息壤。 | H5: 仅编辑蓝色列。敌人数值、固定息壤与掉落统一在“敌人目录”维护；本页按实际数量逐项精确结算息壤。 | I5: 仅编辑蓝色列。敌人数值、固定息壤与掉落统一在“敌人目录”维护；本页按实际数量逐项精确结算息壤。
A6: 槽位 | B6: 敌人（下拉选择） | C6: 基础数量 | D6: 实际数量 | E6: 息壤/击杀 | F6: 本项最大息壤/玩家 | G6: 本项情景息壤/玩家 | H6: 本项情景息壤/队伍 | I6: 校验
A7: 1 | B7: 普通原石虫 | C7: 28 | D7: =IF(OR(B7="",C7=""),"",ROUNDUP(C7*(1+(全局设置!$B$5-1)*全局设置!$B$6),0)) -> 28 | E7: =IFERROR(VLOOKUP(B7,敌人目录!$A$6:$AD$54,13,FALSE),"") -> 1 | F7: =IF(D7="","",D7*E7) -> 28 | G7: =IF(F7="","",F7*全局设置!$B$7*全局设置!$D$14) -> 28 | H7: =IF(G7="","",G7*全局设置!$B$5) -> 28 | I7: =IF(AND(B7="",C7=""),"",IF(B7="","缺少敌人",IF(C7="","缺少数量",IF(OR(C7<1,C7>9999,C7<>INT(C7)),"数量无效",IF(COUNTIF($B$7:$B$24,B7)>1,"重复敌人",IFERROR(IF(VLOOKUP(B7,敌人目录!$A$6:$AD$54,27,FALSE)="可回读","可回读","敌人参数错误"),"敌人不存在")))))) -> 可回读
A8: 2 | B8: 迅捷原石虫 | C8: 20 | D8: =IF(OR(B8="",C8=""),"",ROUNDUP(C8*(1+(全局设置!$B$5-1)*全局设置!$B$6),0)) -> 20 | E8: =IFERROR(VLOOKUP(B8,敌人目录!$A$6:$AD$54,13,FALSE),"") -> 1 | F8: =IF(D8="","",D8*E8) -> 20 | G8: =IF(F8="","",F8*全局设置!$B$7*全局设置!$D$14) -> 20 | H8: =IF(G8="","",G8*全局设置!$B$5) -> 20 | I8: =IF(AND(B8="",C8=""),"",IF(B8="","缺少敌人",IF(C8="","缺少数量",IF(OR(C8<1,C8>9999,C8<>INT(C8)),"数量无效",IF(COUNTIF($B$7:$B$24,B8)>1,"重复敌人",IFERROR(IF(VLOOKUP(B8,敌人目录!$A$6:$AD$54,27,FALSE)="可回读","可回读","敌人参数错误"),"敌人不存在")))))) -> 可回读
A9: 3 | B9: 硬壳原石虫 | C9: 12 | D9: =IF(OR(B9="",C9=""),"",ROUNDUP(C9*(1+(全局设置!$B$5-1)*全局设置!$B$6),0)) -> 12 | E9: =IFERROR(VLOOKUP(B9,敌人目录!$A$6:$AD$54,13,FALSE),"") -> 2 | F9: =IF(D9="","",D9*E9) -> 24 | G9: =IF(F9="","",F9*全局设置!$B$7*全局设置!$D$14) -> 24 | H9: =IF(G9="","",G9*全局设置!$B$5) -> 24 | I9: =IF(AND(B9="",C9=""),"",IF(B9="","缺少敌人",IF(C9="","缺少数量",IF(OR(C9<1,C9>9999,C9<>INT(C9)),"数量无效",IF(COUNTIF($B$7:$B$24,B9)>1,"重复敌人",IFERROR(IF(VLOOKUP(B9,敌人目录!$A$6:$AD$54,27,FALSE)="可回读","可回读","敌人参数错误"),"敌人不存在")))))) -> 可回读
A10: 4 | B10: 自爆原石虫 | C10: 8 | D10: =IF(OR(B10="",C10=""),"",ROUNDUP(C10*(1+(全局设置!$B$5-1)*全局设置!$B$6),0)) -> 8 | E10: =IFERROR(VLOOKUP(B10,敌人目录!$A$6:$AD$54,13,FALSE),"") -> 1 | F10: =IF(D10="","",D10*E10) -> 8 | G10: =IF(F10="","",F10*全局设置!$B$7*全局设置!$D$14) -> 8 | H10: =IF(G10="","",G10*全局设置!$B$5) -> 8 | I10: =IF(AND(B10="",C10=""),"",IF(B10="","缺少敌人",IF(C10="","缺少数量",IF(OR(C10<1,C10>9999,C10<>INT(C10)),"数量无效",IF(COUNTIF($B$7:$B$24,B10)>1,"重复敌人",IFERROR(IF(VLOOKUP(B10,敌人目录!$A$6:$AD$54,27,FALSE)="可回读","可回读","敌人参数错误"),"敌人不存在")))))) -> 可回读
A11: 5 | B11: 火焰弹原石虫 | C11: 8 | D11: =IF(OR(B11="",C11=""),"",ROUNDUP(C11*(1+(全局设置!$B$5-1)*全局设置!$B$6),0)) -> 8 | E11: =IFERROR(VLOOKUP(B11,敌人目录!$A$6:$AD$54,13,FALSE),"") -> 1 | F11: =IF(D11="","",D11*E11) -> 8 | G11: =IF(F11="","",F11*全局设置!$B$7*全局设置!$D$14) -> 8 | H11: =IF(G11="","",G11*全局设置!$B$5) -> 8 | I11: =IF(AND(B11="",C11=""),"",IF(B11="","缺少敌人",IF(C11="","缺少数量",IF(OR(C11<1,C11>9999,C11<>INT(C11)),"数量无效",IF(COUNTIF($B$7:$B$24,B11)>1,"重复敌人",IFERROR(IF(VLOOKUP(B11,敌人目录!$A$6:$AD$54,27,FALSE)="可回读","可回读","敌人参数错误"),"敌人不存在")))))) -> 可回读
A12: 6 | B12: 守护者原石虫 | C12: 4 | D12: =IF(OR(B12="",C12=""),"",ROUNDUP(C12*(1+(全局设置!$B$5-1)*全局设置!$B$6),0)) -> 4 | E12: =IFERROR(VLOOKUP(B12,敌人目录!$A$6:$AD$54,13,FALSE),"") -> 2 | F12: =IF(D12="","",D12*E12) -> 8 | G12: =IF(F12="","",F12*全局设置!$B$7*全局设置!$D$14) -> 8 | H12: =IF(G12="","",G12*全局设置!$B$5) -> 8 | I12: =IF(AND(B12="",C12=""),"",IF(B12="","缺少敌人",IF(C12="","缺少数量",IF(OR(C12<1,C12>9999,C12<>INT(C12)),"数量无效",IF(COUNTIF($B$7:$B$24,B12)>1,"重复敌人",IFERROR(IF(VLOOKUP(B12,敌人目录!$A$6:$AD$54,27,FALSE)="可回读","可回读","敌人参数错误"),"敌人不存在")))))) -> 可回读
A13: 7 | D13: =IF(OR(B13="",C13=""),"",ROUNDUP(C13*(1+(全局设置!$B$5-1)*全局设置!$B$6),0)) | E13: =IFERROR(VLOOKUP(B13,敌人目录!$A$6:$AD$54,13,FALSE),"") | F13: =IF(D13="","",D13*E13) | G13: =IF(F13="","",F13*全局设置!$B$7*全局设置!$D$14) | H13: =IF(G13="","",G13*全局设置!$B$5) | I13: =IF(AND(B13="",C13=""),"",IF(B13="","缺少敌人",IF(C13="","缺少数量",IF(OR(C13<1,C13>9999,C13<>INT(C13)),"数量无效",IF(COUNTIF($B$7:$B$24,B13)>1,"重复敌人",IFERROR(IF(VLOOKUP(B13,敌人目录!$A$6:$AD$54,27,FALSE)="可回读","可回读","敌人参数错误"),"敌人不存在"))))))
A14: 8 | D14: =IF(OR(B14="",C14=""),"",ROUNDUP(C14*(1+(全局设置!$B$5-1)*全局设置!$B$6),0)) | E14: =IFERROR(VLOOKUP(B14,敌人目录!$A$6:$AD$54,13,FALSE),"") | F14: =IF(D14="","",D14*E14) | G14: =IF(F14="","",F14*全局设置!$B$7*全局设置!$D$14) | H14: =IF(G14="","",G14*全局设置!$B$5) | I14: =IF(AND(B14="",C14=""),"",IF(B14="","缺少敌人",IF(C14="","缺少数量",IF(OR(C14<1,C14>9999,C14<>INT(C14)),"数量无效",IF(COUNTIF($B$7:$B$24,B14)>1,"重复敌人",IFERROR(IF(VLOOKUP(B14,敌人目录!$A$6:$AD$54,27,FALSE)="可回读","可回读","敌人参数错误"),"敌人不存在"))))))
A15: 9 | D15: =IF(OR(B15="",C15=""),"",ROUNDUP(C15*(1+(全局设置!$B$5-1)*全局设置!$B$6),0)) | E15: =IFERROR(VLOOKUP(B15,敌人目录!$A$6:$AD$54,13,FALSE),"") | F15: =IF(D15="","",D15*E15) | G15: =IF(F15="","",F15*全局设置!$B$7*全局设置!$D$14) | H15: =IF(G15="","",G15*全局设置!$B$5) | I15: =IF(AND(B15="",C15=""),"",IF(B15="","缺少敌人",IF(C15="","缺少数量",IF(OR(C15<1,C15>9999,C15<>INT(C15)),"数量无效",IF(COUNTIF($B$7:$B$24,B15)>1,"重复敌人",IFERROR(IF(VLOOKUP(B15,敌人目录!$A$6:$AD$54,27,FALSE)="可回读","可回读","敌人参数错误"),"敌人不存在"))))))
A16: 10 | D16: =IF(OR(B16="",C16=""),"",ROUNDUP(C16*(1+(全局设置!$B$5-1)*全局设置!$B$6),0)) | E16: =IFERROR(VLOOKUP(B16,敌人目录!$A$6:$AD$54,13,FALSE),"") | F16: =IF(D16="","",D16*E16) | G16: =IF(F16="","",F16*全局设置!$B$7*全局设置!$D$14) | H16: =IF(G16="","",G16*全局设置!$B$5) | I16: =IF(AND(B16="",C16=""),"",IF(B16="","缺少敌人",IF(C16="","缺少数量",IF(OR(C16<1,C16>9999,C16<>INT(C16)),"数量无效",IF(COUNTIF($B$7:$B$24,B16)>1,"重复敌人",IFERROR(IF(VLOOKUP(B16,敌人目录!$A$6:$AD$54,27,FALSE)="可回读","可回读","敌人参数错误"),"敌人不存在"))))))
A17: 11 | D17: =IF(OR(B17="",C17=""),"",ROUNDUP(C17*(1+(全局设置!$B$5-1)*全局设置!$B$6),0)) | E17: =IFERROR(VLOOKUP(B17,敌人目录!$A$6:$AD$54,13,FALSE),"") | F17: =IF(D17="","",D17*E17) | G17: =IF(F17="","",F17*全局设置!$B$7*全局设置!$D$14) | H17: =IF(G17="","",G17*全局设置!$B$5) | I17: =IF(AND(B17="",C17=""),"",IF(B17="","缺少敌人",IF(C17="","缺少数量",IF(OR(C17<1,C17>9999,C17<>INT(C17)),"数量无效",IF(COUNTIF($B$7:$B$24,B17)>1,"重复敌人",IFERROR(IF(VLOOKUP(B17,敌人目录!$A$6:$AD$54,27,FALSE)="可回读","可回读","敌人参数错误"),"敌人不存在"))))))
A18: 12 | D18: =IF(OR(B18="",C18=""),"",ROUNDUP(C18*(1+(全局设置!$B$5-1)*全局设置!$B$6),0)) | E18: =IFERROR(VLOOKUP(B18,敌人目录!$A$6:$AD$54,13,FALSE),"") | F18: =IF(D18="","",D18*E18) | G18: =IF(F18="","",F18*全局设置!$B$7*全局设置!$D$14) | H18: =IF(G18="","",G18*全局设置!$B$5) | I18: =IF(AND(B18="",C18=""),"",IF(B18="","缺少敌人",IF(C18="","缺少数量",IF(OR(C18<1,C18>9999,C18<>INT(C18)),"数量无效",IF(COUNTIF($B$7:$B$24,B18)>1,"重复敌人",IFERROR(IF(VLOOKUP(B18,敌人目录!$A$6:$AD$54,27,FALSE)="可回读","可回读","敌人参数错误"),"敌人不存在"))))))
A19: 13 | D19: =IF(OR(B19="",C19=""),"",ROUNDUP(C19*(1+(全局设置!$B$5-1)*全局设置!$B$6),0)) | E19: =IFERROR(VLOOKUP(B19,敌人目录!$A$6:$AD$54,13,FALSE),"") | F19: =IF(D19="","",D19*E19) | G19: =IF(F19="","",F19*全局设置!$B$7*全局设置!$D$14) | H19: =IF(G19="","",G19*全局设置!$B$5) | I19: =IF(AND(B19="",C19=""),"",IF(B19="","缺少敌人",IF(C19="","缺少数量",IF(OR(C19<1,C19>9999,C19<>INT(C19)),"数量无效",IF(COUNTIF($B$7:$B$24,B19)>1,"重复敌人",IFERROR(IF(VLOOKUP(B19,敌人目录!$A$6:$AD$54,27,FALSE)="可回读","可回读","敌人参数错误"),"敌人不存在"))))))
A20: 14 | D20: =IF(OR(B20="",C20=""),"",ROUNDUP(C20*(1+(全局设置!$B$5-1)*全局设置!$B$6),0)) | E20: =IFERROR(VLOOKUP(B20,敌人目录!$A$6:$AD$54,13,FALSE),"") | F20: =IF(D20="","",D20*E20) | G20: =IF(F20="","",F20*全局设置!$B$7*全局设置!$D$14) | H20: =IF(G20="","",G20*全局设置!$B$5) | I20: =IF(AND(B20="",C20=""),"",IF(B20="","缺少敌人",IF(C20="","缺少数量",IF(OR(C20<1,C20>9999,C20<>INT(C20)),"数量无效",IF(COUNTIF($B$7:$B$24,B20)>1,"重复敌人",IFERROR(IF(VLOOKUP(B20,敌人目录!$A$6:$AD$54,27,FALSE)="可回读","可回读","敌人参数错误"),"敌人不存在"))))))
A21: 15 | D21: =IF(OR(B21="",C21=""),"",ROUNDUP(C21*(1+(全局设置!$B$5-1)*全局设置!$B$6),0)) | E21: =IFERROR(VLOOKUP(B21,敌人目录!$A$6:$AD$54,13,FALSE),"") | F21: =IF(D21="","",D21*E21) | G21: =IF(F21="","",F21*全局设置!$B$7*全局设置!$D$14) | H21: =IF(G21="","",G21*全局设置!$B$5) | I21: =IF(AND(B21="",C21=""),"",IF(B21="","缺少敌人",IF(C21="","缺少数量",IF(OR(C21<1,C21>9999,C21<>INT(C21)),"数量无效",IF(COUNTIF($B$7:$B$24,B21)>1,"重复敌人",IFERROR(IF(VLOOKUP(B21,敌人目录!$A$6:$AD$54,27,FALSE)="可回读","可回读","敌人参数错误"),"敌人不存在"))))))
A22: 16 | D22: =IF(OR(B22="",C22=""),"",ROUNDUP(C22*(1+(全局设置!$B$5-1)*全局设置!$B$6),0)) | E22: =IFERROR(VLOOKUP(B22,敌人目录!$A$6:$AD$54,13,FALSE),"") | F22: =IF(D22="","",D22*E22) | G22: =IF(F22="","",F22*全局设置!$B$7*全局设置!$D$14) | H22: =IF(G22="","",G22*全局设置!$B$5) | I22: =IF(AND(B22="",C22=""),"",IF(B22="","缺少敌人",IF(C22="","缺少数量",IF(OR(C22<1,C22>9999,C22<>INT(C22)),"数量无效",IF(COUNTIF($B$7:$B$24,B22)>1,"重复敌人",IFERROR(IF(VLOOKUP(B22,敌人目录!$A$6:$AD$54,27,FALSE)="可回读","可回读","敌人参数错误"),"敌人不存在"))))))
A23: 17 | D23: =IF(OR(B23="",C23=""),"",ROUNDUP(C23*(1+(全局设置!$B$5-1)*全局设置!$B$6),0)) | E23: =IFERROR(VLOOKUP(B23,敌人目录!$A$6:$AD$54,13,FALSE),"") | F23: =IF(D23="","",D23*E23) | G23: =IF(F23="","",F23*全局设置!$B$7*全局设置!$D$14) | H23: =IF(G23="","",G23*全局设置!$B$5) | I23: =IF(AND(B23="",C23=""),"",IF(B23="","缺少敌人",IF(C23="","缺少数量",IF(OR(C23<1,C23>9999,C23<>INT(C23)),"数量无效",IF(COUNTIF($B$7:$B$24,B23)>1,"重复敌人",IFERROR(IF(VLOOKUP(B23,敌人目录!$A$6:$AD$54,27,FALSE)="可回读","可回读","敌人参数错误"),"敌人不存在"))))))
A24: 18 | D24: =IF(OR(B24="",C24=""),"",ROUNDUP(C24*(1+(全局设置!$B$5-1)*全局设置!$B$6),0)) | E24: =IFERROR(VLOOKUP(B24,敌人目录!$A$6:$AD$54,13,FALSE),"") | F24: =IF(D24="","",D24*E24) | G24: =IF(F24="","",F24*全局设置!$B$7*全局设置!$D$14) | H24: =IF(G24="","",G24*全局设置!$B$5) | I24: =IF(AND(B24="",C24=""),"",IF(B24="","缺少敌人",IF(C24="","缺少数量",IF(OR(C24<1,C24>9999,C24<>INT(C24)),"数量无效",IF(COUNTIF($B$7:$B$24,B24)>1,"重复敌人",IFERROR(IF(VLOOKUP(B24,敌人目录!$A$6:$AD$54,27,FALSE)="可回读","可回读","敌人参数错误"),"敌人不存在"))))))
A26: 基础总数 | B26: =SUM(C7:C24) -> 80 | C26: 实际总数 | D26: =SUM(D7:D24) -> 80 | E26: 最大息壤/玩家 | F26: =SUM(F7:F24) -> 96 | G26: 情景息壤/玩家 | H26: =SUM(G7:G24) -> 96
A27: 情景息壤/队伍 | B27: =SUM(H7:H24) -> 96 | C27: 情景收益 = 最大息壤 × 全局击杀率 × 第2日倍率；队伍值再乘模拟玩家数。 | D27: 情景收益 = 最大息壤 × 全局击杀率 × 第2日倍率；队伍值再乘模拟玩家数。 | E27: 情景收益 = 最大息壤 × 全局击杀率 × 第2日倍率；队伍值再乘模拟玩家数。 | F27: 情景收益 = 最大息壤 × 全局击杀率 × 第2日倍率；队伍值再乘模拟玩家数。 | G27: 情景收益 = 最大息壤 × 全局击杀率 × 第2日倍率；队伍值再乘模拟玩家数。 | H27: 情景收益 = 最大息壤 × 全局击杀率 × 第2日倍率；队伍值再乘模拟玩家数。 | I27: 情景收益 = 最大息壤 × 全局击杀率 × 第2日倍率；队伍值再乘模拟玩家数。
A31: 第 6 波｜第 2 日·2/4｜白昼｜当前正式配置 | B31: 第 6 波｜第 2 日·2/4｜白昼｜当前正式配置 | C31: 第 6 波｜第 2 日·2/4｜白昼｜当前正式配置 | D31: 第 6 波｜第 2 日·2/4｜白昼｜当前正式配置 | E31: 第 6 波｜第 2 日·2/4｜白昼｜当前正式配置 | F31: 第 6 波｜第 2 日·2/4｜白昼｜当前正式配置 | G31: 第 6 波｜第 2 日·2/4｜白昼｜当前正式配置 | H31: 第 6 波｜第 2 日·2/4｜白昼｜当前正式配置 | I31: 第 6 波｜第 2 日·2/4｜白昼｜当前正式配置
A32: 波次名称 | B32: 第6波 守护阵列 | C32: 第6波 守护阵列 | D32: 出生间隔(s) | E32: 0.4 | F32: 每Tick | G32: 1 | H32: 存活上限 | I32: 300
A33: 出生点 | B33: 点1·开启 | C33: 点2·开启 | D33: 点3·开启 | E33: 点4·开启 | F33: 点5·开启 | G33: 点6·开启 | H33: 波次校验 | I33: =IF(COUNTA(B36:B53)=0,"待设计",IF(COUNTIF(I36:I53,"可回读")=COUNTA(B36:B53),"可回读","需修正")) -> 可回读
A34: 仅编辑蓝色列。敌人数值、固定息壤与掉落统一在“敌人目录”维护；本页按实际数量逐项精确结算息壤。 | B34: 仅编辑蓝色列。敌人数值、固定息壤与掉落统一在“敌人目录”维护；本页按实际数量逐项精确结算息壤。 | C34: 仅编辑蓝色列。敌人数值、固定息壤与掉落统一在“敌人目录”维护；本页按实际数量逐项精确结算息壤。 | D34: 仅编辑蓝色列。敌人数值、固定息壤与掉落统一在“敌人目录”维护；本页按实际数量逐项精确结算息壤。 | E34: 仅编辑蓝色列。敌人数值、固定息壤与掉落统一在“敌人目录”维护；本页按实际数量逐项精确结算息壤。 | F34: 仅编辑蓝色列。敌人数值、固定息壤与掉落统一在“敌人目录”维护；本页按实际数量逐项精确结算息壤。 | G34: 仅编辑蓝色列。敌人数值、固定息壤与掉落统一在“敌人目录”维护；本页按实际数量逐项精确结算息壤。 | H34: 仅编辑蓝色列。敌人数值、固定息壤与掉落统一在“敌人目录”维护；本页按实际数量逐项精确结算息壤。 | I34: 仅编辑蓝色列。敌人数值、固定息壤与掉落统一在“敌人目录”维护；本页按实际数量逐项精确结算息壤。
A35: 槽位 | B35: 敌人（下拉选择） | C35: 基础数量 | D35: 实际数量 | E35: 息壤/击杀 | F35: 本项最大息壤/玩家 | G35: 本项情景息壤/玩家 | H35: 本项情景息壤/队伍 | I35: 校验
A36: 1 | B36: 普通原石虫 | C36: 28 | D36: =IF(OR(B36="",C36=""),"",ROUNDUP(C36*(1+(全局设置!$B$5-1)*全局设置!$B$6),0)) -> 28 | E36: =IFERROR(VLOOKUP(B36,敌人目录!$A$6:$AD$54,13,FALSE),"") -> 1 | F36: =IF(D36="","",D36*E36) -> 28 | G36: =IF(F36="","",F36*全局设置!$B$7*全局设置!$D$14) -> 28 | H36: =IF(G36="","",G36*全局设置!$B$5) -> 28 | I36: =IF(AND(B36="",C36=""),"",IF(B36="","缺少敌人",IF(C36="","缺少数量",IF(OR(C36<1,C36>9999,C36<>INT(C36)),"数量无效",IF(COUNTIF($B$36:$B$53,B36)>1,"重复敌人",IFERROR(IF(VLOOKUP(B36,敌人目录!$A$6:$AD$54,27,FALSE)="可回读","可回读","敌人参数错误"),"敌人不存在")))))) -> 可回读
A37: 2 | B37: 迅捷原石虫 | C37: 24 | D37: =IF(OR(B37="",C37=""),"",ROUNDUP(C37*(1+(全局设置!$B$5-1)*全局设置!$B$6),0)) -> 24 | E37: =IFERROR(VLOOKUP(B37,敌人目录!$A$6:$AD$54,13,FALSE),"") -> 1 | F37: =IF(D37="","",D37*E37) -> 24 | G37: =IF(F37="","",F37*全局设置!$B$7*全局设置!$D$14) -> 24 | H37: =IF(G37="","",G37*全局设置!$B$5) -> 24 | I37: =IF(AND(B37="",C37=""),"",IF(B37="","缺少敌人",IF(C37="","缺少数量",IF(OR(C37<1,C37>9999,C37<>INT(C37)),"数量无效",IF(COUNTIF($B$36:$B$53,B37)>1,"重复敌人",IFERROR(IF(VLOOKUP(B37,敌人目录!$A$6:$AD$54,27,FALSE)="可回读","可回读","敌人参数错误"),"敌人不存在")))))) -> 可回读
A38: 3 | B38: 硬壳原石虫 | C38: 12 | D38: =IF(OR(B38="",C38=""),"",ROUNDUP(C38*(1+(全局设置!$B$5-1)*全局设置!$B$6),0)) -> 12 | E38: =IFERROR(VLOOKUP(B38,敌人目录!$A$6:$AD$54,13,FALSE),"") -> 2 | F38: =IF(D38="","",D38*E38) -> 24 | G38: =IF(F38="","",F38*全局设置!$B$7*全局设置!$D$14) -> 24 | H38: =IF(G38="","",G38*全局设置!$B$5) -> 24 | I38: =IF(AND(B38="",C38=""),"",IF(B38="","缺少敌人",IF(C38="","缺少数量",IF(OR(C38<1,C38>9999,C38<>INT(C38)),"数量无效",IF(COUNTIF($B$36:$B$53,B38)>1,"重复敌人",IFERROR(IF(VLOOKUP(B38,敌人目录!$A$6:$AD$54,27,FALSE)="可回读","可回读","敌人参数错误"),"敌人不存在")))))) -> 可回读
A39: 4 | B39: 自爆原石虫 | C39: 12 | D39: =IF(OR(B39="",C39=""),"",ROUNDUP(C39*(1+(全局设置!$B$5-1)*全局设置!$B$6),0)) -> 12 | E39: =IFERROR(VLOOKUP(B39,敌人目录!$A$6:$AD$54,13,FALSE),"") -> 1 | F39: =IF(D39="","",D39*E39) -> 12 | G39: =IF(F39="","",F39*全局设置!$B$7*全局设置!$D$14) -> 12 | H39: =IF(G39="","",G39*全局设置!$B$5) -> 12 | I39: =IF(AND(B39="",C39=""),"",IF(B39="","缺少敌人",IF(C39="","缺少数量",IF(OR(C39<1,C39>9999,C39<>INT(C39)),"数量无效",IF(COUNTIF($B$36:$B$53,B39)>1,"重复敌人",IFERROR(IF(VLOOKUP(B39,敌人目录!$A$6:$AD$54,27,FALSE)="可回读","可回读","敌人参数错误"),"敌人不存在")))))) -> 可回读
A40: 5 | B40: 火焰弹原石虫 | C40: 12 | D40: =IF(OR(B40="",C40=""),"",ROUNDUP(C40*(1+(全局设置!$B$5-1)*全局设置!$B$6),0)) -> 12 | E40: =IFERROR(VLOOKUP(B40,敌人目录!$A$6:$AD$54,13,FALSE),"") -> 1 | F40: =IF(D40="","",D40*E40) -> 12 | G40: =IF(F40="","",F40*全局设置!$B$7*全局设置!$D$14) -> 12 | H40: =IF(G40="","",G40*全局设置!$B$5) -> 12 | I40: =IF(AND(B40="",C40=""),"",IF(B40="","缺少敌人",IF(C40="","缺少数量",IF(OR(C40<1,C40>9999,C40<>INT(C40)),"数量无效",IF(COUNTIF($B$36:$B$53,B40)>1,"重复敌人",IFERROR(IF(VLOOKUP(B40,敌人目录!$A$6:$AD$54,27,FALSE)="可回读","可回读","敌人参数错误"),"敌人不存在")))))) -> 可回读
A41: 6 | B41: 守护者原石虫 | C41: 8 | D41: =IF(OR(B41="",C41=""),"",ROUNDUP(C41*(1+(全局设置!$B$5-1)*全局设置!$B$6),0)) -> 8 | E41: =IFERROR(VLOOKUP(B41,敌人目录!$A$6:$AD$54,13,FALSE),"") -> 2 | F41: =IF(D41="","",D41*E41) -> 16 | G41: =IF(F41="","",F41*全局设置!$B$7*全局设置!$D$14) -> 16 | H41: =IF(G41="","",G41*全局设置!$B$5) -> 16 | I41: =IF(AND(B41="",C41=""),"",IF(B41="","缺少敌人",IF(C41="","缺少数量",IF(OR(C41<1,C41>9999,C41<>INT(C41)),"数量无效",IF(COUNTIF($B$36:$B$53,B41)>1,"重复敌人",IFERROR(IF(VLOOKUP(B41,敌人目录!$A$6:$AD$54,27,FALSE)="可回读","可回读","敌人参数错误"),"敌人不存在")))))) -> 可回读
A42: 7 | D42: =IF(OR(B42="",C42=""),"",ROUNDUP(C42*(1+(全局设置!$B$5-1)*全局设置!$B$6),0)) | E42: =IFERROR(VLOOKUP(B42,敌人目录!$A$6:$AD$54,13,FALSE),"") | F42: =IF(D42="","",D42*E42) | G42: =IF(F42="","",F42*全局设置!$B$7*全局设置!$D$14) | H42: =IF(G42="","",G42*全局设置!$B$5) | I42: =IF(AND(B42="",C42=""),"",IF(B42="","缺少敌人",IF(C42="","缺少数量",IF(OR(C42<1,C42>9999,C42<>INT(C42)),"数量无效",IF(COUNTIF($B$36:$B$53,B42)>1,"重复敌人",IFERROR(IF(VLOOKUP(B42,敌人目录!$A$6:$AD$54,27,FALSE)="可回读","可回读","敌人参数错误"),"敌人不存在"))))))
A43: 8 | D43: =IF(OR(B43="",C43=""),"",ROUNDUP(C43*(1+(全局设置!$B$5-1)*全局设置!$B$6),0)) | E43: =IFERROR(VLOOKUP(B43,敌人目录!$A$6:$AD$54,13,FALSE),"") | F43: =IF(D43="","",D43*E43) | G43: =IF(F43="","",F43*全局设置!$B$7*全局设置!$D$14) | H43: =IF(G43="","",G43*全局设置!$B$5) | I43: =IF(AND(B43="",C43=""),"",IF(B43="","缺少敌人",IF(C43="","缺少数量",IF(OR(C43<1,C43>9999,C43<>INT(C43)),"数量无效",IF(COUNTIF($B$36:$B$53,B43)>1,"重复敌人",IFERROR(IF(VLOOKUP(B43,敌人目录!$A$6:$AD$54,27,FALSE)="可回读","可回读","敌人参数错误"),"敌人不存在"))))))
A44: 9 | D44: =IF(OR(B44="",C44=""),"",ROUNDUP(C44*(1+(全局设置!$B$5-1)*全局设置!$B$6),0)) | E44: =IFERROR(VLOOKUP(B44,敌人目录!$A$6:$AD$54,13,FALSE),"") | F44: =IF(D44="","",D44*E44) | G44: =IF(F44="","",F44*全局设置!$B$7*全局设置!$D$14) | H44: =IF(G44="","",G44*全局设置!$B$5) | I44: =IF(AND(B44="",C44=""),"",IF(B44="","缺少敌人",IF(C44="","缺少数量",IF(OR(C44<1,C44>9999,C44<>INT(C44)),"数量无效",IF(COUNTIF($B$36:$B$53,B44)>1,"重复敌人",IFERROR(IF(VLOOKUP(B44,敌人目录!$A$6:$AD$54,27,FALSE)="可回读","可回读","敌人参数错误"),"敌人不存在"))))))
A45: 10 | D45: =IF(OR(B45="",C45=""),"",ROUNDUP(C45*(1+(全局设置!$B$5-1)*全局设置!$B$6),0)) | E45: =IFERROR(VLOOKUP(B45,敌人目录!$A$6:$AD$54,13,FALSE),"") | F45: =IF(D45="","",D45*E45) | G45: =IF(F45="","",F45*全局设置!$B$7*全局设置!$D$14) | H45: =IF(G45="","",G45*全局设置!$B$5) | I45: =IF(AND(B45="",C45=""),"",IF(B45="","缺少敌人",IF(C45="","缺少数量",IF(OR(C45<1,C45>9999,C45<>INT(C45)),"数量无效",IF(COUNTIF($B$36:$B$53,B45)>1,"重复敌人",IFERROR(IF(VLOOKUP(B45,敌人目录!$A$6:$AD$54,27,FALSE)="可回读","可回读","敌人参数错误"),"敌人不存在"))))))
A46: 11 | D46: =IF(OR(B46="",C46=""),"",ROUNDUP(C46*(1+(全局设置!$B$5-1)*全局设置!$B$6),0)) | E46: =IFERROR(VLOOKUP(B46,敌人目录!$A$6:$AD$54,13,FALSE),"") | F46: =IF(D46="","",D46*E46) | G46: =IF(F46="","",F46*全局设置!$B$7*全局设置!$D$14) | H46: =IF(G46="","",G46*全局设置!$B$5) | I46: =IF(AND(B46="",C46=""),"",IF(B46="","缺少敌人",IF(C46="","缺少数量",IF(OR(C46<1,C46>9999,C46<>INT(C46)),"数量无效",IF(COUNTIF($B$36:$B$53,B46)>1,"重复敌人",IFERROR(IF(VLOOKUP(B46,敌人目录!$A$6:$AD$54,27,FALSE)="可回读","可回读","敌人参数错误"),"敌人不存在"))))))
A47: 12 | D47: =IF(OR(B47="",C47=""),"",ROUNDUP(C47*(1+(全局设置!$B$5-1)*全局设置!$B$6),0)) | E47: =IFERROR(VLOOKUP(B47,敌人目录!$A$6:$AD$54,13,FALSE),"") | F47: =IF(D47="","",D47*E47) | G47: =IF(F47="","",F47*全局设置!$B$7*全局设置!$D$14) | H47: =IF(G47="","",G47*全局设置!$B$5) | I47: =IF(AND(B47="",C47=""),"",IF(B47="","缺少敌人",IF(C47="","缺少数量",IF(OR(C47<1,C47>9999,C47<>INT(C47)),"数量无效",IF(COUNTIF($B$36:$B$53,B47)>1,"重复敌人",IFERROR(IF(VLOOKUP(B47,敌人目录!$A$6:$AD$54,27,FALSE)="可回读","可回读","敌人参数错误"),"敌人不存在"))))))
A48: 13 | D48: =IF(OR(B48="",C48=""),"",ROUNDUP(C48*(1+(全局设置!$B$5-1)*全局设置!$B$6),0)) | E48: =IFERROR(VLOOKUP(B48,敌人目录!$A$6:$AD$54,13,FALSE),"") | F48: =IF(D48="","",D48*E48) | G48: =IF(F48="","",F48*全局设置!$B$7*全局设置!$D$14) | H48: =IF(G48="","",G48*全局设置!$B$5) | I48: =IF(AND(B48="",C48=""),"",IF(B48="","缺少敌人",IF(C48="","缺少数量",IF(OR(C48<1,C48>9999,C48<>INT(C48)),"数量无效",IF(COUNTIF($B$36:$B$53,B48)>1,"重复敌人",IFERROR(IF(VLOOKUP(B48,敌人目录!$A$6:$AD$54,27,FALSE)="可回读","可回读","敌人参数错误"),"敌人不存在"))))))
A49: 14 | D49: =IF(OR(B49="",C49=""),"",ROUNDUP(C49*(1+(全局设置!$B$5-1)*全局设置!$B$6),0)) | E49: =IFERROR(VLOOKUP(B49,敌人目录!$A$6:$AD$54,13,FALSE),"") | F49: =IF(D49="","",D49*E49) | G49: =IF(F49="","",F49*全局设置!$B$7*全局设置!$D$14) | H49: =IF(G49="","",G49*全局设置!$B$5) | I49: =IF(AND(B49="",C49=""),"",IF(B49="","缺少敌人",IF(C49="","缺少数量",IF(OR(C49<1,C49>9999,C49<>INT(C49)),"数量无效",IF(COUNTIF($B$36:$B$53,B49)>1,"重复敌人",IFERROR(IF(VLOOKUP(B49,敌人目录!$A$6:$AD$54,27,FALSE)="可回读","可回读","敌人参数错误"),"敌人不存在"))))))
A50: 15 | D50: =IF(OR(B50="",C50=""),"",ROUNDUP(C50*(1+(全局设置!$B$5-1)*全局设置!$B$6),0)) | E50: =IFERROR(VLOOKUP(B50,敌人目录!$A$6:$AD$54,13,FALSE),"") | F50: =IF(D50="","",D50*E50) | G50: =IF(F50="","",F50*全局设置!$B$7*全局设置!$D$14) | H50: =IF(G50="","",G50*全局设置!$B$5) | I50: =IF(AND(B50="",C50=""),"",IF(B50="","缺少敌人",IF(C50="","缺少数量",IF(OR(C50<1,C50>9999,C50<>INT(C50)),"数量无效",IF(COUNTIF($B$36:$B$53,B50)>1,"重复敌人",IFERROR(IF(VLOOKUP(B50,敌人目录!$A$6:$AD$54,27,FALSE)="可回读","可回读","敌人参数错误"),"敌人不存在"))))))
A51: 16 | D51: =IF(OR(B51="",C51=""),"",ROUNDUP(C51*(1+(全局设置!$B$5-1)*全局设置!$B$6),0)) | E51: =IFERROR(VLOOKUP(B51,敌人目录!$A$6:$AD$54,13,FALSE),"") | F51: =IF(D51="","",D51*E51) | G51: =IF(F51="","",F51*全局设置!$B$7*全局设置!$D$14) | H51: =IF(G51="","",G51*全局设置!$B$5) | I51: =IF(AND(B51="",C51=""),"",IF(B51="","缺少敌人",IF(C51="","缺少数量",IF(OR(C51<1,C51>9999,C51<>INT(C51)),"数量无效",IF(COUNTIF($B$36:$B$53,B51)>1,"重复敌人",IFERROR(IF(VLOOKUP(B51,敌人目录!$A$6:$AD$54,27,FALSE)="可回读","可回读","敌人参数错误"),"敌人不存在"))))))
A52: 17 | D52: =IF(OR(B52="",C52=""),"",ROUNDUP(C52*(1+(全局设置!$B$5-1)*全局设置!$B$6),0)) | E52: =IFERROR(VLOOKUP(B52,敌人目录!$A$6:$AD$54,13,FALSE),"") | F52: =IF(D52="","",D52*E52) | G52: =IF(F52="","",F52*全局设置!$B$7*全局设置!$D$14) | H52: =IF(G52="","",G52*全局设置!$B$5) | I52: =IF(AND(B52="",C52=""),"",IF(B52="","缺少敌人",IF(C52="","缺少数量",IF(OR(C52<1,C52>9999,C52<>INT(C52)),"数量无效",IF(COUNTIF($B$36:$B$53,B52)>1,"重复敌人",IFERROR(IF(VLOOKUP(B52,敌人目录!$A$6:$AD$54,27,FALSE)="可回读","可回读","敌人参数错误"),"敌人不存在"))))))
A53: 18 | D53: =IF(OR(B53="",C53=""),"",ROUNDUP(C53*(1+(全局设置!$B$5-1)*全局设置!$B$6),0)) | E53: =IFERROR(VLOOKUP(B53,敌人目录!$A$6:$AD$54,13,FALSE),"") | F53: =IF(D53="","",D53*E53) | G53: =IF(F53="","",F53*全局设置!$B$7*全局设置!$D$14) | H53: =IF(G53="","",G53*全局设置!$B$5) | I53: =IF(AND(B53="",C53=""),"",IF(B53="","缺少敌人",IF(C53="","缺少数量",IF(OR(C53<1,C53>9999,C53<>INT(C53)),"数量无效",IF(COUNTIF($B$36:$B$53,B53)>1,"重复敌人",IFERROR(IF(VLOOKUP(B53,敌人目录!$A$6:$AD$54,27,FALSE)="可回读","可回读","敌人参数错误"),"敌人不存在"))))))
A55: 基础总数 | B55: =SUM(C36:C53) -> 96 | C55: 实际总数 | D55: =SUM(D36:D53) -> 96 | E55: 最大息壤/玩家 | F55: =SUM(F36:F53) -> 116 | G55: 情景息壤/玩家 | H55: =SUM(G36:G53) -> 116
A56: 情景息壤/队伍 | B56: =SUM(H36:H53) -> 116 | C56: 情景收益 = 最大息壤 × 全局击杀率 × 第2日倍率；队伍值再乘模拟玩家数。 | D56: 情景收益 = 最大息壤 × 全局击杀率 × 第2日倍率；队伍值再乘模拟玩家数。 | E56: 情景收益 = 最大息壤 × 全局击杀率 × 第2日倍率；队伍值再乘模拟玩家数。 | F56: 情景收益 = 最大息壤 × 全局击杀率 × 第2日倍率；队伍值再乘模拟玩家数。 | G56: 情景收益 = 最大息壤 × 全局击杀率 × 第2日倍率；队伍值再乘模拟玩家数。 | H56: 情景收益 = 最大息壤 × 全局击杀率 × 第2日倍率；队伍值再乘模拟玩家数。 | I56: 情景收益 = 最大息壤 × 全局击杀率 × 第2日倍率；队伍值再乘模拟玩家数。
A60: 第 7 波｜第 2 日·3/4｜夜晚｜当前正式配置 | B60: 第 7 波｜第 2 日·3/4｜夜晚｜当前正式配置 | C60: 第 7 波｜第 2 日·3/4｜夜晚｜当前正式配置 | D60: 第 7 波｜第 2 日·3/4｜夜晚｜当前正式配置 | E60: 第 7 波｜第 2 日·3/4｜夜晚｜当前正式配置 | F60: 第 7 波｜第 2 日·3/4｜夜晚｜当前正式配置 | G60: 第 7 波｜第 2 日·3/4｜夜晚｜当前正式配置 | H60: 第 7 波｜第 2 日·3/4｜夜晚｜当前正式配置 | I60: 第 7 波｜第 2 日·3/4｜夜晚｜当前正式配置
A61: 波次名称 | B61: 第7波 紫晶突袭 | C61: 第7波 紫晶突袭 | D61: 出生间隔(s) | E61: 0.35 | F61: 每Tick | G61: 1 | H61: 存活上限 | I61: 300
A62: 出生点 | B62: 点1·开启 | C62: 点2·开启 | D62: 点3·开启 | E62: 点4·开启 | F62: 点5·开启 | G62: 点6·开启 | H62: 波次校验 | I62: =IF(COUNTA(B65:B82)=0,"待设计",IF(COUNTIF(I65:I82,"可回读")=COUNTA(B65:B82),"可回读","需修正")) -> 可回读
A63: 仅编辑蓝色列。敌人数值、固定息壤与掉落统一在“敌人目录”维护；本页按实际数量逐项精确结算息壤。 | B63: 仅编辑蓝色列。敌人数值、固定息壤与掉落统一在“敌人目录”维护；本页按实际数量逐项精确结算息壤。 | C63: 仅编辑蓝色列。敌人数值、固定息壤与掉落统一在“敌人目录”维护；本页按实际数量逐项精确结算息壤。 | D63: 仅编辑蓝色列。敌人数值、固定息壤与掉落统一在“敌人目录”维护；本页按实际数量逐项精确结算息壤。 | E63: 仅编辑蓝色列。敌人数值、固定息壤与掉落统一在“敌人目录”维护；本页按实际数量逐项精确结算息壤。 | F63: 仅编辑蓝色列。敌人数值、固定息壤与掉落统一在“敌人目录”维护；本页按实际数量逐项精确结算息壤。 | G63: 仅编辑蓝色列。敌人数值、固定息壤与掉落统一在“敌人目录”维护；本页按实际数量逐项精确结算息壤。 | H63: 仅编辑蓝色列。敌人数值、固定息壤与掉落统一在“敌人目录”维护；本页按实际数量逐项精确结算息壤。 | I63: 仅编辑蓝色列。敌人数值、固定息壤与掉落统一在“敌人目录”维护；本页按实际数量逐项精确结算息壤。
A64: 槽位 | B64: 敌人（下拉选择） | C64: 基础数量 | D64: 实际数量 | E64: 息壤/击杀 | F64: 本项最大息壤/玩家 | G64: 本项情景息壤/玩家 | H64: 本项情景息壤/队伍 | I64: 校验
A65: 1 | B65: 普通原石虫 | C65: 24 | D65: =IF(OR(B65="",C65=""),"",ROUNDUP(C65*(1+(全局设置!$B$5-1)*全局设置!$B$6),0)) -> 24 | E65: =IFERROR(VLOOKUP(B65,敌人目录!$A$6:$AD$54,13,FALSE),"") -> 1 | F65: =IF(D65="","",D65*E65) -> 24 | G65: =IF(F65="","",F65*全局设置!$B$7*全局设置!$D$14) -> 24 | H65: =IF(G65="","",G65*全局设置!$B$5) -> 24 | I65: =IF(AND(B65="",C65=""),"",IF(B65="","缺少敌人",IF(C65="","缺少数量",IF(OR(C65<1,C65>9999,C65<>INT(C65)),"数量无效",IF(COUNTIF($B$65:$B$82,B65)>1,"重复敌人",IFERROR(IF(VLOOKUP(B65,敌人目录!$A$6:$AD$54,27,FALSE)="可回读","可回读","敌人参数错误"),"敌人不存在")))))) -> 可回读
A66: 2 | B66: 迅捷原石虫 | C66: 24 | D66: =IF(OR(B66="",C66=""),"",ROUNDUP(C66*(1+(全局设置!$B$5-1)*全局设置!$B$6),0)) -> 24 | E66: =IFERROR(VLOOKUP(B66,敌人目录!$A$6:$AD$54,13,FALSE),"") -> 1 | F66: =IF(D66="","",D66*E66) -> 24 | G66: =IF(F66="","",F66*全局设置!$B$7*全局设置!$D$14) -> 24 | H66: =IF(G66="","",G66*全局设置!$B$5) -> 24 | I66: =IF(AND(B66="",C66=""),"",IF(B66="","缺少敌人",IF(C66="","缺少数量",IF(OR(C66<1,C66>9999,C66<>INT(C66)),"数量无效",IF(COUNTIF($B$65:$B$82,B66)>1,"重复敌人",IFERROR(IF(VLOOKUP(B66,敌人目录!$A$6:$AD$54,27,FALSE)="可回读","可回读","敌人参数错误"),"敌人不存在")))))) -> 可回读
A67: 3 | B67: 硬壳原石虫 | C67: 16 | D67: =IF(OR(B67="",C67=""),"",ROUNDUP(C67*(1+(全局设置!$B$5-1)*全局设置!$B$6),0)) -> 16 | E67: =IFERROR(VLOOKUP(B67,敌人目录!$A$6:$AD$54,13,FALSE),"") -> 2 | F67: =IF(D67="","",D67*E67) -> 32 | G67: =IF(F67="","",F67*全局设置!$B$7*全局设置!$D$14) -> 32 | H67: =IF(G67="","",G67*全局设置!$B$5) -> 32 | I67: =IF(AND(B67="",C67=""),"",IF(B67="","缺少敌人",IF(C67="","缺少数量",IF(OR(C67<1,C67>9999,C67<>INT(C67)),"数量无效",IF(COUNTIF($B$65:$B$82,B67)>1,"重复敌人",IFERROR(IF(VLOOKUP(B67,敌人目录!$A$6:$AD$54,27,FALSE)="可回读","可回读","敌人参数错误"),"敌人不存在")))))) -> 可回读
A68: 4 | B68: 自爆原石虫 | C68: 16 | D68: =IF(OR(B68="",C68=""),"",ROUNDUP(C68*(1+(全局设置!$B$5-1)*全局设置!$B$6),0)) -> 16 | E68: =IFERROR(VLOOKUP(B68,敌人目录!$A$6:$AD$54,13,FALSE),"") -> 1 | F68: =IF(D68="","",D68*E68) -> 16 | G68: =IF(F68="","",F68*全局设置!$B$7*全局设置!$D$14) -> 16 | H68: =IF(G68="","",G68*全局设置!$B$5) -> 16 | I68: =IF(AND(B68="",C68=""),"",IF(B68="","缺少敌人",IF(C68="","缺少数量",IF(OR(C68<1,C68>9999,C68<>INT(C68)),"数量无效",IF(COUNTIF($B$65:$B$82,B68)>1,"重复敌人",IFERROR(IF(VLOOKUP(B68,敌人目录!$A$6:$AD$54,27,FALSE)="可回读","可回读","敌人参数错误"),"敌人不存在")))))) -> 可回读
A69: 5 | B69: 紫晶自爆原石虫 | C69: 8 | D69: =IF(OR(B69="",C69=""),"",ROUNDUP(C69*(1+(全局设置!$B$5-1)*全局设置!$B$6),0)) -> 8 | E69: =IFERROR(VLOOKUP(B69,敌人目录!$A$6:$AD$54,13,FALSE),"") -> 2 | F69: =IF(D69="","",D69*E69) -> 16 | G69: =IF(F69="","",F69*全局设置!$B$7*全局设置!$D$14) -> 16 | H69: =IF(G69="","",G69*全局设置!$B$5) -> 16 | I69: =IF(AND(B69="",C69=""),"",IF(B69="","缺少敌人",IF(C69="","缺少数量",IF(OR(C69<1,C69>9999,C69<>INT(C69)),"数量无效",IF(COUNTIF($B$65:$B$82,B69)>1,"重复敌人",IFERROR(IF(VLOOKUP(B69,敌人目录!$A$6:$AD$54,27,FALSE)="可回读","可回读","敌人参数错误"),"敌人不存在")))))) -> 可回读
A70: 6 | B70: 火焰弹原石虫 | C70: 16 | D70: =IF(OR(B70="",C70=""),"",ROUNDUP(C70*(1+(全局设置!$B$5-1)*全局设置!$B$6),0)) -> 16 | E70: =IFERROR(VLOOKUP(B70,敌人目录!$A$6:$AD$54,13,FALSE),"") -> 1 | F70: =IF(D70="","",D70*E70) -> 16 | G70: =IF(F70="","",F70*全局设置!$B$7*全局设置!$D$14) -> 16 | H70: =IF(G70="","",G70*全局设置!$B$5) -> 16 | I70: =IF(AND(B70="",C70=""),"",IF(B70="","缺少敌人",IF(C70="","缺少数量",IF(OR(C70<1,C70>9999,C70<>INT(C70)),"数量无效",IF(COUNTIF($B$65:$B$82,B70)>1,"重复敌人",IFERROR(IF(VLOOKUP(B70,敌人目录!$A$6:$AD$54,27,FALSE)="可回读","可回读","敌人参数错误"),"敌人不存在")))))) -> 可回读
A71: 7 | B71: 守护者原石虫 | C71: 8 | D71: =IF(OR(B71="",C71=""),"",ROUNDUP(C71*(1+(全局设置!$B$5-1)*全局设置!$B$6),0)) -> 8 | E71: =IFERROR(VLOOKUP(B71,敌人目录!$A$6:$AD$54,13,FALSE),"") -> 2 | F71: =IF(D71="","",D71*E71) -> 16 | G71: =IF(F71="","",F71*全局设置!$B$7*全局设置!$D$14) -> 16 | H71: =IF(G71="","",G71*全局设置!$B$5) -> 16 | I71: =IF(AND(B71="",C71=""),"",IF(B71="","缺少敌人",IF(C71="","缺少数量",IF(OR(C71<1,C71>9999,C71<>INT(C71)),"数量无效",IF(COUNTIF($B$65:$B$82,B71)>1,"重复敌人",IFERROR(IF(VLOOKUP(B71,敌人目录!$A$6:$AD$54,27,FALSE)="可回读","可回读","敌人参数错误"),"敌人不存在")))))) -> 可回读
A72: 8 | D72: =IF(OR(B72="",C72=""),"",ROUNDUP(C72*(1+(全局设置!$B$5-1)*全局设置!$B$6),0)) | E72: =IFERROR(VLOOKUP(B72,敌人目录!$A$6:$AD$54,13,FALSE),"") | F72: =IF(D72="","",D72*E72) | G72: =IF(F72="","",F72*全局设置!$B$7*全局设置!$D$14) | H72: =IF(G72="","",G72*全局设置!$B$5) | I72: =IF(AND(B72="",C72=""),"",IF(B72="","缺少敌人",IF(C72="","缺少数量",IF(OR(C72<1,C72>9999,C72<>INT(C72)),"数量无效",IF(COUNTIF($B$65:$B$82,B72)>1,"重复敌人",IFERROR(IF(VLOOKUP(B72,敌人目录!$A$6:$AD$54,27,FALSE)="可回读","可回读","敌人参数错误"),"敌人不存在"))))))
A73: 9 | D73: =IF(OR(B73="",C73=""),"",ROUNDUP(C73*(1+(全局设置!$B$5-1)*全局设置!$B$6),0)) | E73: =IFERROR(VLOOKUP(B73,敌人目录!$A$6:$AD$54,13,FALSE),"") | F73: =IF(D73="","",D73*E73) | G73: =IF(F73="","",F73*全局设置!$B$7*全局设置!$D$14) | H73: =IF(G73="","",G73*全局设置!$B$5) | I73: =IF(AND(B73="",C73=""),"",IF(B73="","缺少敌人",IF(C73="","缺少数量",IF(OR(C73<1,C73>9999,C73<>INT(C73)),"数量无效",IF(COUNTIF($B$65:$B$82,B73)>1,"重复敌人",IFERROR(IF(VLOOKUP(B73,敌人目录!$A$6:$AD$54,27,FALSE)="可回读","可回读","敌人参数错误"),"敌人不存在"))))))
A74: 10 | D74: =IF(OR(B74="",C74=""),"",ROUNDUP(C74*(1+(全局设置!$B$5-1)*全局设置!$B$6),0)) | E74: =IFERROR(VLOOKUP(B74,敌人目录!$A$6:$AD$54,13,FALSE),"") | F74: =IF(D74="","",D74*E74) | G74: =IF(F74="","",F74*全局设置!$B$7*全局设置!$D$14) | H74: =IF(G74="","",G74*全局设置!$B$5) | I74: =IF(AND(B74="",C74=""),"",IF(B74="","缺少敌人",IF(C74="","缺少数量",IF(OR(C74<1,C74>9999,C74<>INT(C74)),"数量无效",IF(COUNTIF($B$65:$B$82,B74)>1,"重复敌人",IFERROR(IF(VLOOKUP(B74,敌人目录!$A$6:$AD$54,27,FALSE)="可回读","可回读","敌人参数错误"),"敌人不存在"))))))
A75: 11 | D75: =IF(OR(B75="",C75=""),"",ROUNDUP(C75*(1+(全局设置!$B$5-1)*全局设置!$B$6),0)) | E75: =IFERROR(VLOOKUP(B75,敌人目录!$A$6:$AD$54,13,FALSE),"") | F75: =IF(D75="","",D75*E75) | G75: =IF(F75="","",F75*全局设置!$B$7*全局设置!$D$14) | H75: =IF(G75="","",G75*全局设置!$B$5) | I75: =IF(AND(B75="",C75=""),"",IF(B75="","缺少敌人",IF(C75="","缺少数量",IF(OR(C75<1,C75>9999,C75<>INT(C75)),"数量无效",IF(COUNTIF($B$65:$B$82,B75)>1,"重复敌人",IFERROR(IF(VLOOKUP(B75,敌人目录!$A$6:$AD$54,27,FALSE)="可回读","可回读","敌人参数错误"),"敌人不存在"))))))
A76: 12 | D76: =IF(OR(B76="",C76=""),"",ROUNDUP(C76*(1+(全局设置!$B$5-1)*全局设置!$B$6),0)) | E76: =IFERROR(VLOOKUP(B76,敌人目录!$A$6:$AD$54,13,FALSE),"") | F76: =IF(D76="","",D76*E76) | G76: =IF(F76="","",F76*全局设置!$B$7*全局设置!$D$14) | H76: =IF(G76="","",G76*全局设置!$B$5) | I76: =IF(AND(B76="",C76=""),"",IF(B76="","缺少敌人",IF(C76="","缺少数量",IF(OR(C76<1,C76>9999,C76<>INT(C76)),"数量无效",IF(COUNTIF($B$65:$B$82,B76)>1,"重复敌人",IFERROR(IF(VLOOKUP(B76,敌人目录!$A$6:$AD$54,27,FALSE)="可回读","可回读","敌人参数错误"),"敌人不存在"))))))
A77: 13 | D77: =IF(OR(B77="",C77=""),"",ROUNDUP(C77*(1+(全局设置!$B$5-1)*全局设置!$B$6),0)) | E77: =IFERROR(VLOOKUP(B77,敌人目录!$A$6:$AD$54,13,FALSE),"") | F77: =IF(D77="","",D77*E77) | G77: =IF(F77="","",F77*全局设置!$B$7*全局设置!$D$14) | H77: =IF(G77="","",G77*全局设置!$B$5) | I77: =IF(AND(B77="",C77=""),"",IF(B77="","缺少敌人",IF(C77="","缺少数量",IF(OR(C77<1,C77>9999,C77<>INT(C77)),"数量无效",IF(COUNTIF($B$65:$B$82,B77)>1,"重复敌人",IFERROR(IF(VLOOKUP(B77,敌人目录!$A$6:$AD$54,27,FALSE)="可回读","可回读","敌人参数错误"),"敌人不存在"))))))
A78: 14 | D78: =IF(OR(B78="",C78=""),"",ROUNDUP(C78*(1+(全局设置!$B$5-1)*全局设置!$B$6),0)) | E78: =IFERROR(VLOOKUP(B78,敌人目录!$A$6:$AD$54,13,FALSE),"") | F78: =IF(D78="","",D78*E78) | G78: =IF(F78="","",F78*全局设置!$B$7*全局设置!$D$14) | H78: =IF(G78="","",G78*全局设置!$B$5) | I78: =IF(AND(B78="",C78=""),"",IF(B78="","缺少敌人",IF(C78="","缺少数量",IF(OR(C78<1,C78>9999,C78<>INT(C78)),"数量无效",IF(COUNTIF($B$65:$B$82,B78)>1,"重复敌人",IFERROR(IF(VLOOKUP(B78,敌人目录!$A$6:$AD$54,27,FALSE)="可回读","可回读","敌人参数错误"),"敌人不存在"))))))
A79: 15 | D79: =IF(OR(B79="",C79=""),"",ROUNDUP(C79*(1+(全局设置!$B$5-1)*全局设置!$B$6),0)) | E79: =IFERROR(VLOOKUP(B79,敌人目录!$A$6:$AD$54,13,FALSE),"") | F79: =IF(D79="","",D79*E79) | G79: =IF(F79="","",F79*全局设置!$B$7*全局设置!$D$14) | H79: =IF(G79="","",G79*全局设置!$B$5) | I79: =IF(AND(B79="",C79=""),"",IF(B79="","缺少敌人",IF(C79="","缺少数量",IF(OR(C79<1,C79>9999,C79<>INT(C79)),"数量无效",IF(COUNTIF($B$65:$B$82,B79)>1,"重复敌人",IFERROR(IF(VLOOKUP(B79,敌人目录!$A$6:$AD$54,27,FALSE)="可回读","可回读","敌人参数错误"),"敌人不存在"))))))
A80: 16 | D80: =IF(OR(B80="",C80=""),"",ROUNDUP(C80*(1+(全局设置!$B$5-1)*全局设置!$B$6),0)) | E80: =IFERROR(VLOOKUP(B80,敌人目录!$A$6:$AD$54,13,FALSE),"") | F80: =IF(D80="","",D80*E80) | G80: =IF(F80="","",F80*全局设置!$B$7*全局设置!$D$14) | H80: =IF(G80="","",G80*全局设置!$B$5) | I80: =IF(AND(B80="",C80=""),"",IF(B80="","缺少敌人",IF(C80="","缺少数量",IF(OR(C80<1,C80>9999,C80<>INT(C80)),"数量无效",IF(COUNTIF($B$65:$B$82,B80)>1,"重复敌人",IFERROR(IF(VLOOKUP(B80,敌人目录!$A$6:$AD$54,27,FALSE)="可回读","可回读","敌人参数错误"),"敌人不存在"))))))
A81: 17 | D81: =IF(OR(B81="",C81=""),"",ROUNDUP(C81*(1+(全局设置!$B$5-1)*全局设置!$B$6),0)) | E81: =IFERROR(VLOOKUP(B81,敌人目录!$A$6:$AD$54,13,FALSE),"") | F81: =IF(D81="","",D81*E81) | G81: =IF(F81="","",F81*全局设置!$B$7*全局设置!$D$14) | H81: =IF(G81="","",G81*全局设置!$B$5) | I81: =IF(AND(B81="",C81=""),"",IF(B81="","缺少敌人",IF(C81="","缺少数量",IF(OR(C81<1,C81>9999,C81<>INT(C81)),"数量无效",IF(COUNTIF($B$65:$B$82,B81)>1,"重复敌人",IFERROR(IF(VLOOKUP(B81,敌人目录!$A$6:$AD$54,27,FALSE)="可回读","可回读","敌人参数错误"),"敌人不存在"))))))
A82: 18 | D82: =IF(OR(B82="",C82=""),"",ROUNDUP(C82*(1+(全局设置!$B$5-1)*全局设置!$B$6),0)) | E82: =IFERROR(VLOOKUP(B82,敌人目录!$A$6:$AD$54,13,FALSE),"") | F82: =IF(D82="","",D82*E82) | G82: =IF(F82="","",F82*全局设置!$B$7*全局设置!$D$14) | H82: =IF(G82="","",G82*全局设置!$B$5) | I82: =IF(AND(B82="",C82=""),"",IF(B82="","缺少敌人",IF(C82="","缺少数量",IF(OR(C82<1,C82>9999,C82<>INT(C82)),"数量无效",IF(COUNTIF($B$65:$B$82,B82)>1,"重复敌人",IFERROR(IF(VLOOKUP(B82,敌人目录!$A$6:$AD$54,27,FALSE)="可回读","可回读","敌人参数错误"),"敌人不存在"))))))
A84: 基础总数 | B84: =SUM(C65:C82) -> 112 | C84: 实际总数 | D84: =SUM(D65:D82) -> 112 | E84: 最大息壤/玩家 | F84: =SUM(F65:F82) -> 144 | G84: 情景息壤/玩家 | H84: =SUM(G65:G82) -> 144
A85: 情景息壤/队伍 | B85: =SUM(H65:H82) -> 144 | C85: 情景收益 = 最大息壤 × 全局击杀率 × 第2日倍率；队伍值再乘模拟玩家数。 | D85: 情景收益 = 最大息壤 × 全局击杀率 × 第2日倍率；队伍值再乘模拟玩家数。 | E85: 情景收益 = 最大息壤 × 全局击杀率 × 第2日倍率；队伍值再乘模拟玩家数。 | F85: 情景收益 = 最大息壤 × 全局击杀率 × 第2日倍率；队伍值再乘模拟玩家数。 | G85: 情景收益 = 最大息壤 × 全局击杀率 × 第2日倍率；队伍值再乘模拟玩家数。 | H85: 情景收益 = 最大息壤 × 全局击杀率 × 第2日倍率；队伍值再乘模拟玩家数。 | I85: 情景收益 = 最大息壤 × 全局击杀率 × 第2日倍率；队伍值再乘模拟玩家数。
A89: 第 8 波｜第 2 日·4/4｜夜晚｜当前正式配置 | B89: 第 8 波｜第 2 日·4/4｜夜晚｜当前正式配置 | C89: 第 8 波｜第 2 日·4/4｜夜晚｜当前正式配置 | D89: 第 8 波｜第 2 日·4/4｜夜晚｜当前正式配置 | E89: 第 8 波｜第 2 日·4/4｜夜晚｜当前正式配置 | F89: 第 8 波｜第 2 日·4/4｜夜晚｜当前正式配置 | G89: 第 8 波｜第 2 日·4/4｜夜晚｜当前正式配置 | H89: 第 8 波｜第 2 日·4/4｜夜晚｜当前正式配置 | I89: 第 8 波｜第 2 日·4/4｜夜晚｜当前正式配置
A90: 波次名称 | B90: 第8波 沼泽合围 | C90: 第8波 沼泽合围 | D90: 出生间隔(s) | E90: 0.3 | F90: 每Tick | G90: 1 | H90: 存活上限 | I90: 300
A91: 出生点 | B91: 点1·开启 | C91: 点2·开启 | D91: 点3·开启 | E91: 点4·开启 | F91: 点5·开启 | G91: 点6·开启 | H91: 波次校验 | I91: =IF(COUNTA(B94:B111)=0,"待设计",IF(COUNTIF(I94:I111,"可回读")=COUNTA(B94:B111),"可回读","需修正")) -> 可回读
A92: 仅编辑蓝色列。敌人数值、固定息壤与掉落统一在“敌人目录”维护；本页按实际数量逐项精确结算息壤。 | B92: 仅编辑蓝色列。敌人数值、固定息壤与掉落统一在“敌人目录”维护；本页按实际数量逐项精确结算息壤。 | C92: 仅编辑蓝色列。敌人数值、固定息壤与掉落统一在“敌人目录”维护；本页按实际数量逐项精确结算息壤。 | D92: 仅编辑蓝色列。敌人数值、固定息壤与掉落统一在“敌人目录”维护；本页按实际数量逐项精确结算息壤。 | E92: 仅编辑蓝色列。敌人数值、固定息壤与掉落统一在“敌人目录”维护；本页按实际数量逐项精确结算息壤。 | F92: 仅编辑蓝色列。敌人数值、固定息壤与掉落统一在“敌人目录”维护；本页按实际数量逐项精确结算息壤。 | G92: 仅编辑蓝色列。敌人数值、固定息壤与掉落统一在“敌人目录”维护；本页按实际数量逐项精确结算息壤。 | H92: 仅编辑蓝色列。敌人数值、固定息壤与掉落统一在“敌人目录”维护；本页按实际数量逐项精确结算息壤。 | I92: 仅编辑蓝色列。敌人数值、固定息壤与掉落统一在“敌人目录”维护；本页按实际数量逐项精确结算息壤。
A93: 槽位 | B93: 敌人（下拉选择） | C93: 基础数量 | D93: 实际数量 | E93: 息壤/击杀 | F93: 本项最大息壤/玩家 | G93: 本项情景息壤/玩家 | H93: 本项情景息壤/队伍 | I93: 校验
A94: 1 | B94: 普通原石虫 | C94: 24 | D94: =IF(OR(B94="",C94=""),"",ROUNDUP(C94*(1+(全局设置!$B$5-1)*全局设置!$B$6),0)) -> 24 | E94: =IFERROR(VLOOKUP(B94,敌人目录!$A$6:$AD$54,13,FALSE),"") -> 1 | F94: =IF(D94="","",D94*E94) -> 24 | G94: =IF(F94="","",F94*全局设置!$B$7*全局设置!$D$14) -> 24 | H94: =IF(G94="","",G94*全局设置!$B$5) -> 24 | I94: =IF(AND(B94="",C94=""),"",IF(B94="","缺少敌人",IF(C94="","缺少数量",IF(OR(C94<1,C94>9999,C94<>INT(C94)),"数量无效",IF(COUNTIF($B$94:$B$111,B94)>1,"重复敌人",IFERROR(IF(VLOOKUP(B94,敌人目录!$A$6:$AD$54,27,FALSE)="可回读","可回读","敌人参数错误"),"敌人不存在")))))) -> 可回读
A95: 2 | B95: 迅捷原石虫 | C95: 24 | D95: =IF(OR(B95="",C95=""),"",ROUNDUP(C95*(1+(全局设置!$B$5-1)*全局设置!$B$6),0)) -> 24 | E95: =IFERROR(VLOOKUP(B95,敌人目录!$A$6:$AD$54,13,FALSE),"") -> 1 | F95: =IF(D95="","",D95*E95) -> 24 | G95: =IF(F95="","",F95*全局设置!$B$7*全局设置!$D$14) -> 24 | H95: =IF(G95="","",G95*全局设置!$B$5) -> 24 | I95: =IF(AND(B95="",C95=""),"",IF(B95="","缺少敌人",IF(C95="","缺少数量",IF(OR(C95<1,C95>9999,C95<>INT(C95)),"数量无效",IF(COUNTIF($B$94:$B$111,B95)>1,"重复敌人",IFERROR(IF(VLOOKUP(B95,敌人目录!$A$6:$AD$54,27,FALSE)="可回读","可回读","敌人参数错误"),"敌人不存在")))))) -> 可回读
A96: 3 | B96: 硬壳原石虫 | C96: 20 | D96: =IF(OR(B96="",C96=""),"",ROUNDUP(C96*(1+(全局设置!$B$5-1)*全局设置!$B$6),0)) -> 20 | E96: =IFERROR(VLOOKUP(B96,敌人目录!$A$6:$AD$54,13,FALSE),"") -> 2 | F96: =IF(D96="","",D96*E96) -> 40 | G96: =IF(F96="","",F96*全局设置!$B$7*全局设置!$D$14) -> 40 | H96: =IF(G96="","",G96*全局设置!$B$5) -> 40 | I96: =IF(AND(B96="",C96=""),"",IF(B96="","缺少敌人",IF(C96="","缺少数量",IF(OR(C96<1,C96>9999,C96<>INT(C96)),"数量无效",IF(COUNTIF($B$94:$B$111,B96)>1,"重复敌人",IFERROR(IF(VLOOKUP(B96,敌人目录!$A$6:$AD$54,27,FALSE)="可回读","可回读","敌人参数错误"),"敌人不存在")))))) -> 可回读
A97: 4 | B97: 自爆原石虫 | C97: 20 | D97: =IF(OR(B97="",C97=""),"",ROUNDUP(C97*(1+(全局设置!$B$5-1)*全局设置!$B$6),0)) -> 20 | E97: =IFERROR(VLOOKUP(B97,敌人目录!$A$6:$AD$54,13,FALSE),"") -> 1 | F97: =IF(D97="","",D97*E97) -> 20 | G97: =IF(F97="","",F97*全局设置!$B$7*全局设置!$D$14) -> 20 | H97: =IF(G97="","",G97*全局设置!$B$5) -> 20 | I97: =IF(AND(B97="",C97=""),"",IF(B97="","缺少敌人",IF(C97="","缺少数量",IF(OR(C97<1,C97>9999,C97<>INT(C97)),"数量无效",IF(COUNTIF($B$94:$B$111,B97)>1,"重复敌人",IFERROR(IF(VLOOKUP(B97,敌人目录!$A$6:$AD$54,27,FALSE)="可回读","可回读","敌人参数错误"),"敌人不存在")))))) -> 可回读
A98: 5 | B98: 紫晶自爆原石虫 | C98: 12 | D98: =IF(OR(B98="",C98=""),"",ROUNDUP(C98*(1+(全局设置!$B$5-1)*全局设置!$B$6),0)) -> 12 | E98: =IFERROR(VLOOKUP(B98,敌人目录!$A$6:$AD$54,13,FALSE),"") -> 2 | F98: =IF(D98="","",D98*E98) -> 24 | G98: =IF(F98="","",F98*全局设置!$B$7*全局设置!$D$14) -> 24 | H98: =IF(G98="","",G98*全局设置!$B$5) -> 24 | I98: =IF(AND(B98="",C98=""),"",IF(B98="","缺少敌人",IF(C98="","缺少数量",IF(OR(C98<1,C98>9999,C98<>INT(C98)),"数量无效",IF(COUNTIF($B$94:$B$111,B98)>1,"重复敌人",IFERROR(IF(VLOOKUP(B98,敌人目录!$A$6:$AD$54,27,FALSE)="可回读","可回读","敌人参数错误"),"敌人不存在")))))) -> 可回读
A99: 6 | B99: 火焰弹原石虫 | C99: 16 | D99: =IF(OR(B99="",C99=""),"",ROUNDUP(C99*(1+(全局设置!$B$5-1)*全局设置!$B$6),0)) -> 16 | E99: =IFERROR(VLOOKUP(B99,敌人目录!$A$6:$AD$54,13,FALSE),"") -> 1 | F99: =IF(D99="","",D99*E99) -> 16 | G99: =IF(F99="","",F99*全局设置!$B$7*全局设置!$D$14) -> 16 | H99: =IF(G99="","",G99*全局设置!$B$5) -> 16 | I99: =IF(AND(B99="",C99=""),"",IF(B99="","缺少敌人",IF(C99="","缺少数量",IF(OR(C99<1,C99>9999,C99<>INT(C99)),"数量无效",IF(COUNTIF($B$94:$B$111,B99)>1,"重复敌人",IFERROR(IF(VLOOKUP(B99,敌人目录!$A$6:$AD$54,27,FALSE)="可回读","可回读","敌人参数错误"),"敌人不存在")))))) -> 可回读
A100: 7 | B100: 守护者原石虫 | C100: 12 | D100: =IF(OR(B100="",C100=""),"",ROUNDUP(C100*(1+(全局设置!$B$5-1)*全局设置!$B$6),0)) -> 12 | E100: =IFERROR(VLOOKUP(B100,敌人目录!$A$6:$AD$54,13,FALSE),"") -> 2 | F100: =IF(D100="","",D100*E100) -> 24 | G100: =IF(F100="","",F100*全局设置!$B$7*全局设置!$D$14) -> 24 | H100: =IF(G100="","",G100*全局设置!$B$5) -> 24 | I100: =IF(AND(B100="",C100=""),"",IF(B100="","缺少敌人",IF(C100="","缺少数量",IF(OR(C100<1,C100>9999,C100<>INT(C100)),"数量无效",IF(COUNTIF($B$94:$B$111,B100)>1,"重复敌人",IFERROR(IF(VLOOKUP(B100,敌人目录!$A$6:$AD$54,27,FALSE)="可回读","可回读","敌人参数错误"),"敌人不存在")))))) -> 可回读
A101: 8 | D101: =IF(OR(B101="",C101=""),"",ROUNDUP(C101*(1+(全局设置!$B$5-1)*全局设置!$B$6),0)) | E101: =IFERROR(VLOOKUP(B101,敌人目录!$A$6:$AD$54,13,FALSE),"") | F101: =IF(D101="","",D101*E101) | G101: =IF(F101="","",F101*全局设置!$B$7*全局设置!$D$14) | H101: =IF(G101="","",G101*全局设置!$B$5) | I101: =IF(AND(B101="",C101=""),"",IF(B101="","缺少敌人",IF(C101="","缺少数量",IF(OR(C101<1,C101>9999,C101<>INT(C101)),"数量无效",IF(COUNTIF($B$94:$B$111,B101)>1,"重复敌人",IFERROR(IF(VLOOKUP(B101,敌人目录!$A$6:$AD$54,27,FALSE)="可回读","可回读","敌人参数错误"),"敌人不存在"))))))
A102: 9 | D102: =IF(OR(B102="",C102=""),"",ROUNDUP(C102*(1+(全局设置!$B$5-1)*全局设置!$B$6),0)) | E102: =IFERROR(VLOOKUP(B102,敌人目录!$A$6:$AD$54,13,FALSE),"") | F102: =IF(D102="","",D102*E102) | G102: =IF(F102="","",F102*全局设置!$B$7*全局设置!$D$14) | H102: =IF(G102="","",G102*全局设置!$B$5) | I102: =IF(AND(B102="",C102=""),"",IF(B102="","缺少敌人",IF(C102="","缺少数量",IF(OR(C102<1,C102>9999,C102<>INT(C102)),"数量无效",IF(COUNTIF($B$94:$B$111,B102)>1,"重复敌人",IFERROR(IF(VLOOKUP(B102,敌人目录!$A$6:$AD$54,27,FALSE)="可回读","可回读","敌人参数错误"),"敌人不存在"))))))
A103: 10 | D103: =IF(OR(B103="",C103=""),"",ROUNDUP(C103*(1+(全局设置!$B$5-1)*全局设置!$B$6),0)) | E103: =IFERROR(VLOOKUP(B103,敌人目录!$A$6:$AD$54,13,FALSE),"") | F103: =IF(D103="","",D103*E103) | G103: =IF(F103="","",F103*全局设置!$B$7*全局设置!$D$14) | H103: =IF(G103="","",G103*全局设置!$B$5) | I103: =IF(AND(B103="",C103=""),"",IF(B103="","缺少敌人",IF(C103="","缺少数量",IF(OR(C103<1,C103>9999,C103<>INT(C103)),"数量无效",IF(COUNTIF($B$94:$B$111,B103)>1,"重复敌人",IFERROR(IF(VLOOKUP(B103,敌人目录!$A$6:$AD$54,27,FALSE)="可回读","可回读","敌人参数错误"),"敌人不存在"))))))
A104: 11 | D104: =IF(OR(B104="",C104=""),"",ROUNDUP(C104*(1+(全局设置!$B$5-1)*全局设置!$B$6),0)) | E104: =IFERROR(VLOOKUP(B104,敌人目录!$A$6:$AD$54,13,FALSE),"") | F104: =IF(D104="","",D104*E104) | G104: =IF(F104="","",F104*全局设置!$B$7*全局设置!$D$14) | H104: =IF(G104="","",G104*全局设置!$B$5) | I104: =IF(AND(B104="",C104=""),"",IF(B104="","缺少敌人",IF(C104="","缺少数量",IF(OR(C104<1,C104>9999,C104<>INT(C104)),"数量无效",IF(COUNTIF($B$94:$B$111,B104)>1,"重复敌人",IFERROR(IF(VLOOKUP(B104,敌人目录!$A$6:$AD$54,27,FALSE)="可回读","可回读","敌人参数错误"),"敌人不存在"))))))
A105: 12 | D105: =IF(OR(B105="",C105=""),"",ROUNDUP(C105*(1+(全局设置!$B$5-1)*全局设置!$B$6),0)) | E105: =IFERROR(VLOOKUP(B105,敌人目录!$A$6:$AD$54,13,FALSE),"") | F105: =IF(D105="","",D105*E105) | G105: =IF(F105="","",F105*全局设置!$B$7*全局设置!$D$14) | H105: =IF(G105="","",G105*全局设置!$B$5) | I105: =IF(AND(B105="",C105=""),"",IF(B105="","缺少敌人",IF(C105="","缺少数量",IF(OR(C105<1,C105>9999,C105<>INT(C105)),"数量无效",IF(COUNTIF($B$94:$B$111,B105)>1,"重复敌人",IFERROR(IF(VLOOKUP(B105,敌人目录!$A$6:$AD$54,27,FALSE)="可回读","可回读","敌人参数错误"),"敌人不存在"))))))
A106: 13 | D106: =IF(OR(B106="",C106=""),"",ROUNDUP(C106*(1+(全局设置!$B$5-1)*全局设置!$B$6),0)) | E106: =IFERROR(VLOOKUP(B106,敌人目录!$A$6:$AD$54,13,FALSE),"") | F106: =IF(D106="","",D106*E106) | G106: =IF(F106="","",F106*全局设置!$B$7*全局设置!$D$14) | H106: =IF(G106="","",G106*全局设置!$B$5) | I106: =IF(AND(B106="",C106=""),"",IF(B106="","缺少敌人",IF(C106="","缺少数量",IF(OR(C106<1,C106>9999,C106<>INT(C106)),"数量无效",IF(COUNTIF($B$94:$B$111,B106)>1,"重复敌人",IFERROR(IF(VLOOKUP(B106,敌人目录!$A$6:$AD$54,27,FALSE)="可回读","可回读","敌人参数错误"),"敌人不存在"))))))
A107: 14 | D107: =IF(OR(B107="",C107=""),"",ROUNDUP(C107*(1+(全局设置!$B$5-1)*全局设置!$B$6),0)) | E107: =IFERROR(VLOOKUP(B107,敌人目录!$A$6:$AD$54,13,FALSE),"") | F107: =IF(D107="","",D107*E107) | G107: =IF(F107="","",F107*全局设置!$B$7*全局设置!$D$14) | H107: =IF(G107="","",G107*全局设置!$B$5) | I107: =IF(AND(B107="",C107=""),"",IF(B107="","缺少敌人",IF(C107="","缺少数量",IF(OR(C107<1,C107>9999,C107<>INT(C107)),"数量无效",IF(COUNTIF($B$94:$B$111,B107)>1,"重复敌人",IFERROR(IF(VLOOKUP(B107,敌人目录!$A$6:$AD$54,27,FALSE)="可回读","可回读","敌人参数错误"),"敌人不存在"))))))
A108: 15 | D108: =IF(OR(B108="",C108=""),"",ROUNDUP(C108*(1+(全局设置!$B$5-1)*全局设置!$B$6),0)) | E108: =IFERROR(VLOOKUP(B108,敌人目录!$A$6:$AD$54,13,FALSE),"") | F108: =IF(D108="","",D108*E108) | G108: =IF(F108="","",F108*全局设置!$B$7*全局设置!$D$14) | H108: =IF(G108="","",G108*全局设置!$B$5) | I108: =IF(AND(B108="",C108=""),"",IF(B108="","缺少敌人",IF(C108="","缺少数量",IF(OR(C108<1,C108>9999,C108<>INT(C108)),"数量无效",IF(COUNTIF($B$94:$B$111,B108)>1,"重复敌人",IFERROR(IF(VLOOKUP(B108,敌人目录!$A$6:$AD$54,27,FALSE)="可回读","可回读","敌人参数错误"),"敌人不存在"))))))
A109: 16 | D109: =IF(OR(B109="",C109=""),"",ROUNDUP(C109*(1+(全局设置!$B$5-1)*全局设置!$B$6),0)) | E109: =IFERROR(VLOOKUP(B109,敌人目录!$A$6:$AD$54,13,FALSE),"") | F109: =IF(D109="","",D109*E109) | G109: =IF(F109="","",F109*全局设置!$B$7*全局设置!$D$14) | H109: =IF(G109="","",G109*全局设置!$B$5) | I109: =IF(AND(B109="",C109=""),"",IF(B109="","缺少敌人",IF(C109="","缺少数量",IF(OR(C109<1,C109>9999,C109<>INT(C109)),"数量无效",IF(COUNTIF($B$94:$B$111,B109)>1,"重复敌人",IFERROR(IF(VLOOKUP(B109,敌人目录!$A$6:$AD$54,27,FALSE)="可回读","可回读","敌人参数错误"),"敌人不存在"))))))
A110: 17 | D110: =IF(OR(B110="",C110=""),"",ROUNDUP(C110*(1+(全局设置!$B$5-1)*全局设置!$B$6),0)) | E110: =IFERROR(VLOOKUP(B110,敌人目录!$A$6:$AD$54,13,FALSE),"") | F110: =IF(D110="","",D110*E110) | G110: =IF(F110="","",F110*全局设置!$B$7*全局设置!$D$14) | H110: =IF(G110="","",G110*全局设置!$B$5) | I110: =IF(AND(B110="",C110=""),"",IF(B110="","缺少敌人",IF(C110="","缺少数量",IF(OR(C110<1,C110>9999,C110<>INT(C110)),"数量无效",IF(COUNTIF($B$94:$B$111,B110)>1,"重复敌人",IFERROR(IF(VLOOKUP(B110,敌人目录!$A$6:$AD$54,27,FALSE)="可回读","可回读","敌人参数错误"),"敌人不存在"))))))
A111: 18 | D111: =IF(OR(B111="",C111=""),"",ROUNDUP(C111*(1+(全局设置!$B$5-1)*全局设置!$B$6),0)) | E111: =IFERROR(VLOOKUP(B111,敌人目录!$A$6:$AD$54,13,FALSE),"") | F111: =IF(D111="","",D111*E111) | G111: =IF(F111="","",F111*全局设置!$B$7*全局设置!$D$14) | H111: =IF(G111="","",G111*全局设置!$B$5) | I111: =IF(AND(B111="",C111=""),"",IF(B111="","缺少敌人",IF(C111="","缺少数量",IF(OR(C111<1,C111>9999,C111<>INT(C111)),"数量无效",IF(COUNTIF($B$94:$B$111,B111)>1,"重复敌人",IFERROR(IF(VLOOKUP(B111,敌人目录!$A$6:$AD$54,27,FALSE)="可回读","可回读","敌人参数错误"),"敌人不存在"))))))
A113: 基础总数 | B113: =SUM(C94:C111) -> 128 | C113: 实际总数 | D113: =SUM(D94:D111) -> 128 | E113: 最大息壤/玩家 | F113: =SUM(F94:F111) -> 172 | G113: 情景息壤/玩家 | H113: =SUM(G94:G111) -> 172
A114: 情景息壤/队伍 | B114: =SUM(H94:H111) -> 172 | C114: 情景收益 = 最大息壤 × 全局击杀率 × 第2日倍率；队伍值再乘模拟玩家数。 | D114: 情景收益 = 最大息壤 × 全局击杀率 × 第2日倍率；队伍值再乘模拟玩家数。 | E114: 情景收益 = 最大息壤 × 全局击杀率 × 第2日倍率；队伍值再乘模拟玩家数。 | F114: 情景收益 = 最大息壤 × 全局击杀率 × 第2日倍率；队伍值再乘模拟玩家数。 | G114: 情景收益 = 最大息壤 × 全局击杀率 × 第2日倍率；队伍值再乘模拟玩家数。 | H114: 情景收益 = 最大息壤 × 全局击杀率 × 第2日倍率；队伍值再乘模拟玩家数。 | I114: 情景收益 = 最大息壤 × 全局击杀率 × 第2日倍率；队伍值再乘模拟玩家数。

Sheet 第3日
A2: 第 9 波｜第 3 日·1/4｜白昼｜当前正式配置 | B2: 第 9 波｜第 3 日·1/4｜白昼｜当前正式配置 | C2: 第 9 波｜第 3 日·1/4｜白昼｜当前正式配置 | D2: 第 9 波｜第 3 日·1/4｜白昼｜当前正式配置 | E2: 第 9 波｜第 3 日·1/4｜白昼｜当前正式配置 | F2: 第 9 波｜第 3 日·1/4｜白昼｜当前正式配置 | G2: 第 9 波｜第 3 日·1/4｜白昼｜当前正式配置 | H2: 第 9 波｜第 3 日·1/4｜白昼｜当前正式配置 | I2: 第 9 波｜第 3 日·1/4｜白昼｜当前正式配置
A3: 波次名称 | B3: 第9波 城镇前锋 | C3: 第9波 城镇前锋 | D3: 出生间隔(s) | E3: 0.28 | F3: 每Tick | G3: 1 | H3: 存活上限 | I3: 300
A4: 出生点 | B4: 点1·开启 | C4: 点2·开启 | D4: 点3·开启 | E4: 点4·开启 | F4: 点5·开启 | G4: 点6·开启 | H4: 波次校验 | I4: =IF(COUNTA(B7:B24)=0,"待设计",IF(COUNTIF(I7:I24,"可回读")=COUNTA(B7:B24),"可回读","需修正")) -> 可回读
A5: 仅编辑蓝色列。敌人数值、固定息壤与掉落统一在“敌人目录”维护；本页按实际数量逐项精确结算息壤。 | B5: 仅编辑蓝色列。敌人数值、固定息壤与掉落统一在“敌人目录”维护；本页按实际数量逐项精确结算息壤。 | C5: 仅编辑蓝色列。敌人数值、固定息壤与掉落统一在“敌人目录”维护；本页按实际数量逐项精确结算息壤。 | D5: 仅编辑蓝色列。敌人数值、固定息壤与掉落统一在“敌人目录”维护；本页按实际数量逐项精确结算息壤。 | E5: 仅编辑蓝色列。敌人数值、固定息壤与掉落统一在“敌人目录”维护；本页按实际数量逐项精确结算息壤。 | F5: 仅编辑蓝色列。敌人数值、固定息壤与掉落统一在“敌人目录”维护；本页按实际数量逐项精确结算息壤。 | G5: 仅编辑蓝色列。敌人数值、固定息壤与掉落统一在“敌人目录”维护；本页按实际数量逐项精确结算息壤。 | H5: 仅编辑蓝色列。敌人数值、固定息壤与掉落统一在“敌人目录”维护；本页按实际数量逐项精确结算息壤。 | I5: 仅编辑蓝色列。敌人数值、固定息壤与掉落统一在“敌人目录”维护；本页按实际数量逐项精确结算息壤。
A6: 槽位 | B6: 敌人（下拉选择） | C6: 基础数量 | D6: 实际数量 | E6: 息壤/击杀 | F6: 本项最大息壤/玩家 | G6: 本项情景息壤/玩家 | H6: 本项情景息壤/队伍 | I6: 校验
A7: 1 | B7: 普通原石虫 | C7: 26 | D7: =IF(OR(B7="",C7=""),"",ROUNDUP(C7*(1+(全局设置!$B$5-1)*全局设置!$B$6),0)) -> 26 | E7: =IFERROR(VLOOKUP(B7,敌人目录!$A$6:$AD$54,13,FALSE),"") -> 1 | F7: =IF(D7="","",D7*E7) -> 26 | G7: =IF(F7="","",F7*全局设置!$B$7*全局设置!$E$14) -> 26 | H7: =IF(G7="","",G7*全局设置!$B$5) -> 26 | I7: =IF(AND(B7="",C7=""),"",IF(B7="","缺少敌人",IF(C7="","缺少数量",IF(OR(C7<1,C7>9999,C7<>INT(C7)),"数量无效",IF(COUNTIF($B$7:$B$24,B7)>1,"重复敌人",IFERROR(IF(VLOOKUP(B7,敌人目录!$A$6:$AD$54,27,FALSE)="可回读","可回读","敌人参数错误"),"敌人不存在")))))) -> 可回读
A8: 2 | B8: 迅捷原石虫 | C8: 20 | D8: =IF(OR(B8="",C8=""),"",ROUNDUP(C8*(1+(全局设置!$B$5-1)*全局设置!$B$6),0)) -> 20 | E8: =IFERROR(VLOOKUP(B8,敌人目录!$A$6:$AD$54,13,FALSE),"") -> 1 | F8: =IF(D8="","",D8*E8) -> 20 | G8: =IF(F8="","",F8*全局设置!$B$7*全局设置!$E$14) -> 20 | H8: =IF(G8="","",G8*全局设置!$B$5) -> 20 | I8: =IF(AND(B8="",C8=""),"",IF(B8="","缺少敌人",IF(C8="","缺少数量",IF(OR(C8<1,C8>9999,C8<>INT(C8)),"数量无效",IF(COUNTIF($B$7:$B$24,B8)>1,"重复敌人",IFERROR(IF(VLOOKUP(B8,敌人目录!$A$6:$AD$54,27,FALSE)="可回读","可回读","敌人参数错误"),"敌人不存在")))))) -> 可回读
A9: 3 | B9: 硬壳原石虫 | C9: 20 | D9: =IF(OR(B9="",C9=""),"",ROUNDUP(C9*(1+(全局设置!$B$5-1)*全局设置!$B$6),0)) -> 20 | E9: =IFERROR(VLOOKUP(B9,敌人目录!$A$6:$AD$54,13,FALSE),"") -> 2 | F9: =IF(D9="","",D9*E9) -> 40 | G9: =IF(F9="","",F9*全局设置!$B$7*全局设置!$E$14) -> 40 | H9: =IF(G9="","",G9*全局设置!$B$5) -> 40 | I9: =IF(AND(B9="",C9=""),"",IF(B9="","缺少敌人",IF(C9="","缺少数量",IF(OR(C9<1,C9>9999,C9<>INT(C9)),"数量无效",IF(COUNTIF($B$7:$B$24,B9)>1,"重复敌人",IFERROR(IF(VLOOKUP(B9,敌人目录!$A$6:$AD$54,27,FALSE)="可回读","可回读","敌人参数错误"),"敌人不存在")))))) -> 可回读
A10: 4 | B10: 自爆原石虫 | C10: 16 | D10: =IF(OR(B10="",C10=""),"",ROUNDUP(C10*(1+(全局设置!$B$5-1)*全局设置!$B$6),0)) -> 16 | E10: =IFERROR(VLOOKUP(B10,敌人目录!$A$6:$AD$54,13,FALSE),"") -> 1 | F10: =IF(D10="","",D10*E10) -> 16 | G10: =IF(F10="","",F10*全局设置!$B$7*全局设置!$E$14) -> 16 | H10: =IF(G10="","",G10*全局设置!$B$5) -> 16 | I10: =IF(AND(B10="",C10=""),"",IF(B10="","缺少敌人",IF(C10="","缺少数量",IF(OR(C10<1,C10>9999,C10<>INT(C10)),"数量无效",IF(COUNTIF($B$7:$B$24,B10)>1,"重复敌人",IFERROR(IF(VLOOKUP(B10,敌人目录!$A$6:$AD$54,27,FALSE)="可回读","可回读","敌人参数错误"),"敌人不存在")))))) -> 可回读
A11: 5 | B11: 紫晶自爆原石虫 | C11: 12 | D11: =IF(OR(B11="",C11=""),"",ROUNDUP(C11*(1+(全局设置!$B$5-1)*全局设置!$B$6),0)) -> 12 | E11: =IFERROR(VLOOKUP(B11,敌人目录!$A$6:$AD$54,13,FALSE),"") -> 2 | F11: =IF(D11="","",D11*E11) -> 24 | G11: =IF(F11="","",F11*全局设置!$B$7*全局设置!$E$14) -> 24 | H11: =IF(G11="","",G11*全局设置!$B$5) -> 24 | I11: =IF(AND(B11="",C11=""),"",IF(B11="","缺少敌人",IF(C11="","缺少数量",IF(OR(C11<1,C11>9999,C11<>INT(C11)),"数量无效",IF(COUNTIF($B$7:$B$24,B11)>1,"重复敌人",IFERROR(IF(VLOOKUP(B11,敌人目录!$A$6:$AD$54,27,FALSE)="可回读","可回读","敌人参数错误"),"敌人不存在")))))) -> 可回读
A12: 6 | B12: 火焰弹原石虫 | C12: 20 | D12: =IF(OR(B12="",C12=""),"",ROUNDUP(C12*(1+(全局设置!$B$5-1)*全局设置!$B$6),0)) -> 20 | E12: =IFERROR(VLOOKUP(B12,敌人目录!$A$6:$AD$54,13,FALSE),"") -> 1 | F12: =IF(D12="","",D12*E12) -> 20 | G12: =IF(F12="","",F12*全局设置!$B$7*全局设置!$E$14) -> 20 | H12: =IF(G12="","",G12*全局设置!$B$5) -> 20 | I12: =IF(AND(B12="",C12=""),"",IF(B12="","缺少敌人",IF(C12="","缺少数量",IF(OR(C12<1,C12>9999,C12<>INT(C12)),"数量无效",IF(COUNTIF($B$7:$B$24,B12)>1,"重复敌人",IFERROR(IF(VLOOKUP(B12,敌人目录!$A$6:$AD$54,27,FALSE)="可回读","可回读","敌人参数错误"),"敌人不存在")))))) -> 可回读
A13: 7 | B13: 翠壳原石虫 | C13: 16 | D13: =IF(OR(B13="",C13=""),"",ROUNDUP(C13*(1+(全局设置!$B$5-1)*全局设置!$B$6),0)) -> 16 | E13: =IFERROR(VLOOKUP(B13,敌人目录!$A$6:$AD$54,13,FALSE),"") -> 2 | F13: =IF(D13="","",D13*E13) -> 32 | G13: =IF(F13="","",F13*全局设置!$B$7*全局设置!$E$14) -> 32 | H13: =IF(G13="","",G13*全局设置!$B$5) -> 32 | I13: =IF(AND(B13="",C13=""),"",IF(B13="","缺少敌人",IF(C13="","缺少数量",IF(OR(C13<1,C13>9999,C13<>INT(C13)),"数量无效",IF(COUNTIF($B$7:$B$24,B13)>1,"重复敌人",IFERROR(IF(VLOOKUP(B13,敌人目录!$A$6:$AD$54,27,FALSE)="可回读","可回读","敌人参数错误"),"敌人不存在")))))) -> 可回读
A14: 8 | B14: 守护者原石虫 | C14: 12 | D14: =IF(OR(B14="",C14=""),"",ROUNDUP(C14*(1+(全局设置!$B$5-1)*全局设置!$B$6),0)) -> 12 | E14: =IFERROR(VLOOKUP(B14,敌人目录!$A$6:$AD$54,13,FALSE),"") -> 2 | F14: =IF(D14="","",D14*E14) -> 24 | G14: =IF(F14="","",F14*全局设置!$B$7*全局设置!$E$14) -> 24 | H14: =IF(G14="","",G14*全局设置!$B$5) -> 24 | I14: =IF(AND(B14="",C14=""),"",IF(B14="","缺少敌人",IF(C14="","缺少数量",IF(OR(C14<1,C14>9999,C14<>INT(C14)),"数量无效",IF(COUNTIF($B$7:$B$24,B14)>1,"重复敌人",IFERROR(IF(VLOOKUP(B14,敌人目录!$A$6:$AD$54,27,FALSE)="可回读","可回读","敌人参数错误"),"敌人不存在")))))) -> 可回读
A15: 9 | B15: 骑士猫猫虫 | C15: 2 | D15: =IF(OR(B15="",C15=""),"",ROUNDUP(C15*(1+(全局设置!$B$5-1)*全局设置!$B$6),0)) -> 2 | E15: =IFERROR(VLOOKUP(B15,敌人目录!$A$6:$AD$54,13,FALSE),"") -> 4 | F15: =IF(D15="","",D15*E15) -> 8 | G15: =IF(F15="","",F15*全局设置!$B$7*全局设置!$E$14) -> 8 | H15: =IF(G15="","",G15*全局设置!$B$5) -> 8 | I15: =IF(AND(B15="",C15=""),"",IF(B15="","缺少敌人",IF(C15="","缺少数量",IF(OR(C15<1,C15>9999,C15<>INT(C15)),"数量无效",IF(COUNTIF($B$7:$B$24,B15)>1,"重复敌人",IFERROR(IF(VLOOKUP(B15,敌人目录!$A$6:$AD$54,27,FALSE)="可回读","可回读","敌人参数错误"),"敌人不存在")))))) -> 可回读
A16: 10 | D16: =IF(OR(B16="",C16=""),"",ROUNDUP(C16*(1+(全局设置!$B$5-1)*全局设置!$B$6),0)) | E16: =IFERROR(VLOOKUP(B16,敌人目录!$A$6:$AD$54,13,FALSE),"") | F16: =IF(D16="","",D16*E16) | G16: =IF(F16="","",F16*全局设置!$B$7*全局设置!$E$14) | H16: =IF(G16="","",G16*全局设置!$B$5) | I16: =IF(AND(B16="",C16=""),"",IF(B16="","缺少敌人",IF(C16="","缺少数量",IF(OR(C16<1,C16>9999,C16<>INT(C16)),"数量无效",IF(COUNTIF($B$7:$B$24,B16)>1,"重复敌人",IFERROR(IF(VLOOKUP(B16,敌人目录!$A$6:$AD$54,27,FALSE)="可回读","可回读","敌人参数错误"),"敌人不存在"))))))
A17: 11 | D17: =IF(OR(B17="",C17=""),"",ROUNDUP(C17*(1+(全局设置!$B$5-1)*全局设置!$B$6),0)) | E17: =IFERROR(VLOOKUP(B17,敌人目录!$A$6:$AD$54,13,FALSE),"") | F17: =IF(D17="","",D17*E17) | G17: =IF(F17="","",F17*全局设置!$B$7*全局设置!$E$14) | H17: =IF(G17="","",G17*全局设置!$B$5) | I17: =IF(AND(B17="",C17=""),"",IF(B17="","缺少敌人",IF(C17="","缺少数量",IF(OR(C17<1,C17>9999,C17<>INT(C17)),"数量无效",IF(COUNTIF($B$7:$B$24,B17)>1,"重复敌人",IFERROR(IF(VLOOKUP(B17,敌人目录!$A$6:$AD$54,27,FALSE)="可回读","可回读","敌人参数错误"),"敌人不存在"))))))
A18: 12 | D18: =IF(OR(B18="",C18=""),"",ROUNDUP(C18*(1+(全局设置!$B$5-1)*全局设置!$B$6),0)) | E18: =IFERROR(VLOOKUP(B18,敌人目录!$A$6:$AD$54,13,FALSE),"") | F18: =IF(D18="","",D18*E18) | G18: =IF(F18="","",F18*全局设置!$B$7*全局设置!$E$14) | H18: =IF(G18="","",G18*全局设置!$B$5) | I18: =IF(AND(B18="",C18=""),"",IF(B18="","缺少敌人",IF(C18="","缺少数量",IF(OR(C18<1,C18>9999,C18<>INT(C18)),"数量无效",IF(COUNTIF($B$7:$B$24,B18)>1,"重复敌人",IFERROR(IF(VLOOKUP(B18,敌人目录!$A$6:$AD$54,27,FALSE)="可回读","可回读","敌人参数错误"),"敌人不存在"))))))
A19: 13 | D19: =IF(OR(B19="",C19=""),"",ROUNDUP(C19*(1+(全局设置!$B$5-1)*全局设置!$B$6),0)) | E19: =IFERROR(VLOOKUP(B19,敌人目录!$A$6:$AD$54,13,FALSE),"") | F19: =IF(D19="","",D19*E19) | G19: =IF(F19="","",F19*全局设置!$B$7*全局设置!$E$14) | H19: =IF(G19="","",G19*全局设置!$B$5) | I19: =IF(AND(B19="",C19=""),"",IF(B19="","缺少敌人",IF(C19="","缺少数量",IF(OR(C19<1,C19>9999,C19<>INT(C19)),"数量无效",IF(COUNTIF($B$7:$B$24,B19)>1,"重复敌人",IFERROR(IF(VLOOKUP(B19,敌人目录!$A$6:$AD$54,27,FALSE)="可回读","可回读","敌人参数错误"),"敌人不存在"))))))
A20: 14 | D20: =IF(OR(B20="",C20=""),"",ROUNDUP(C20*(1+(全局设置!$B$5-1)*全局设置!$B$6),0)) | E20: =IFERROR(VLOOKUP(B20,敌人目录!$A$6:$AD$54,13,FALSE),"") | F20: =IF(D20="","",D20*E20) | G20: =IF(F20="","",F20*全局设置!$B$7*全局设置!$E$14) | H20: =IF(G20="","",G20*全局设置!$B$5) | I20: =IF(AND(B20="",C20=""),"",IF(B20="","缺少敌人",IF(C20="","缺少数量",IF(OR(C20<1,C20>9999,C20<>INT(C20)),"数量无效",IF(COUNTIF($B$7:$B$24,B20)>1,"重复敌人",IFERROR(IF(VLOOKUP(B20,敌人目录!$A$6:$AD$54,27,FALSE)="可回读","可回读","敌人参数错误"),"敌人不存在"))))))
A21: 15 | D21: =IF(OR(B21="",C21=""),"",ROUNDUP(C21*(1+(全局设置!$B$5-1)*全局设置!$B$6),0)) | E21: =IFERROR(VLOOKUP(B21,敌人目录!$A$6:$AD$54,13,FALSE),"") | F21: =IF(D21="","",D21*E21) | G21: =IF(F21="","",F21*全局设置!$B$7*全局设置!$E$14) | H21: =IF(G21="","",G21*全局设置!$B$5) | I21: =IF(AND(B21="",C21=""),"",IF(B21="","缺少敌人",IF(C21="","缺少数量",IF(OR(C21<1,C21>9999,C21<>INT(C21)),"数量无效",IF(COUNTIF($B$7:$B$24,B21)>1,"重复敌人",IFERROR(IF(VLOOKUP(B21,敌人目录!$A$6:$AD$54,27,FALSE)="可回读","可回读","敌人参数错误"),"敌人不存在"))))))
A22: 16 | D22: =IF(OR(B22="",C22=""),"",ROUNDUP(C22*(1+(全局设置!$B$5-1)*全局设置!$B$6),0)) | E22: =IFERROR(VLOOKUP(B22,敌人目录!$A$6:$AD$54,13,FALSE),"") | F22: =IF(D22="","",D22*E22) | G22: =IF(F22="","",F22*全局设置!$B$7*全局设置!$E$14) | H22: =IF(G22="","",G22*全局设置!$B$5) | I22: =IF(AND(B22="",C22=""),"",IF(B22="","缺少敌人",IF(C22="","缺少数量",IF(OR(C22<1,C22>9999,C22<>INT(C22)),"数量无效",IF(COUNTIF($B$7:$B$24,B22)>1,"重复敌人",IFERROR(IF(VLOOKUP(B22,敌人目录!$A$6:$AD$54,27,FALSE)="可回读","可回读","敌人参数错误"),"敌人不存在"))))))
A23: 17 | D23: =IF(OR(B23="",C23=""),"",ROUNDUP(C23*(1+(全局设置!$B$5-1)*全局设置!$B$6),0)) | E23: =IFERROR(VLOOKUP(B23,敌人目录!$A$6:$AD$54,13,FALSE),"") | F23: =IF(D23="","",D23*E23) | G23: =IF(F23="","",F23*全局设置!$B$7*全局设置!$E$14) | H23: =IF(G23="","",G23*全局设置!$B$5) | I23: =IF(AND(B23="",C23=""),"",IF(B23="","缺少敌人",IF(C23="","缺少数量",IF(OR(C23<1,C23>9999,C23<>INT(C23)),"数量无效",IF(COUNTIF($B$7:$B$24,B23)>1,"重复敌人",IFERROR(IF(VLOOKUP(B23,敌人目录!$A$6:$AD$54,27,FALSE)="可回读","可回读","敌人参数错误"),"敌人不存在"))))))
A24: 18 | D24: =IF(OR(B24="",C24=""),"",ROUNDUP(C24*(1+(全局设置!$B$5-1)*全局设置!$B$6),0)) | E24: =IFERROR(VLOOKUP(B24,敌人目录!$A$6:$AD$54,13,FALSE),"") | F24: =IF(D24="","",D24*E24) | G24: =IF(F24="","",F24*全局设置!$B$7*全局设置!$E$14) | H24: =IF(G24="","",G24*全局设置!$B$5) | I24: =IF(AND(B24="",C24=""),"",IF(B24="","缺少敌人",IF(C24="","缺少数量",IF(OR(C24<1,C24>9999,C24<>INT(C24)),"数量无效",IF(COUNTIF($B$7:$B$24,B24)>1,"重复敌人",IFERROR(IF(VLOOKUP(B24,敌人目录!$A$6:$AD$54,27,FALSE)="可回读","可回读","敌人参数错误"),"敌人不存在"))))))
A26: 基础总数 | B26: =SUM(C7:C24) -> 144 | C26: 实际总数 | D26: =SUM(D7:D24) -> 144 | E26: 最大息壤/玩家 | F26: =SUM(F7:F24) -> 210 | G26: 情景息壤/玩家 | H26: =SUM(G7:G24) -> 210
A27: 情景息壤/队伍 | B27: =SUM(H7:H24) -> 210 | C27: 情景收益 = 最大息壤 × 全局击杀率 × 第3日倍率；队伍值再乘模拟玩家数。 | D27: 情景收益 = 最大息壤 × 全局击杀率 × 第3日倍率；队伍值再乘模拟玩家数。 | E27: 情景收益 = 最大息壤 × 全局击杀率 × 第3日倍率；队伍值再乘模拟玩家数。 | F27: 情景收益 = 最大息壤 × 全局击杀率 × 第3日倍率；队伍值再乘模拟玩家数。 | G27: 情景收益 = 最大息壤 × 全局击杀率 × 第3日倍率；队伍值再乘模拟玩家数。 | H27: 情景收益 = 最大息壤 × 全局击杀率 × 第3日倍率；队伍值再乘模拟玩家数。 | I27: 情景收益 = 最大息壤 × 全局击杀率 × 第3日倍率；队伍值再乘模拟玩家数。
A31: 第 10 波｜第 3 日·2/4｜白昼｜当前正式配置 | B31: 第 10 波｜第 3 日·2/4｜白昼｜当前正式配置 | C31: 第 10 波｜第 3 日·2/4｜白昼｜当前正式配置 | D31: 第 10 波｜第 3 日·2/4｜白昼｜当前正式配置 | E31: 第 10 波｜第 3 日·2/4｜白昼｜当前正式配置 | F31: 第 10 波｜第 3 日·2/4｜白昼｜当前正式配置 | G31: 第 10 波｜第 3 日·2/4｜白昼｜当前正式配置 | H31: 第 10 波｜第 3 日·2/4｜白昼｜当前正式配置 | I31: 第 10 波｜第 3 日·2/4｜白昼｜当前正式配置
A32: 波次名称 | B32: 第10波 火力交叉 | C32: 第10波 火力交叉 | D32: 出生间隔(s) | E32: 0.26 | F32: 每Tick | G32: 1 | H32: 存活上限 | I32: 300
A33: 出生点 | B33: 点1·开启 | C33: 点2·开启 | D33: 点3·开启 | E33: 点4·开启 | F33: 点5·开启 | G33: 点6·开启 | H33: 波次校验 | I33: =IF(COUNTA(B36:B53)=0,"待设计",IF(COUNTIF(I36:I53,"可回读")=COUNTA(B36:B53),"可回读","需修正")) -> 可回读
A34: 仅编辑蓝色列。敌人数值、固定息壤与掉落统一在“敌人目录”维护；本页按实际数量逐项精确结算息壤。 | B34: 仅编辑蓝色列。敌人数值、固定息壤与掉落统一在“敌人目录”维护；本页按实际数量逐项精确结算息壤。 | C34: 仅编辑蓝色列。敌人数值、固定息壤与掉落统一在“敌人目录”维护；本页按实际数量逐项精确结算息壤。 | D34: 仅编辑蓝色列。敌人数值、固定息壤与掉落统一在“敌人目录”维护；本页按实际数量逐项精确结算息壤。 | E34: 仅编辑蓝色列。敌人数值、固定息壤与掉落统一在“敌人目录”维护；本页按实际数量逐项精确结算息壤。 | F34: 仅编辑蓝色列。敌人数值、固定息壤与掉落统一在“敌人目录”维护；本页按实际数量逐项精确结算息壤。 | G34: 仅编辑蓝色列。敌人数值、固定息壤与掉落统一在“敌人目录”维护；本页按实际数量逐项精确结算息壤。 | H34: 仅编辑蓝色列。敌人数值、固定息壤与掉落统一在“敌人目录”维护；本页按实际数量逐项精确结算息壤。 | I34: 仅编辑蓝色列。敌人数值、固定息壤与掉落统一在“敌人目录”维护；本页按实际数量逐项精确结算息壤。
A35: 槽位 | B35: 敌人（下拉选择） | C35: 基础数量 | D35: 实际数量 | E35: 息壤/击杀 | F35: 本项最大息壤/玩家 | G35: 本项情景息壤/玩家 | H35: 本项情景息壤/队伍 | I35: 校验
A36: 1 | B36: 普通原石虫 | C36: 20 | D36: =IF(OR(B36="",C36=""),"",ROUNDUP(C36*(1+(全局设置!$B$5-1)*全局设置!$B$6),0)) -> 20 | E36: =IFERROR(VLOOKUP(B36,敌人目录!$A$6:$AD$54,13,FALSE),"") -> 1 | F36: =IF(D36="","",D36*E36) -> 20 | G36: =IF(F36="","",F36*全局设置!$B$7*全局设置!$E$14) -> 20 | H36: =IF(G36="","",G36*全局设置!$B$5) -> 20 | I36: =IF(AND(B36="",C36=""),"",IF(B36="","缺少敌人",IF(C36="","缺少数量",IF(OR(C36<1,C36>9999,C36<>INT(C36)),"数量无效",IF(COUNTIF($B$36:$B$53,B36)>1,"重复敌人",IFERROR(IF(VLOOKUP(B36,敌人目录!$A$6:$AD$54,27,FALSE)="可回读","可回读","敌人参数错误"),"敌人不存在")))))) -> 可回读
A37: 2 | B37: 迅捷原石虫 | C37: 24 | D37: =IF(OR(B37="",C37=""),"",ROUNDUP(C37*(1+(全局设置!$B$5-1)*全局设置!$B$6),0)) -> 24 | E37: =IFERROR(VLOOKUP(B37,敌人目录!$A$6:$AD$54,13,FALSE),"") -> 1 | F37: =IF(D37="","",D37*E37) -> 24 | G37: =IF(F37="","",F37*全局设置!$B$7*全局设置!$E$14) -> 24 | H37: =IF(G37="","",G37*全局设置!$B$5) -> 24 | I37: =IF(AND(B37="",C37=""),"",IF(B37="","缺少敌人",IF(C37="","缺少数量",IF(OR(C37<1,C37>9999,C37<>INT(C37)),"数量无效",IF(COUNTIF($B$36:$B$53,B37)>1,"重复敌人",IFERROR(IF(VLOOKUP(B37,敌人目录!$A$6:$AD$54,27,FALSE)="可回读","可回读","敌人参数错误"),"敌人不存在")))))) -> 可回读
A38: 3 | B38: 硬壳原石虫 | C38: 24 | D38: =IF(OR(B38="",C38=""),"",ROUNDUP(C38*(1+(全局设置!$B$5-1)*全局设置!$B$6),0)) -> 24 | E38: =IFERROR(VLOOKUP(B38,敌人目录!$A$6:$AD$54,13,FALSE),"") -> 2 | F38: =IF(D38="","",D38*E38) -> 48 | G38: =IF(F38="","",F38*全局设置!$B$7*全局设置!$E$14) -> 48 | H38: =IF(G38="","",G38*全局设置!$B$5) -> 48 | I38: =IF(AND(B38="",C38=""),"",IF(B38="","缺少敌人",IF(C38="","缺少数量",IF(OR(C38<1,C38>9999,C38<>INT(C38)),"数量无效",IF(COUNTIF($B$36:$B$53,B38)>1,"重复敌人",IFERROR(IF(VLOOKUP(B38,敌人目录!$A$6:$AD$54,27,FALSE)="可回读","可回读","敌人参数错误"),"敌人不存在")))))) -> 可回读
A39: 4 | B39: 自爆原石虫 | C39: 20 | D39: =IF(OR(B39="",C39=""),"",ROUNDUP(C39*(1+(全局设置!$B$5-1)*全局设置!$B$6),0)) -> 20 | E39: =IFERROR(VLOOKUP(B39,敌人目录!$A$6:$AD$54,13,FALSE),"") -> 1 | F39: =IF(D39="","",D39*E39) -> 20 | G39: =IF(F39="","",F39*全局设置!$B$7*全局设置!$E$14) -> 20 | H39: =IF(G39="","",G39*全局设置!$B$5) -> 20 | I39: =IF(AND(B39="",C39=""),"",IF(B39="","缺少敌人",IF(C39="","缺少数量",IF(OR(C39<1,C39>9999,C39<>INT(C39)),"数量无效",IF(COUNTIF($B$36:$B$53,B39)>1,"重复敌人",IFERROR(IF(VLOOKUP(B39,敌人目录!$A$6:$AD$54,27,FALSE)="可回读","可回读","敌人参数错误"),"敌人不存在")))))) -> 可回读
A40: 5 | B40: 紫晶自爆原石虫 | C40: 16 | D40: =IF(OR(B40="",C40=""),"",ROUNDUP(C40*(1+(全局设置!$B$5-1)*全局设置!$B$6),0)) -> 16 | E40: =IFERROR(VLOOKUP(B40,敌人目录!$A$6:$AD$54,13,FALSE),"") -> 2 | F40: =IF(D40="","",D40*E40) -> 32 | G40: =IF(F40="","",F40*全局设置!$B$7*全局设置!$E$14) -> 32 | H40: =IF(G40="","",G40*全局设置!$B$5) -> 32 | I40: =IF(AND(B40="",C40=""),"",IF(B40="","缺少敌人",IF(C40="","缺少数量",IF(OR(C40<1,C40>9999,C40<>INT(C40)),"数量无效",IF(COUNTIF($B$36:$B$53,B40)>1,"重复敌人",IFERROR(IF(VLOOKUP(B40,敌人目录!$A$6:$AD$54,27,FALSE)="可回读","可回读","敌人参数错误"),"敌人不存在")))))) -> 可回读
A41: 6 | B41: 火焰弹原石虫 | C41: 20 | D41: =IF(OR(B41="",C41=""),"",ROUNDUP(C41*(1+(全局设置!$B$5-1)*全局设置!$B$6),0)) -> 20 | E41: =IFERROR(VLOOKUP(B41,敌人目录!$A$6:$AD$54,13,FALSE),"") -> 1 | F41: =IF(D41="","",D41*E41) -> 20 | G41: =IF(F41="","",F41*全局设置!$B$7*全局设置!$E$14) -> 20 | H41: =IF(G41="","",G41*全局设置!$B$5) -> 20 | I41: =IF(AND(B41="",C41=""),"",IF(B41="","缺少敌人",IF(C41="","缺少数量",IF(OR(C41<1,C41>9999,C41<>INT(C41)),"数量无效",IF(COUNTIF($B$36:$B$53,B41)>1,"重复敌人",IFERROR(IF(VLOOKUP(B41,敌人目录!$A$6:$AD$54,27,FALSE)="可回读","可回读","敌人参数错误"),"敌人不存在")))))) -> 可回读
A42: 7 | B42: 翠壳原石虫 | C42: 16 | D42: =IF(OR(B42="",C42=""),"",ROUNDUP(C42*(1+(全局设置!$B$5-1)*全局设置!$B$6),0)) -> 16 | E42: =IFERROR(VLOOKUP(B42,敌人目录!$A$6:$AD$54,13,FALSE),"") -> 2 | F42: =IF(D42="","",D42*E42) -> 32 | G42: =IF(F42="","",F42*全局设置!$B$7*全局设置!$E$14) -> 32 | H42: =IF(G42="","",G42*全局设置!$B$5) -> 32 | I42: =IF(AND(B42="",C42=""),"",IF(B42="","缺少敌人",IF(C42="","缺少数量",IF(OR(C42<1,C42>9999,C42<>INT(C42)),"数量无效",IF(COUNTIF($B$36:$B$53,B42)>1,"重复敌人",IFERROR(IF(VLOOKUP(B42,敌人目录!$A$6:$AD$54,27,FALSE)="可回读","可回读","敌人参数错误"),"敌人不存在")))))) -> 可回读
A43: 8 | B43: 守护者原石虫 | C43: 16 | D43: =IF(OR(B43="",C43=""),"",ROUNDUP(C43*(1+(全局设置!$B$5-1)*全局设置!$B$6),0)) -> 16 | E43: =IFERROR(VLOOKUP(B43,敌人目录!$A$6:$AD$54,13,FALSE),"") -> 2 | F43: =IF(D43="","",D43*E43) -> 32 | G43: =IF(F43="","",F43*全局设置!$B$7*全局设置!$E$14) -> 32 | H43: =IF(G43="","",G43*全局设置!$B$5) -> 32 | I43: =IF(AND(B43="",C43=""),"",IF(B43="","缺少敌人",IF(C43="","缺少数量",IF(OR(C43<1,C43>9999,C43<>INT(C43)),"数量无效",IF(COUNTIF($B$36:$B$53,B43)>1,"重复敌人",IFERROR(IF(VLOOKUP(B43,敌人目录!$A$6:$AD$54,27,FALSE)="可回读","可回读","敌人参数错误"),"敌人不存在")))))) -> 可回读
A44: 9 | B44: AK猫猫虫 | C44: 2 | D44: =IF(OR(B44="",C44=""),"",ROUNDUP(C44*(1+(全局设置!$B$5-1)*全局设置!$B$6),0)) -> 2 | E44: =IFERROR(VLOOKUP(B44,敌人目录!$A$6:$AD$54,13,FALSE),"") -> 5 | F44: =IF(D44="","",D44*E44) -> 10 | G44: =IF(F44="","",F44*全局设置!$B$7*全局设置!$E$14) -> 10 | H44: =IF(G44="","",G44*全局设置!$B$5) -> 10 | I44: =IF(AND(B44="",C44=""),"",IF(B44="","缺少敌人",IF(C44="","缺少数量",IF(OR(C44<1,C44>9999,C44<>INT(C44)),"数量无效",IF(COUNTIF($B$36:$B$53,B44)>1,"重复敌人",IFERROR(IF(VLOOKUP(B44,敌人目录!$A$6:$AD$54,27,FALSE)="可回读","可回读","敌人参数错误"),"敌人不存在")))))) -> 可回读
A45: 10 | B45: 骑士猫猫虫 | C45: 2 | D45: =IF(OR(B45="",C45=""),"",ROUNDUP(C45*(1+(全局设置!$B$5-1)*全局设置!$B$6),0)) -> 2 | E45: =IFERROR(VLOOKUP(B45,敌人目录!$A$6:$AD$54,13,FALSE),"") -> 4 | F45: =IF(D45="","",D45*E45) -> 8 | G45: =IF(F45="","",F45*全局设置!$B$7*全局设置!$E$14) -> 8 | H45: =IF(G45="","",G45*全局设置!$B$5) -> 8 | I45: =IF(AND(B45="",C45=""),"",IF(B45="","缺少敌人",IF(C45="","缺少数量",IF(OR(C45<1,C45>9999,C45<>INT(C45)),"数量无效",IF(COUNTIF($B$36:$B$53,B45)>1,"重复敌人",IFERROR(IF(VLOOKUP(B45,敌人目录!$A$6:$AD$54,27,FALSE)="可回读","可回读","敌人参数错误"),"敌人不存在")))))) -> 可回读
A46: 11 | D46: =IF(OR(B46="",C46=""),"",ROUNDUP(C46*(1+(全局设置!$B$5-1)*全局设置!$B$6),0)) | E46: =IFERROR(VLOOKUP(B46,敌人目录!$A$6:$AD$54,13,FALSE),"") | F46: =IF(D46="","",D46*E46) | G46: =IF(F46="","",F46*全局设置!$B$7*全局设置!$E$14) | H46: =IF(G46="","",G46*全局设置!$B$5) | I46: =IF(AND(B46="",C46=""),"",IF(B46="","缺少敌人",IF(C46="","缺少数量",IF(OR(C46<1,C46>9999,C46<>INT(C46)),"数量无效",IF(COUNTIF($B$36:$B$53,B46)>1,"重复敌人",IFERROR(IF(VLOOKUP(B46,敌人目录!$A$6:$AD$54,27,FALSE)="可回读","可回读","敌人参数错误"),"敌人不存在"))))))
A47: 12 | D47: =IF(OR(B47="",C47=""),"",ROUNDUP(C47*(1+(全局设置!$B$5-1)*全局设置!$B$6),0)) | E47: =IFERROR(VLOOKUP(B47,敌人目录!$A$6:$AD$54,13,FALSE),"") | F47: =IF(D47="","",D47*E47) | G47: =IF(F47="","",F47*全局设置!$B$7*全局设置!$E$14) | H47: =IF(G47="","",G47*全局设置!$B$5) | I47: =IF(AND(B47="",C47=""),"",IF(B47="","缺少敌人",IF(C47="","缺少数量",IF(OR(C47<1,C47>9999,C47<>INT(C47)),"数量无效",IF(COUNTIF($B$36:$B$53,B47)>1,"重复敌人",IFERROR(IF(VLOOKUP(B47,敌人目录!$A$6:$AD$54,27,FALSE)="可回读","可回读","敌人参数错误"),"敌人不存在"))))))
A48: 13 | D48: =IF(OR(B48="",C48=""),"",ROUNDUP(C48*(1+(全局设置!$B$5-1)*全局设置!$B$6),0)) | E48: =IFERROR(VLOOKUP(B48,敌人目录!$A$6:$AD$54,13,FALSE),"") | F48: =IF(D48="","",D48*E48) | G48: =IF(F48="","",F48*全局设置!$B$7*全局设置!$E$14) | H48: =IF(G48="","",G48*全局设置!$B$5) | I48: =IF(AND(B48="",C48=""),"",IF(B48="","缺少敌人",IF(C48="","缺少数量",IF(OR(C48<1,C48>9999,C48<>INT(C48)),"数量无效",IF(COUNTIF($B$36:$B$53,B48)>1,"重复敌人",IFERROR(IF(VLOOKUP(B48,敌人目录!$A$6:$AD$54,27,FALSE)="可回读","可回读","敌人参数错误"),"敌人不存在"))))))
A49: 14 | D49: =IF(OR(B49="",C49=""),"",ROUNDUP(C49*(1+(全局设置!$B$5-1)*全局设置!$B$6),0)) | E49: =IFERROR(VLOOKUP(B49,敌人目录!$A$6:$AD$54,13,FALSE),"") | F49: =IF(D49="","",D49*E49) | G49: =IF(F49="","",F49*全局设置!$B$7*全局设置!$E$14) | H49: =IF(G49="","",G49*全局设置!$B$5) | I49: =IF(AND(B49="",C49=""),"",IF(B49="","缺少敌人",IF(C49="","缺少数量",IF(OR(C49<1,C49>9999,C49<>INT(C49)),"数量无效",IF(COUNTIF($B$36:$B$53,B49)>1,"重复敌人",IFERROR(IF(VLOOKUP(B49,敌人目录!$A$6:$AD$54,27,FALSE)="可回读","可回读","敌人参数错误"),"敌人不存在"))))))
A50: 15 | D50: =IF(OR(B50="",C50=""),"",ROUNDUP(C50*(1+(全局设置!$B$5-1)*全局设置!$B$6),0)) | E50: =IFERROR(VLOOKUP(B50,敌人目录!$A$6:$AD$54,13,FALSE),"") | F50: =IF(D50="","",D50*E50) | G50: =IF(F50="","",F50*全局设置!$B$7*全局设置!$E$14) | H50: =IF(G50="","",G50*全局设置!$B$5) | I50: =IF(AND(B50="",C50=""),"",IF(B50="","缺少敌人",IF(C50="","缺少数量",IF(OR(C50<1,C50>9999,C50<>INT(C50)),"数量无效",IF(COUNTIF($B$36:$B$53,B50)>1,"重复敌人",IFERROR(IF(VLOOKUP(B50,敌人目录!$A$6:$AD$54,27,FALSE)="可回读","可回读","敌人参数错误"),"敌人不存在"))))))
A51: 16 | D51: =IF(OR(B51="",C51=""),"",ROUNDUP(C51*(1+(全局设置!$B$5-1)*全局设置!$B$6),0)) | E51: =IFERROR(VLOOKUP(B51,敌人目录!$A$6:$AD$54,13,FALSE),"") | F51: =IF(D51="","",D51*E51) | G51: =IF(F51="","",F51*全局设置!$B$7*全局设置!$E$14) | H51: =IF(G51="","",G51*全局设置!$B$5) | I51: =IF(AND(B51="",C51=""),"",IF(B51="","缺少敌人",IF(C51="","缺少数量",IF(OR(C51<1,C51>9999,C51<>INT(C51)),"数量无效",IF(COUNTIF($B$36:$B$53,B51)>1,"重复敌人",IFERROR(IF(VLOOKUP(B51,敌人目录!$A$6:$AD$54,27,FALSE)="可回读","可回读","敌人参数错误"),"敌人不存在"))))))
A52: 17 | D52: =IF(OR(B52="",C52=""),"",ROUNDUP(C52*(1+(全局设置!$B$5-1)*全局设置!$B$6),0)) | E52: =IFERROR(VLOOKUP(B52,敌人目录!$A$6:$AD$54,13,FALSE),"") | F52: =IF(D52="","",D52*E52) | G52: =IF(F52="","",F52*全局设置!$B$7*全局设置!$E$14) | H52: =IF(G52="","",G52*全局设置!$B$5) | I52: =IF(AND(B52="",C52=""),"",IF(B52="","缺少敌人",IF(C52="","缺少数量",IF(OR(C52<1,C52>9999,C52<>INT(C52)),"数量无效",IF(COUNTIF($B$36:$B$53,B52)>1,"重复敌人",IFERROR(IF(VLOOKUP(B52,敌人目录!$A$6:$AD$54,27,FALSE)="可回读","可回读","敌人参数错误"),"敌人不存在"))))))
A53: 18 | D53: =IF(OR(B53="",C53=""),"",ROUNDUP(C53*(1+(全局设置!$B$5-1)*全局设置!$B$6),0)) | E53: =IFERROR(VLOOKUP(B53,敌人目录!$A$6:$AD$54,13,FALSE),"") | F53: =IF(D53="","",D53*E53) | G53: =IF(F53="","",F53*全局设置!$B$7*全局设置!$E$14) | H53: =IF(G53="","",G53*全局设置!$B$5) | I53: =IF(AND(B53="",C53=""),"",IF(B53="","缺少敌人",IF(C53="","缺少数量",IF(OR(C53<1,C53>9999,C53<>INT(C53)),"数量无效",IF(COUNTIF($B$36:$B$53,B53)>1,"重复敌人",IFERROR(IF(VLOOKUP(B53,敌人目录!$A$6:$AD$54,27,FALSE)="可回读","可回读","敌人参数错误"),"敌人不存在"))))))
A55: 基础总数 | B55: =SUM(C36:C53) -> 160 | C55: 实际总数 | D55: =SUM(D36:D53) -> 160 | E55: 最大息壤/玩家 | F55: =SUM(F36:F53) -> 246 | G55: 情景息壤/玩家 | H55: =SUM(G36:G53) -> 246
A56: 情景息壤/队伍 | B56: =SUM(H36:H53) -> 246 | C56: 情景收益 = 最大息壤 × 全局击杀率 × 第3日倍率；队伍值再乘模拟玩家数。 | D56: 情景收益 = 最大息壤 × 全局击杀率 × 第3日倍率；队伍值再乘模拟玩家数。 | E56: 情景收益 = 最大息壤 × 全局击杀率 × 第3日倍率；队伍值再乘模拟玩家数。 | F56: 情景收益 = 最大息壤 × 全局击杀率 × 第3日倍率；队伍值再乘模拟玩家数。 | G56: 情景收益 = 最大息壤 × 全局击杀率 × 第3日倍率；队伍值再乘模拟玩家数。 | H56: 情景收益 = 最大息壤 × 全局击杀率 × 第3日倍率；队伍值再乘模拟玩家数。 | I56: 情景收益 = 最大息壤 × 全局击杀率 × 第3日倍率；队伍值再乘模拟玩家数。
A60: 第 11 波｜第 3 日·3/4｜夜晚｜当前正式配置 | B60: 第 11 波｜第 3 日·3/4｜夜晚｜当前正式配置 | C60: 第 11 波｜第 3 日·3/4｜夜晚｜当前正式配置 | D60: 第 11 波｜第 3 日·3/4｜夜晚｜当前正式配置 | E60: 第 11 波｜第 3 日·3/4｜夜晚｜当前正式配置 | F60: 第 11 波｜第 3 日·3/4｜夜晚｜当前正式配置 | G60: 第 11 波｜第 3 日·3/4｜夜晚｜当前正式配置 | H60: 第 11 波｜第 3 日·3/4｜夜晚｜当前正式配置 | I60: 第 11 波｜第 3 日·3/4｜夜晚｜当前正式配置
A61: 波次名称 | B61: 第11波 奥术重装 | C61: 第11波 奥术重装 | D61: 出生间隔(s) | E61: 0.24 | F61: 每Tick | G61: 1 | H61: 存活上限 | I61: 300
A62: 出生点 | B62: 点1·开启 | C62: 点2·开启 | D62: 点3·开启 | E62: 点4·开启 | F62: 点5·开启 | G62: 点6·开启 | H62: 波次校验 | I62: =IF(COUNTA(B65:B82)=0,"待设计",IF(COUNTIF(I65:I82,"可回读")=COUNTA(B65:B82),"可回读","需修正")) -> 可回读
A63: 仅编辑蓝色列。敌人数值、固定息壤与掉落统一在“敌人目录”维护；本页按实际数量逐项精确结算息壤。 | B63: 仅编辑蓝色列。敌人数值、固定息壤与掉落统一在“敌人目录”维护；本页按实际数量逐项精确结算息壤。 | C63: 仅编辑蓝色列。敌人数值、固定息壤与掉落统一在“敌人目录”维护；本页按实际数量逐项精确结算息壤。 | D63: 仅编辑蓝色列。敌人数值、固定息壤与掉落统一在“敌人目录”维护；本页按实际数量逐项精确结算息壤。 | E63: 仅编辑蓝色列。敌人数值、固定息壤与掉落统一在“敌人目录”维护；本页按实际数量逐项精确结算息壤。 | F63: 仅编辑蓝色列。敌人数值、固定息壤与掉落统一在“敌人目录”维护；本页按实际数量逐项精确结算息壤。 | G63: 仅编辑蓝色列。敌人数值、固定息壤与掉落统一在“敌人目录”维护；本页按实际数量逐项精确结算息壤。 | H63: 仅编辑蓝色列。敌人数值、固定息壤与掉落统一在“敌人目录”维护；本页按实际数量逐项精确结算息壤。 | I63: 仅编辑蓝色列。敌人数值、固定息壤与掉落统一在“敌人目录”维护；本页按实际数量逐项精确结算息壤。
A64: 槽位 | B64: 敌人（下拉选择） | C64: 基础数量 | D64: 实际数量 | E64: 息壤/击杀 | F64: 本项最大息壤/玩家 | G64: 本项情景息壤/玩家 | H64: 本项情景息壤/队伍 | I64: 校验
A65: 1 | B65: 普通原石虫 | C65: 46 | D65: =IF(OR(B65="",C65=""),"",ROUNDUP(C65*(1+(全局设置!$B$5-1)*全局设置!$B$6),0)) -> 46 | E65: =IFERROR(VLOOKUP(B65,敌人目录!$A$6:$AD$54,13,FALSE),"") -> 1 | F65: =IF(D65="","",D65*E65) -> 46 | G65: =IF(F65="","",F65*全局设置!$B$7*全局设置!$E$14) -> 46 | H65: =IF(G65="","",G65*全局设置!$B$5) -> 46 | I65: =IF(AND(B65="",C65=""),"",IF(B65="","缺少敌人",IF(C65="","缺少数量",IF(OR(C65<1,C65>9999,C65<>INT(C65)),"数量无效",IF(COUNTIF($B$65:$B$82,B65)>1,"重复敌人",IFERROR(IF(VLOOKUP(B65,敌人目录!$A$6:$AD$54,27,FALSE)="可回读","可回读","敌人参数错误"),"敌人不存在")))))) -> 可回读
A66: 2 | B66: 迅捷原石虫 | C66: 20 | D66: =IF(OR(B66="",C66=""),"",ROUNDUP(C66*(1+(全局设置!$B$5-1)*全局设置!$B$6),0)) -> 20 | E66: =IFERROR(VLOOKUP(B66,敌人目录!$A$6:$AD$54,13,FALSE),"") -> 1 | F66: =IF(D66="","",D66*E66) -> 20 | G66: =IF(F66="","",F66*全局设置!$B$7*全局设置!$E$14) -> 20 | H66: =IF(G66="","",G66*全局设置!$B$5) -> 20 | I66: =IF(AND(B66="",C66=""),"",IF(B66="","缺少敌人",IF(C66="","缺少数量",IF(OR(C66<1,C66>9999,C66<>INT(C66)),"数量无效",IF(COUNTIF($B$65:$B$82,B66)>1,"重复敌人",IFERROR(IF(VLOOKUP(B66,敌人目录!$A$6:$AD$54,27,FALSE)="可回读","可回读","敌人参数错误"),"敌人不存在")))))) -> 可回读
A67: 3 | B67: 硬壳原石虫 | C67: 20 | D67: =IF(OR(B67="",C67=""),"",ROUNDUP(C67*(1+(全局设置!$B$5-1)*全局设置!$B$6),0)) -> 20 | E67: =IFERROR(VLOOKUP(B67,敌人目录!$A$6:$AD$54,13,FALSE),"") -> 2 | F67: =IF(D67="","",D67*E67) -> 40 | G67: =IF(F67="","",F67*全局设置!$B$7*全局设置!$E$14) -> 40 | H67: =IF(G67="","",G67*全局设置!$B$5) -> 40 | I67: =IF(AND(B67="",C67=""),"",IF(B67="","缺少敌人",IF(C67="","缺少数量",IF(OR(C67<1,C67>9999,C67<>INT(C67)),"数量无效",IF(COUNTIF($B$65:$B$82,B67)>1,"重复敌人",IFERROR(IF(VLOOKUP(B67,敌人目录!$A$6:$AD$54,27,FALSE)="可回读","可回读","敌人参数错误"),"敌人不存在")))))) -> 可回读
A68: 4 | B68: 自爆原石虫 | C68: 16 | D68: =IF(OR(B68="",C68=""),"",ROUNDUP(C68*(1+(全局设置!$B$5-1)*全局设置!$B$6),0)) -> 16 | E68: =IFERROR(VLOOKUP(B68,敌人目录!$A$6:$AD$54,13,FALSE),"") -> 1 | F68: =IF(D68="","",D68*E68) -> 16 | G68: =IF(F68="","",F68*全局设置!$B$7*全局设置!$E$14) -> 16 | H68: =IF(G68="","",G68*全局设置!$B$5) -> 16 | I68: =IF(AND(B68="",C68=""),"",IF(B68="","缺少敌人",IF(C68="","缺少数量",IF(OR(C68<1,C68>9999,C68<>INT(C68)),"数量无效",IF(COUNTIF($B$65:$B$82,B68)>1,"重复敌人",IFERROR(IF(VLOOKUP(B68,敌人目录!$A$6:$AD$54,27,FALSE)="可回读","可回读","敌人参数错误"),"敌人不存在")))))) -> 可回读
A69: 5 | B69: 紫晶自爆原石虫 | C69: 16 | D69: =IF(OR(B69="",C69=""),"",ROUNDUP(C69*(1+(全局设置!$B$5-1)*全局设置!$B$6),0)) -> 16 | E69: =IFERROR(VLOOKUP(B69,敌人目录!$A$6:$AD$54,13,FALSE),"") -> 2 | F69: =IF(D69="","",D69*E69) -> 32 | G69: =IF(F69="","",F69*全局设置!$B$7*全局设置!$E$14) -> 32 | H69: =IF(G69="","",G69*全局设置!$B$5) -> 32 | I69: =IF(AND(B69="",C69=""),"",IF(B69="","缺少敌人",IF(C69="","缺少数量",IF(OR(C69<1,C69>9999,C69<>INT(C69)),"数量无效",IF(COUNTIF($B$65:$B$82,B69)>1,"重复敌人",IFERROR(IF(VLOOKUP(B69,敌人目录!$A$6:$AD$54,27,FALSE)="可回读","可回读","敌人参数错误"),"敌人不存在")))))) -> 可回读
A70: 6 | B70: 火焰弹原石虫 | C70: 20 | D70: =IF(OR(B70="",C70=""),"",ROUNDUP(C70*(1+(全局设置!$B$5-1)*全局设置!$B$6),0)) -> 20 | E70: =IFERROR(VLOOKUP(B70,敌人目录!$A$6:$AD$54,13,FALSE),"") -> 1 | F70: =IF(D70="","",D70*E70) -> 20 | G70: =IF(F70="","",F70*全局设置!$B$7*全局设置!$E$14) -> 20 | H70: =IF(G70="","",G70*全局设置!$B$5) -> 20 | I70: =IF(AND(B70="",C70=""),"",IF(B70="","缺少敌人",IF(C70="","缺少数量",IF(OR(C70<1,C70>9999,C70<>INT(C70)),"数量无效",IF(COUNTIF($B$65:$B$82,B70)>1,"重复敌人",IFERROR(IF(VLOOKUP(B70,敌人目录!$A$6:$AD$54,27,FALSE)="可回读","可回读","敌人参数错误"),"敌人不存在")))))) -> 可回读
A71: 7 | B71: 翠壳原石虫 | C71: 16 | D71: =IF(OR(B71="",C71=""),"",ROUNDUP(C71*(1+(全局设置!$B$5-1)*全局设置!$B$6),0)) -> 16 | E71: =IFERROR(VLOOKUP(B71,敌人目录!$A$6:$AD$54,13,FALSE),"") -> 2 | F71: =IF(D71="","",D71*E71) -> 32 | G71: =IF(F71="","",F71*全局设置!$B$7*全局设置!$E$14) -> 32 | H71: =IF(G71="","",G71*全局设置!$B$5) -> 32 | I71: =IF(AND(B71="",C71=""),"",IF(B71="","缺少敌人",IF(C71="","缺少数量",IF(OR(C71<1,C71>9999,C71<>INT(C71)),"数量无效",IF(COUNTIF($B$65:$B$82,B71)>1,"重复敌人",IFERROR(IF(VLOOKUP(B71,敌人目录!$A$6:$AD$54,27,FALSE)="可回读","可回读","敌人参数错误"),"敌人不存在")))))) -> 可回读
A72: 8 | B72: 守护者原石虫 | C72: 16 | D72: =IF(OR(B72="",C72=""),"",ROUNDUP(C72*(1+(全局设置!$B$5-1)*全局设置!$B$6),0)) -> 16 | E72: =IFERROR(VLOOKUP(B72,敌人目录!$A$6:$AD$54,13,FALSE),"") -> 2 | F72: =IF(D72="","",D72*E72) -> 32 | G72: =IF(F72="","",F72*全局设置!$B$7*全局设置!$E$14) -> 32 | H72: =IF(G72="","",G72*全局设置!$B$5) -> 32 | I72: =IF(AND(B72="",C72=""),"",IF(B72="","缺少敌人",IF(C72="","缺少数量",IF(OR(C72<1,C72>9999,C72<>INT(C72)),"数量无效",IF(COUNTIF($B$65:$B$82,B72)>1,"重复敌人",IFERROR(IF(VLOOKUP(B72,敌人目录!$A$6:$AD$54,27,FALSE)="可回读","可回读","敌人参数错误"),"敌人不存在")))))) -> 可回读
A73: 9 | B73: AK猫猫虫 | C73: 2 | D73: =IF(OR(B73="",C73=""),"",ROUNDUP(C73*(1+(全局设置!$B$5-1)*全局设置!$B$6),0)) -> 2 | E73: =IFERROR(VLOOKUP(B73,敌人目录!$A$6:$AD$54,13,FALSE),"") -> 5 | F73: =IF(D73="","",D73*E73) -> 10 | G73: =IF(F73="","",F73*全局设置!$B$7*全局设置!$E$14) -> 10 | H73: =IF(G73="","",G73*全局设置!$B$5) -> 10 | I73: =IF(AND(B73="",C73=""),"",IF(B73="","缺少敌人",IF(C73="","缺少数量",IF(OR(C73<1,C73>9999,C73<>INT(C73)),"数量无效",IF(COUNTIF($B$65:$B$82,B73)>1,"重复敌人",IFERROR(IF(VLOOKUP(B73,敌人目录!$A$6:$AD$54,27,FALSE)="可回读","可回读","敌人参数错误"),"敌人不存在")))))) -> 可回读
A74: 10 | B74: 骑士猫猫虫 | C74: 2 | D74: =IF(OR(B74="",C74=""),"",ROUNDUP(C74*(1+(全局设置!$B$5-1)*全局设置!$B$6),0)) -> 2 | E74: =IFERROR(VLOOKUP(B74,敌人目录!$A$6:$AD$54,13,FALSE),"") -> 4 | F74: =IF(D74="","",D74*E74) -> 8 | G74: =IF(F74="","",F74*全局设置!$B$7*全局设置!$E$14) -> 8 | H74: =IF(G74="","",G74*全局设置!$B$5) -> 8 | I74: =IF(AND(B74="",C74=""),"",IF(B74="","缺少敌人",IF(C74="","缺少数量",IF(OR(C74<1,C74>9999,C74<>INT(C74)),"数量无效",IF(COUNTIF($B$65:$B$82,B74)>1,"重复敌人",IFERROR(IF(VLOOKUP(B74,敌人目录!$A$6:$AD$54,27,FALSE)="可回读","可回读","敌人参数错误"),"敌人不存在")))))) -> 可回读
A75: 11 | B75: 法师 Capoo | C75: 1 | D75: =IF(OR(B75="",C75=""),"",ROUNDUP(C75*(1+(全局设置!$B$5-1)*全局设置!$B$6),0)) -> 1 | E75: =IFERROR(VLOOKUP(B75,敌人目录!$A$6:$AD$54,13,FALSE),"") -> 10 | F75: =IF(D75="","",D75*E75) -> 10 | G75: =IF(F75="","",F75*全局设置!$B$7*全局设置!$E$14) -> 10 | H75: =IF(G75="","",G75*全局设置!$B$5) -> 10 | I75: =IF(AND(B75="",C75=""),"",IF(B75="","缺少敌人",IF(C75="","缺少数量",IF(OR(C75<1,C75>9999,C75<>INT(C75)),"数量无效",IF(COUNTIF($B$65:$B$82,B75)>1,"重复敌人",IFERROR(IF(VLOOKUP(B75,敌人目录!$A$6:$AD$54,27,FALSE)="可回读","可回读","敌人参数错误"),"敌人不存在")))))) -> 可回读
A76: 12 | B76: 石头人 | C76: 1 | D76: =IF(OR(B76="",C76=""),"",ROUNDUP(C76*(1+(全局设置!$B$5-1)*全局设置!$B$6),0)) -> 1 | E76: =IFERROR(VLOOKUP(B76,敌人目录!$A$6:$AD$54,13,FALSE),"") -> 40 | F76: =IF(D76="","",D76*E76) -> 40 | G76: =IF(F76="","",F76*全局设置!$B$7*全局设置!$E$14) -> 40 | H76: =IF(G76="","",G76*全局设置!$B$5) -> 40 | I76: =IF(AND(B76="",C76=""),"",IF(B76="","缺少敌人",IF(C76="","缺少数量",IF(OR(C76<1,C76>9999,C76<>INT(C76)),"数量无效",IF(COUNTIF($B$65:$B$82,B76)>1,"重复敌人",IFERROR(IF(VLOOKUP(B76,敌人目录!$A$6:$AD$54,27,FALSE)="可回读","可回读","敌人参数错误"),"敌人不存在")))))) -> 可回读
A77: 13 | D77: =IF(OR(B77="",C77=""),"",ROUNDUP(C77*(1+(全局设置!$B$5-1)*全局设置!$B$6),0)) | E77: =IFERROR(VLOOKUP(B77,敌人目录!$A$6:$AD$54,13,FALSE),"") | F77: =IF(D77="","",D77*E77) | G77: =IF(F77="","",F77*全局设置!$B$7*全局设置!$E$14) | H77: =IF(G77="","",G77*全局设置!$B$5) | I77: =IF(AND(B77="",C77=""),"",IF(B77="","缺少敌人",IF(C77="","缺少数量",IF(OR(C77<1,C77>9999,C77<>INT(C77)),"数量无效",IF(COUNTIF($B$65:$B$82,B77)>1,"重复敌人",IFERROR(IF(VLOOKUP(B77,敌人目录!$A$6:$AD$54,27,FALSE)="可回读","可回读","敌人参数错误"),"敌人不存在"))))))
A78: 14 | D78: =IF(OR(B78="",C78=""),"",ROUNDUP(C78*(1+(全局设置!$B$5-1)*全局设置!$B$6),0)) | E78: =IFERROR(VLOOKUP(B78,敌人目录!$A$6:$AD$54,13,FALSE),"") | F78: =IF(D78="","",D78*E78) | G78: =IF(F78="","",F78*全局设置!$B$7*全局设置!$E$14) | H78: =IF(G78="","",G78*全局设置!$B$5) | I78: =IF(AND(B78="",C78=""),"",IF(B78="","缺少敌人",IF(C78="","缺少数量",IF(OR(C78<1,C78>9999,C78<>INT(C78)),"数量无效",IF(COUNTIF($B$65:$B$82,B78)>1,"重复敌人",IFERROR(IF(VLOOKUP(B78,敌人目录!$A$6:$AD$54,27,FALSE)="可回读","可回读","敌人参数错误"),"敌人不存在"))))))
A79: 15 | D79: =IF(OR(B79="",C79=""),"",ROUNDUP(C79*(1+(全局设置!$B$5-1)*全局设置!$B$6),0)) | E79: =IFERROR(VLOOKUP(B79,敌人目录!$A$6:$AD$54,13,FALSE),"") | F79: =IF(D79="","",D79*E79) | G79: =IF(F79="","",F79*全局设置!$B$7*全局设置!$E$14) | H79: =IF(G79="","",G79*全局设置!$B$5) | I79: =IF(AND(B79="",C79=""),"",IF(B79="","缺少敌人",IF(C79="","缺少数量",IF(OR(C79<1,C79>9999,C79<>INT(C79)),"数量无效",IF(COUNTIF($B$65:$B$82,B79)>1,"重复敌人",IFERROR(IF(VLOOKUP(B79,敌人目录!$A$6:$AD$54,27,FALSE)="可回读","可回读","敌人参数错误"),"敌人不存在"))))))
A80: 16 | D80: =IF(OR(B80="",C80=""),"",ROUNDUP(C80*(1+(全局设置!$B$5-1)*全局设置!$B$6),0)) | E80: =IFERROR(VLOOKUP(B80,敌人目录!$A$6:$AD$54,13,FALSE),"") | F80: =IF(D80="","",D80*E80) | G80: =IF(F80="","",F80*全局设置!$B$7*全局设置!$E$14) | H80: =IF(G80="","",G80*全局设置!$B$5) | I80: =IF(AND(B80="",C80=""),"",IF(B80="","缺少敌人",IF(C80="","缺少数量",IF(OR(C80<1,C80>9999,C80<>INT(C80)),"数量无效",IF(COUNTIF($B$65:$B$82,B80)>1,"重复敌人",IFERROR(IF(VLOOKUP(B80,敌人目录!$A$6:$AD$54,27,FALSE)="可回读","可回读","敌人参数错误"),"敌人不存在"))))))
A81: 17 | D81: =IF(OR(B81="",C81=""),"",ROUNDUP(C81*(1+(全局设置!$B$5-1)*全局设置!$B$6),0)) | E81: =IFERROR(VLOOKUP(B81,敌人目录!$A$6:$AD$54,13,FALSE),"") | F81: =IF(D81="","",D81*E81) | G81: =IF(F81="","",F81*全局设置!$B$7*全局设置!$E$14) | H81: =IF(G81="","",G81*全局设置!$B$5) | I81: =IF(AND(B81="",C81=""),"",IF(B81="","缺少敌人",IF(C81="","缺少数量",IF(OR(C81<1,C81>9999,C81<>INT(C81)),"数量无效",IF(COUNTIF($B$65:$B$82,B81)>1,"重复敌人",IFERROR(IF(VLOOKUP(B81,敌人目录!$A$6:$AD$54,27,FALSE)="可回读","可回读","敌人参数错误"),"敌人不存在"))))))
A82: 18 | D82: =IF(OR(B82="",C82=""),"",ROUNDUP(C82*(1+(全局设置!$B$5-1)*全局设置!$B$6),0)) | E82: =IFERROR(VLOOKUP(B82,敌人目录!$A$6:$AD$54,13,FALSE),"") | F82: =IF(D82="","",D82*E82) | G82: =IF(F82="","",F82*全局设置!$B$7*全局设置!$E$14) | H82: =IF(G82="","",G82*全局设置!$B$5) | I82: =IF(AND(B82="",C82=""),"",IF(B82="","缺少敌人",IF(C82="","缺少数量",IF(OR(C82<1,C82>9999,C82<>INT(C82)),"数量无效",IF(COUNTIF($B$65:$B$82,B82)>1,"重复敌人",IFERROR(IF(VLOOKUP(B82,敌人目录!$A$6:$AD$54,27,FALSE)="可回读","可回读","敌人参数错误"),"敌人不存在"))))))
A84: 基础总数 | B84: =SUM(C65:C82) -> 176 | C84: 实际总数 | D84: =SUM(D65:D82) -> 176 | E84: 最大息壤/玩家 | F84: =SUM(F65:F82) -> 306 | G84: 情景息壤/玩家 | H84: =SUM(G65:G82) -> 306
A85: 情景息壤/队伍 | B85: =SUM(H65:H82) -> 306 | C85: 情景收益 = 最大息壤 × 全局击杀率 × 第3日倍率；队伍值再乘模拟玩家数。 | D85: 情景收益 = 最大息壤 × 全局击杀率 × 第3日倍率；队伍值再乘模拟玩家数。 | E85: 情景收益 = 最大息壤 × 全局击杀率 × 第3日倍率；队伍值再乘模拟玩家数。 | F85: 情景收益 = 最大息壤 × 全局击杀率 × 第3日倍率；队伍值再乘模拟玩家数。 | G85: 情景收益 = 最大息壤 × 全局击杀率 × 第3日倍率；队伍值再乘模拟玩家数。 | H85: 情景收益 = 最大息壤 × 全局击杀率 × 第3日倍率；队伍值再乘模拟玩家数。 | I85: 情景收益 = 最大息壤 × 全局击杀率 × 第3日倍率；队伍值再乘模拟玩家数。
A89: 第 12 波｜第 3 日·4/4｜夜晚｜当前正式配置 | B89: 第 12 波｜第 3 日·4/4｜夜晚｜当前正式配置 | C89: 第 12 波｜第 3 日·4/4｜夜晚｜当前正式配置 | D89: 第 12 波｜第 3 日·4/4｜夜晚｜当前正式配置 | E89: 第 12 波｜第 3 日·4/4｜夜晚｜当前正式配置 | F89: 第 12 波｜第 3 日·4/4｜夜晚｜当前正式配置 | G89: 第 12 波｜第 3 日·4/4｜夜晚｜当前正式配置 | H89: 第 12 波｜第 3 日·4/4｜夜晚｜当前正式配置 | I89: 第 12 波｜第 3 日·4/4｜夜晚｜当前正式配置
A90: 波次名称 | B90: 第12波 城镇决战 | C90: 第12波 城镇决战 | D90: 出生间隔(s) | E90: 0.22 | F90: 每Tick | G90: 1 | H90: 存活上限 | I90: 300
A91: 出生点 | B91: 点1·开启 | C91: 点2·开启 | D91: 点3·开启 | E91: 点4·开启 | F91: 点5·开启 | G91: 点6·开启 | H91: 波次校验 | I91: =IF(COUNTA(B94:B111)=0,"待设计",IF(COUNTIF(I94:I111,"可回读")=COUNTA(B94:B111),"可回读","需修正")) -> 可回读
A92: 仅编辑蓝色列。敌人数值、固定息壤与掉落统一在“敌人目录”维护；本页按实际数量逐项精确结算息壤。 | B92: 仅编辑蓝色列。敌人数值、固定息壤与掉落统一在“敌人目录”维护；本页按实际数量逐项精确结算息壤。 | C92: 仅编辑蓝色列。敌人数值、固定息壤与掉落统一在“敌人目录”维护；本页按实际数量逐项精确结算息壤。 | D92: 仅编辑蓝色列。敌人数值、固定息壤与掉落统一在“敌人目录”维护；本页按实际数量逐项精确结算息壤。 | E92: 仅编辑蓝色列。敌人数值、固定息壤与掉落统一在“敌人目录”维护；本页按实际数量逐项精确结算息壤。 | F92: 仅编辑蓝色列。敌人数值、固定息壤与掉落统一在“敌人目录”维护；本页按实际数量逐项精确结算息壤。 | G92: 仅编辑蓝色列。敌人数值、固定息壤与掉落统一在“敌人目录”维护；本页按实际数量逐项精确结算息壤。 | H92: 仅编辑蓝色列。敌人数值、固定息壤与掉落统一在“敌人目录”维护；本页按实际数量逐项精确结算息壤。 | I92: 仅编辑蓝色列。敌人数值、固定息壤与掉落统一在“敌人目录”维护；本页按实际数量逐项精确结算息壤。
A93: 槽位 | B93: 敌人（下拉选择） | C93: 基础数量 | D93: 实际数量 | E93: 息壤/击杀 | F93: 本项最大息壤/玩家 | G93: 本项情景息壤/玩家 | H93: 本项情景息壤/队伍 | I93: 校验
A94: 1 | B94: 普通原石虫 | C94: 53 | D94: =IF(OR(B94="",C94=""),"",ROUNDUP(C94*(1+(全局设置!$B$5-1)*全局设置!$B$6),0)) -> 53 | E94: =IFERROR(VLOOKUP(B94,敌人目录!$A$6:$AD$54,13,FALSE),"") -> 1 | F94: =IF(D94="","",D94*E94) -> 53 | G94: =IF(F94="","",F94*全局设置!$B$7*全局设置!$E$14) -> 53 | H94: =IF(G94="","",G94*全局设置!$B$5) -> 53 | I94: =IF(AND(B94="",C94=""),"",IF(B94="","缺少敌人",IF(C94="","缺少数量",IF(OR(C94<1,C94>9999,C94<>INT(C94)),"数量无效",IF(COUNTIF($B$94:$B$111,B94)>1,"重复敌人",IFERROR(IF(VLOOKUP(B94,敌人目录!$A$6:$AD$54,27,FALSE)="可回读","可回读","敌人参数错误"),"敌人不存在")))))) -> 可回读
A95: 2 | B95: 迅捷原石虫 | C95: 24 | D95: =IF(OR(B95="",C95=""),"",ROUNDUP(C95*(1+(全局设置!$B$5-1)*全局设置!$B$6),0)) -> 24 | E95: =IFERROR(VLOOKUP(B95,敌人目录!$A$6:$AD$54,13,FALSE),"") -> 1 | F95: =IF(D95="","",D95*E95) -> 24 | G95: =IF(F95="","",F95*全局设置!$B$7*全局设置!$E$14) -> 24 | H95: =IF(G95="","",G95*全局设置!$B$5) -> 24 | I95: =IF(AND(B95="",C95=""),"",IF(B95="","缺少敌人",IF(C95="","缺少数量",IF(OR(C95<1,C95>9999,C95<>INT(C95)),"数量无效",IF(COUNTIF($B$94:$B$111,B95)>1,"重复敌人",IFERROR(IF(VLOOKUP(B95,敌人目录!$A$6:$AD$54,27,FALSE)="可回读","可回读","敌人参数错误"),"敌人不存在")))))) -> 可回读
A96: 3 | B96: 硬壳原石虫 | C96: 24 | D96: =IF(OR(B96="",C96=""),"",ROUNDUP(C96*(1+(全局设置!$B$5-1)*全局设置!$B$6),0)) -> 24 | E96: =IFERROR(VLOOKUP(B96,敌人目录!$A$6:$AD$54,13,FALSE),"") -> 2 | F96: =IF(D96="","",D96*E96) -> 48 | G96: =IF(F96="","",F96*全局设置!$B$7*全局设置!$E$14) -> 48 | H96: =IF(G96="","",G96*全局设置!$B$5) -> 48 | I96: =IF(AND(B96="",C96=""),"",IF(B96="","缺少敌人",IF(C96="","缺少数量",IF(OR(C96<1,C96>9999,C96<>INT(C96)),"数量无效",IF(COUNTIF($B$94:$B$111,B96)>1,"重复敌人",IFERROR(IF(VLOOKUP(B96,敌人目录!$A$6:$AD$54,27,FALSE)="可回读","可回读","敌人参数错误"),"敌人不存在")))))) -> 可回读
A97: 4 | B97: 自爆原石虫 | C97: 20 | D97: =IF(OR(B97="",C97=""),"",ROUNDUP(C97*(1+(全局设置!$B$5-1)*全局设置!$B$6),0)) -> 20 | E97: =IFERROR(VLOOKUP(B97,敌人目录!$A$6:$AD$54,13,FALSE),"") -> 1 | F97: =IF(D97="","",D97*E97) -> 20 | G97: =IF(F97="","",F97*全局设置!$B$7*全局设置!$E$14) -> 20 | H97: =IF(G97="","",G97*全局设置!$B$5) -> 20 | I97: =IF(AND(B97="",C97=""),"",IF(B97="","缺少敌人",IF(C97="","缺少数量",IF(OR(C97<1,C97>9999,C97<>INT(C97)),"数量无效",IF(COUNTIF($B$94:$B$111,B97)>1,"重复敌人",IFERROR(IF(VLOOKUP(B97,敌人目录!$A$6:$AD$54,27,FALSE)="可回读","可回读","敌人参数错误"),"敌人不存在")))))) -> 可回读
A98: 5 | B98: 紫晶自爆原石虫 | C98: 16 | D98: =IF(OR(B98="",C98=""),"",ROUNDUP(C98*(1+(全局设置!$B$5-1)*全局设置!$B$6),0)) -> 16 | E98: =IFERROR(VLOOKUP(B98,敌人目录!$A$6:$AD$54,13,FALSE),"") -> 2 | F98: =IF(D98="","",D98*E98) -> 32 | G98: =IF(F98="","",F98*全局设置!$B$7*全局设置!$E$14) -> 32 | H98: =IF(G98="","",G98*全局设置!$B$5) -> 32 | I98: =IF(AND(B98="",C98=""),"",IF(B98="","缺少敌人",IF(C98="","缺少数量",IF(OR(C98<1,C98>9999,C98<>INT(C98)),"数量无效",IF(COUNTIF($B$94:$B$111,B98)>1,"重复敌人",IFERROR(IF(VLOOKUP(B98,敌人目录!$A$6:$AD$54,27,FALSE)="可回读","可回读","敌人参数错误"),"敌人不存在")))))) -> 可回读
A99: 6 | B99: 火焰弹原石虫 | C99: 20 | D99: =IF(OR(B99="",C99=""),"",ROUNDUP(C99*(1+(全局设置!$B$5-1)*全局设置!$B$6),0)) -> 20 | E99: =IFERROR(VLOOKUP(B99,敌人目录!$A$6:$AD$54,13,FALSE),"") -> 1 | F99: =IF(D99="","",D99*E99) -> 20 | G99: =IF(F99="","",F99*全局设置!$B$7*全局设置!$E$14) -> 20 | H99: =IF(G99="","",G99*全局设置!$B$5) -> 20 | I99: =IF(AND(B99="",C99=""),"",IF(B99="","缺少敌人",IF(C99="","缺少数量",IF(OR(C99<1,C99>9999,C99<>INT(C99)),"数量无效",IF(COUNTIF($B$94:$B$111,B99)>1,"重复敌人",IFERROR(IF(VLOOKUP(B99,敌人目录!$A$6:$AD$54,27,FALSE)="可回读","可回读","敌人参数错误"),"敌人不存在")))))) -> 可回读
A100: 7 | B100: 翠壳原石虫 | C100: 20 | D100: =IF(OR(B100="",C100=""),"",ROUNDUP(C100*(1+(全局设置!$B$5-1)*全局设置!$B$6),0)) -> 20 | E100: =IFERROR(VLOOKUP(B100,敌人目录!$A$6:$AD$54,13,FALSE),"") -> 2 | F100: =IF(D100="","",D100*E100) -> 40 | G100: =IF(F100="","",F100*全局设置!$B$7*全局设置!$E$14) -> 40 | H100: =IF(G100="","",G100*全局设置!$B$5) -> 40 | I100: =IF(AND(B100="",C100=""),"",IF(B100="","缺少敌人",IF(C100="","缺少数量",IF(OR(C100<1,C100>9999,C100<>INT(C100)),"数量无效",IF(COUNTIF($B$94:$B$111,B100)>1,"重复敌人",IFERROR(IF(VLOOKUP(B100,敌人目录!$A$6:$AD$54,27,FALSE)="可回读","可回读","敌人参数错误"),"敌人不存在")))))) -> 可回读
A101: 8 | B101: 守护者原石虫 | C101: 16 | D101: =IF(OR(B101="",C101=""),"",ROUNDUP(C101*(1+(全局设置!$B$5-1)*全局设置!$B$6),0)) -> 16 | E101: =IFERROR(VLOOKUP(B101,敌人目录!$A$6:$AD$54,13,FALSE),"") -> 2 | F101: =IF(D101="","",D101*E101) -> 32 | G101: =IF(F101="","",F101*全局设置!$B$7*全局设置!$E$14) -> 32 | H101: =IF(G101="","",G101*全局设置!$B$5) -> 32 | I101: =IF(AND(B101="",C101=""),"",IF(B101="","缺少敌人",IF(C101="","缺少数量",IF(OR(C101<1,C101>9999,C101<>INT(C101)),"数量无效",IF(COUNTIF($B$94:$B$111,B101)>1,"重复敌人",IFERROR(IF(VLOOKUP(B101,敌人目录!$A$6:$AD$54,27,FALSE)="可回读","可回读","敌人参数错误"),"敌人不存在")))))) -> 可回读
A102: 9 | B102: AK猫猫虫 | C102: 2 | D102: =IF(OR(B102="",C102=""),"",ROUNDUP(C102*(1+(全局设置!$B$5-1)*全局设置!$B$6),0)) -> 2 | E102: =IFERROR(VLOOKUP(B102,敌人目录!$A$6:$AD$54,13,FALSE),"") -> 5 | F102: =IF(D102="","",D102*E102) -> 10 | G102: =IF(F102="","",F102*全局设置!$B$7*全局设置!$E$14) -> 10 | H102: =IF(G102="","",G102*全局设置!$B$5) -> 10 | I102: =IF(AND(B102="",C102=""),"",IF(B102="","缺少敌人",IF(C102="","缺少数量",IF(OR(C102<1,C102>9999,C102<>INT(C102)),"数量无效",IF(COUNTIF($B$94:$B$111,B102)>1,"重复敌人",IFERROR(IF(VLOOKUP(B102,敌人目录!$A$6:$AD$54,27,FALSE)="可回读","可回读","敌人参数错误"),"敌人不存在")))))) -> 可回读
A103: 10 | B103: 骑士猫猫虫 | C103: 2 | D103: =IF(OR(B103="",C103=""),"",ROUNDUP(C103*(1+(全局设置!$B$5-1)*全局设置!$B$6),0)) -> 2 | E103: =IFERROR(VLOOKUP(B103,敌人目录!$A$6:$AD$54,13,FALSE),"") -> 4 | F103: =IF(D103="","",D103*E103) -> 8 | G103: =IF(F103="","",F103*全局设置!$B$7*全局设置!$E$14) -> 8 | H103: =IF(G103="","",G103*全局设置!$B$5) -> 8 | I103: =IF(AND(B103="",C103=""),"",IF(B103="","缺少敌人",IF(C103="","缺少数量",IF(OR(C103<1,C103>9999,C103<>INT(C103)),"数量无效",IF(COUNTIF($B$94:$B$111,B103)>1,"重复敌人",IFERROR(IF(VLOOKUP(B103,敌人目录!$A$6:$AD$54,27,FALSE)="可回读","可回读","敌人参数错误"),"敌人不存在")))))) -> 可回读
A104: 11 | B104: 法师 Capoo | C104: 1 | D104: =IF(OR(B104="",C104=""),"",ROUNDUP(C104*(1+(全局设置!$B$5-1)*全局设置!$B$6),0)) -> 1 | E104: =IFERROR(VLOOKUP(B104,敌人目录!$A$6:$AD$54,13,FALSE),"") -> 10 | F104: =IF(D104="","",D104*E104) -> 10 | G104: =IF(F104="","",F104*全局设置!$B$7*全局设置!$E$14) -> 10 | H104: =IF(G104="","",G104*全局设置!$B$5) -> 10 | I104: =IF(AND(B104="",C104=""),"",IF(B104="","缺少敌人",IF(C104="","缺少数量",IF(OR(C104<1,C104>9999,C104<>INT(C104)),"数量无效",IF(COUNTIF($B$94:$B$111,B104)>1,"重复敌人",IFERROR(IF(VLOOKUP(B104,敌人目录!$A$6:$AD$54,27,FALSE)="可回读","可回读","敌人参数错误"),"敌人不存在")))))) -> 可回读
A105: 12 | B105: RPG猫猫虫 | C105: 1 | D105: =IF(OR(B105="",C105=""),"",ROUNDUP(C105*(1+(全局设置!$B$5-1)*全局设置!$B$6),0)) -> 1 | E105: =IFERROR(VLOOKUP(B105,敌人目录!$A$6:$AD$54,13,FALSE),"") -> 5 | F105: =IF(D105="","",D105*E105) -> 5 | G105: =IF(F105="","",F105*全局设置!$B$7*全局设置!$E$14) -> 5 | H105: =IF(G105="","",G105*全局设置!$B$5) -> 5 | I105: =IF(AND(B105="",C105=""),"",IF(B105="","缺少敌人",IF(C105="","缺少数量",IF(OR(C105<1,C105>9999,C105<>INT(C105)),"数量无效",IF(COUNTIF($B$94:$B$111,B105)>1,"重复敌人",IFERROR(IF(VLOOKUP(B105,敌人目录!$A$6:$AD$54,27,FALSE)="可回读","可回读","敌人参数错误"),"敌人不存在")))))) -> 可回读
A106: 13 | B106: 石头人 | C106: 1 | D106: =IF(OR(B106="",C106=""),"",ROUNDUP(C106*(1+(全局设置!$B$5-1)*全局设置!$B$6),0)) -> 1 | E106: =IFERROR(VLOOKUP(B106,敌人目录!$A$6:$AD$54,13,FALSE),"") -> 40 | F106: =IF(D106="","",D106*E106) -> 40 | G106: =IF(F106="","",F106*全局设置!$B$7*全局设置!$E$14) -> 40 | H106: =IF(G106="","",G106*全局设置!$B$5) -> 40 | I106: =IF(AND(B106="",C106=""),"",IF(B106="","缺少敌人",IF(C106="","缺少数量",IF(OR(C106<1,C106>9999,C106<>INT(C106)),"数量无效",IF(COUNTIF($B$94:$B$111,B106)>1,"重复敌人",IFERROR(IF(VLOOKUP(B106,敌人目录!$A$6:$AD$54,27,FALSE)="可回读","可回读","敌人参数错误"),"敌人不存在")))))) -> 可回读
A107: 14 | D107: =IF(OR(B107="",C107=""),"",ROUNDUP(C107*(1+(全局设置!$B$5-1)*全局设置!$B$6),0)) | E107: =IFERROR(VLOOKUP(B107,敌人目录!$A$6:$AD$54,13,FALSE),"") | F107: =IF(D107="","",D107*E107) | G107: =IF(F107="","",F107*全局设置!$B$7*全局设置!$E$14) | H107: =IF(G107="","",G107*全局设置!$B$5) | I107: =IF(AND(B107="",C107=""),"",IF(B107="","缺少敌人",IF(C107="","缺少数量",IF(OR(C107<1,C107>9999,C107<>INT(C107)),"数量无效",IF(COUNTIF($B$94:$B$111,B107)>1,"重复敌人",IFERROR(IF(VLOOKUP(B107,敌人目录!$A$6:$AD$54,27,FALSE)="可回读","可回读","敌人参数错误"),"敌人不存在"))))))
A108: 15 | D108: =IF(OR(B108="",C108=""),"",ROUNDUP(C108*(1+(全局设置!$B$5-1)*全局设置!$B$6),0)) | E108: =IFERROR(VLOOKUP(B108,敌人目录!$A$6:$AD$54,13,FALSE),"") | F108: =IF(D108="","",D108*E108) | G108: =IF(F108="","",F108*全局设置!$B$7*全局设置!$E$14) | H108: =IF(G108="","",G108*全局设置!$B$5) | I108: =IF(AND(B108="",C108=""),"",IF(B108="","缺少敌人",IF(C108="","缺少数量",IF(OR(C108<1,C108>9999,C108<>INT(C108)),"数量无效",IF(COUNTIF($B$94:$B$111,B108)>1,"重复敌人",IFERROR(IF(VLOOKUP(B108,敌人目录!$A$6:$AD$54,27,FALSE)="可回读","可回读","敌人参数错误"),"敌人不存在"))))))
A109: 16 | D109: =IF(OR(B109="",C109=""),"",ROUNDUP(C109*(1+(全局设置!$B$5-1)*全局设置!$B$6),0)) | E109: =IFERROR(VLOOKUP(B109,敌人目录!$A$6:$AD$54,13,FALSE),"") | F109: =IF(D109="","",D109*E109) | G109: =IF(F109="","",F109*全局设置!$B$7*全局设置!$E$14) | H109: =IF(G109="","",G109*全局设置!$B$5) | I109: =IF(AND(B109="",C109=""),"",IF(B109="","缺少敌人",IF(C109="","缺少数量",IF(OR(C109<1,C109>9999,C109<>INT(C109)),"数量无效",IF(COUNTIF($B$94:$B$111,B109)>1,"重复敌人",IFERROR(IF(VLOOKUP(B109,敌人目录!$A$6:$AD$54,27,FALSE)="可回读","可回读","敌人参数错误"),"敌人不存在"))))))
A110: 17 | D110: =IF(OR(B110="",C110=""),"",ROUNDUP(C110*(1+(全局设置!$B$5-1)*全局设置!$B$6),0)) | E110: =IFERROR(VLOOKUP(B110,敌人目录!$A$6:$AD$54,13,FALSE),"") | F110: =IF(D110="","",D110*E110) | G110: =IF(F110="","",F110*全局设置!$B$7*全局设置!$E$14) | H110: =IF(G110="","",G110*全局设置!$B$5) | I110: =IF(AND(B110="",C110=""),"",IF(B110="","缺少敌人",IF(C110="","缺少数量",IF(OR(C110<1,C110>9999,C110<>INT(C110)),"数量无效",IF(COUNTIF($B$94:$B$111,B110)>1,"重复敌人",IFERROR(IF(VLOOKUP(B110,敌人目录!$A$6:$AD$54,27,FALSE)="可回读","可回读","敌人参数错误"),"敌人不存在"))))))
A111: 18 | D111: =IF(OR(B111="",C111=""),"",ROUNDUP(C111*(1+(全局设置!$B$5-1)*全局设置!$B$6),0)) | E111: =IFERROR(VLOOKUP(B111,敌人目录!$A$6:$AD$54,13,FALSE),"") | F111: =IF(D111="","",D111*E111) | G111: =IF(F111="","",F111*全局设置!$B$7*全局设置!$E$14) | H111: =IF(G111="","",G111*全局设置!$B$5) | I111: =IF(AND(B111="",C111=""),"",IF(B111="","缺少敌人",IF(C111="","缺少数量",IF(OR(C111<1,C111>9999,C111<>INT(C111)),"数量无效",IF(COUNTIF($B$94:$B$111,B111)>1,"重复敌人",IFERROR(IF(VLOOKUP(B111,敌人目录!$A$6:$AD$54,27,FALSE)="可回读","可回读","敌人参数错误"),"敌人不存在"))))))
A113: 基础总数 | B113: =SUM(C94:C111) -> 200 | C113: 实际总数 | D113: =SUM(D94:D111) -> 200 | E113: 最大息壤/玩家 | F113: =SUM(F94:F111) -> 342 | G113: 情景息壤/玩家 | H113: =SUM(G94:G111) -> 342
A114: 情景息壤/队伍 | B114: =SUM(H94:H111) -> 342 | C114: 情景收益 = 最大息壤 × 全局击杀率 × 第3日倍率；队伍值再乘模拟玩家数。 | D114: 情景收益 = 最大息壤 × 全局击杀率 × 第3日倍率；队伍值再乘模拟玩家数。 | E114: 情景收益 = 最大息壤 × 全局击杀率 × 第3日倍率；队伍值再乘模拟玩家数。 | F114: 情景收益 = 最大息壤 × 全局击杀率 × 第3日倍率；队伍值再乘模拟玩家数。 | G114: 情景收益 = 最大息壤 × 全局击杀率 × 第3日倍率；队伍值再乘模拟玩家数。 | H114: 情景收益 = 最大息壤 × 全局击杀率 × 第3日倍率；队伍值再乘模拟玩家数。 | I114: 情景收益 = 最大息壤 × 全局击杀率 × 第3日倍率；队伍值再乘模拟玩家数。

Sheet 第4日
A2: 第 13 波｜第 4 日·1/4｜白昼｜待设计 | B2: 第 13 波｜第 4 日·1/4｜白昼｜待设计 | C2: 第 13 波｜第 4 日·1/4｜白昼｜待设计 | D2: 第 13 波｜第 4 日·1/4｜白昼｜待设计 | E2: 第 13 波｜第 4 日·1/4｜白昼｜待设计 | F2: 第 13 波｜第 4 日·1/4｜白昼｜待设计 | G2: 第 13 波｜第 4 日·1/4｜白昼｜待设计 | H2: 第 13 波｜第 4 日·1/4｜白昼｜待设计 | I2: 第 13 波｜第 4 日·1/4｜白昼｜待设计
A3: 波次名称 | B3: 第13波（待设计） | C3: 第13波（待设计） | D3: 出生间隔(s) | E3: 0.22 | F3: 每Tick | G3: 1 | H3: 存活上限 | I3: 300
A4: 出生点 | B4: 点1·开启 | C4: 点2·开启 | D4: 点3·开启 | E4: 点4·开启 | F4: 点5·开启 | G4: 点6·开启 | H4: 波次校验 | I4: =IF(COUNTA(B7:B24)=0,"待设计",IF(COUNTIF(I7:I24,"可回读")=COUNTA(B7:B24),"可回读","需修正")) -> 待设计
A5: 仅编辑蓝色列。敌人数值、固定息壤与掉落统一在“敌人目录”维护；本页按实际数量逐项精确结算息壤。 | B5: 仅编辑蓝色列。敌人数值、固定息壤与掉落统一在“敌人目录”维护；本页按实际数量逐项精确结算息壤。 | C5: 仅编辑蓝色列。敌人数值、固定息壤与掉落统一在“敌人目录”维护；本页按实际数量逐项精确结算息壤。 | D5: 仅编辑蓝色列。敌人数值、固定息壤与掉落统一在“敌人目录”维护；本页按实际数量逐项精确结算息壤。 | E5: 仅编辑蓝色列。敌人数值、固定息壤与掉落统一在“敌人目录”维护；本页按实际数量逐项精确结算息壤。 | F5: 仅编辑蓝色列。敌人数值、固定息壤与掉落统一在“敌人目录”维护；本页按实际数量逐项精确结算息壤。 | G5: 仅编辑蓝色列。敌人数值、固定息壤与掉落统一在“敌人目录”维护；本页按实际数量逐项精确结算息壤。 | H5: 仅编辑蓝色列。敌人数值、固定息壤与掉落统一在“敌人目录”维护；本页按实际数量逐项精确结算息壤。 | I5: 仅编辑蓝色列。敌人数值、固定息壤与掉落统一在“敌人目录”维护；本页按实际数量逐项精确结算息壤。
A6: 槽位 | B6: 敌人（下拉选择） | C6: 基础数量 | D6: 实际数量 | E6: 息壤/击杀 | F6: 本项最大息壤/玩家 | G6: 本项情景息壤/玩家 | H6: 本项情景息壤/队伍 | I6: 校验
A7: 1 | D7: =IF(OR(B7="",C7=""),"",ROUNDUP(C7*(1+(全局设置!$B$5-1)*全局设置!$B$6),0)) | E7: =IFERROR(VLOOKUP(B7,敌人目录!$A$6:$AD$54,13,FALSE),"") | F7: =IF(D7="","",D7*E7) | G7: =IF(F7="","",F7*全局设置!$B$7*全局设置!$F$14) | H7: =IF(G7="","",G7*全局设置!$B$5) | I7: =IF(AND(B7="",C7=""),"",IF(B7="","缺少敌人",IF(C7="","缺少数量",IF(OR(C7<1,C7>9999,C7<>INT(C7)),"数量无效",IF(COUNTIF($B$7:$B$24,B7)>1,"重复敌人",IFERROR(IF(VLOOKUP(B7,敌人目录!$A$6:$AD$54,27,FALSE)="可回读","可回读","敌人参数错误"),"敌人不存在"))))))
A8: 2 | D8: =IF(OR(B8="",C8=""),"",ROUNDUP(C8*(1+(全局设置!$B$5-1)*全局设置!$B$6),0)) | E8: =IFERROR(VLOOKUP(B8,敌人目录!$A$6:$AD$54,13,FALSE),"") | F8: =IF(D8="","",D8*E8) | G8: =IF(F8="","",F8*全局设置!$B$7*全局设置!$F$14) | H8: =IF(G8="","",G8*全局设置!$B$5) | I8: =IF(AND(B8="",C8=""),"",IF(B8="","缺少敌人",IF(C8="","缺少数量",IF(OR(C8<1,C8>9999,C8<>INT(C8)),"数量无效",IF(COUNTIF($B$7:$B$24,B8)>1,"重复敌人",IFERROR(IF(VLOOKUP(B8,敌人目录!$A$6:$AD$54,27,FALSE)="可回读","可回读","敌人参数错误"),"敌人不存在"))))))
A9: 3 | D9: =IF(OR(B9="",C9=""),"",ROUNDUP(C9*(1+(全局设置!$B$5-1)*全局设置!$B$6),0)) | E9: =IFERROR(VLOOKUP(B9,敌人目录!$A$6:$AD$54,13,FALSE),"") | F9: =IF(D9="","",D9*E9) | G9: =IF(F9="","",F9*全局设置!$B$7*全局设置!$F$14) | H9: =IF(G9="","",G9*全局设置!$B$5) | I9: =IF(AND(B9="",C9=""),"",IF(B9="","缺少敌人",IF(C9="","缺少数量",IF(OR(C9<1,C9>9999,C9<>INT(C9)),"数量无效",IF(COUNTIF($B$7:$B$24,B9)>1,"重复敌人",IFERROR(IF(VLOOKUP(B9,敌人目录!$A$6:$AD$54,27,FALSE)="可回读","可回读","敌人参数错误"),"敌人不存在"))))))
A10: 4 | D10: =IF(OR(B10="",C10=""),"",ROUNDUP(C10*(1+(全局设置!$B$5-1)*全局设置!$B$6),0)) | E10: =IFERROR(VLOOKUP(B10,敌人目录!$A$6:$AD$54,13,FALSE),"") | F10: =IF(D10="","",D10*E10) | G10: =IF(F10="","",F10*全局设置!$B$7*全局设置!$F$14) | H10: =IF(G10="","",G10*全局设置!$B$5) | I10: =IF(AND(B10="",C10=""),"",IF(B10="","缺少敌人",IF(C10="","缺少数量",IF(OR(C10<1,C10>9999,C10<>INT(C10)),"数量无效",IF(COUNTIF($B$7:$B$24,B10)>1,"重复敌人",IFERROR(IF(VLOOKUP(B10,敌人目录!$A$6:$AD$54,27,FALSE)="可回读","可回读","敌人参数错误"),"敌人不存在"))))))
A11: 5 | D11: =IF(OR(B11="",C11=""),"",ROUNDUP(C11*(1+(全局设置!$B$5-1)*全局设置!$B$6),0)) | E11: =IFERROR(VLOOKUP(B11,敌人目录!$A$6:$AD$54,13,FALSE),"") | F11: =IF(D11="","",D11*E11) | G11: =IF(F11="","",F11*全局设置!$B$7*全局设置!$F$14) | H11: =IF(G11="","",G11*全局设置!$B$5) | I11: =IF(AND(B11="",C11=""),"",IF(B11="","缺少敌人",IF(C11="","缺少数量",IF(OR(C11<1,C11>9999,C11<>INT(C11)),"数量无效",IF(COUNTIF($B$7:$B$24,B11)>1,"重复敌人",IFERROR(IF(VLOOKUP(B11,敌人目录!$A$6:$AD$54,27,FALSE)="可回读","可回读","敌人参数错误"),"敌人不存在"))))))
A12: 6 | D12: =IF(OR(B12="",C12=""),"",ROUNDUP(C12*(1+(全局设置!$B$5-1)*全局设置!$B$6),0)) | E12: =IFERROR(VLOOKUP(B12,敌人目录!$A$6:$AD$54,13,FALSE),"") | F12: =IF(D12="","",D12*E12) | G12: =IF(F12="","",F12*全局设置!$B$7*全局设置!$F$14) | H12: =IF(G12="","",G12*全局设置!$B$5) | I12: =IF(AND(B12="",C12=""),"",IF(B12="","缺少敌人",IF(C12="","缺少数量",IF(OR(C12<1,C12>9999,C12<>INT(C12)),"数量无效",IF(COUNTIF($B$7:$B$24,B12)>1,"重复敌人",IFERROR(IF(VLOOKUP(B12,敌人目录!$A$6:$AD$54,27,FALSE)="可回读","可回读","敌人参数错误"),"敌人不存在"))))))
A13: 7 | D13: =IF(OR(B13="",C13=""),"",ROUNDUP(C13*(1+(全局设置!$B$5-1)*全局设置!$B$6),0)) | E13: =IFERROR(VLOOKUP(B13,敌人目录!$A$6:$AD$54,13,FALSE),"") | F13: =IF(D13="","",D13*E13) | G13: =IF(F13="","",F13*全局设置!$B$7*全局设置!$F$14) | H13: =IF(G13="","",G13*全局设置!$B$5) | I13: =IF(AND(B13="",C13=""),"",IF(B13="","缺少敌人",IF(C13="","缺少数量",IF(OR(C13<1,C13>9999,C13<>INT(C13)),"数量无效",IF(COUNTIF($B$7:$B$24,B13)>1,"重复敌人",IFERROR(IF(VLOOKUP(B13,敌人目录!$A$6:$AD$54,27,FALSE)="可回读","可回读","敌人参数错误"),"敌人不存在"))))))
A14: 8 | D14: =IF(OR(B14="",C14=""),"",ROUNDUP(C14*(1+(全局设置!$B$5-1)*全局设置!$B$6),0)) | E14: =IFERROR(VLOOKUP(B14,敌人目录!$A$6:$AD$54,13,FALSE),"") | F14: =IF(D14="","",D14*E14) | G14: =IF(F14="","",F14*全局设置!$B$7*全局设置!$F$14) | H14: =IF(G14="","",G14*全局设置!$B$5) | I14: =IF(AND(B14="",C14=""),"",IF(B14="","缺少敌人",IF(C14="","缺少数量",IF(OR(C14<1,C14>9999,C14<>INT(C14)),"数量无效",IF(COUNTIF($B$7:$B$24,B14)>1,"重复敌人",IFERROR(IF(VLOOKUP(B14,敌人目录!$A$6:$AD$54,27,FALSE)="可回读","可回读","敌人参数错误"),"敌人不存在"))))))
A15: 9 | D15: =IF(OR(B15="",C15=""),"",ROUNDUP(C15*(1+(全局设置!$B$5-1)*全局设置!$B$6),0)) | E15: =IFERROR(VLOOKUP(B15,敌人目录!$A$6:$AD$54,13,FALSE),"") | F15: =IF(D15="","",D15*E15) | G15: =IF(F15="","",F15*全局设置!$B$7*全局设置!$F$14) | H15: =IF(G15="","",G15*全局设置!$B$5) | I15: =IF(AND(B15="",C15=""),"",IF(B15="","缺少敌人",IF(C15="","缺少数量",IF(OR(C15<1,C15>9999,C15<>INT(C15)),"数量无效",IF(COUNTIF($B$7:$B$24,B15)>1,"重复敌人",IFERROR(IF(VLOOKUP(B15,敌人目录!$A$6:$AD$54,27,FALSE)="可回读","可回读","敌人参数错误"),"敌人不存在"))))))
A16: 10 | D16: =IF(OR(B16="",C16=""),"",ROUNDUP(C16*(1+(全局设置!$B$5-1)*全局设置!$B$6),0)) | E16: =IFERROR(VLOOKUP(B16,敌人目录!$A$6:$AD$54,13,FALSE),"") | F16: =IF(D16="","",D16*E16) | G16: =IF(F16="","",F16*全局设置!$B$7*全局设置!$F$14) | H16: =IF(G16="","",G16*全局设置!$B$5) | I16: =IF(AND(B16="",C16=""),"",IF(B16="","缺少敌人",IF(C16="","缺少数量",IF(OR(C16<1,C16>9999,C16<>INT(C16)),"数量无效",IF(COUNTIF($B$7:$B$24,B16)>1,"重复敌人",IFERROR(IF(VLOOKUP(B16,敌人目录!$A$6:$AD$54,27,FALSE)="可回读","可回读","敌人参数错误"),"敌人不存在"))))))
A17: 11 | D17: =IF(OR(B17="",C17=""),"",ROUNDUP(C17*(1+(全局设置!$B$5-1)*全局设置!$B$6),0)) | E17: =IFERROR(VLOOKUP(B17,敌人目录!$A$6:$AD$54,13,FALSE),"") | F17: =IF(D17="","",D17*E17) | G17: =IF(F17="","",F17*全局设置!$B$7*全局设置!$F$14) | H17: =IF(G17="","",G17*全局设置!$B$5) | I17: =IF(AND(B17="",C17=""),"",IF(B17="","缺少敌人",IF(C17="","缺少数量",IF(OR(C17<1,C17>9999,C17<>INT(C17)),"数量无效",IF(COUNTIF($B$7:$B$24,B17)>1,"重复敌人",IFERROR(IF(VLOOKUP(B17,敌人目录!$A$6:$AD$54,27,FALSE)="可回读","可回读","敌人参数错误"),"敌人不存在"))))))
A18: 12 | D18: =IF(OR(B18="",C18=""),"",ROUNDUP(C18*(1+(全局设置!$B$5-1)*全局设置!$B$6),0)) | E18: =IFERROR(VLOOKUP(B18,敌人目录!$A$6:$AD$54,13,FALSE),"") | F18: =IF(D18="","",D18*E18) | G18: =IF(F18="","",F18*全局设置!$B$7*全局设置!$F$14) | H18: =IF(G18="","",G18*全局设置!$B$5) | I18: =IF(AND(B18="",C18=""),"",IF(B18="","缺少敌人",IF(C18="","缺少数量",IF(OR(C18<1,C18>9999,C18<>INT(C18)),"数量无效",IF(COUNTIF($B$7:$B$24,B18)>1,"重复敌人",IFERROR(IF(VLOOKUP(B18,敌人目录!$A$6:$AD$54,27,FALSE)="可回读","可回读","敌人参数错误"),"敌人不存在"))))))
... A24: 18 | D24: =IF(OR(B24="",C24=""),"",ROUNDUP(C24*(1+(全局设置!$B$5-1)*全局设置!$B$6),0)) | E24: =IFERROR(VLOOKUP(B24,敌人目录!$A$6:$AD$54,13,FALSE),"") | F24: =IF(D24="","",D24*E24) | G24: =IF(F24="","",F24*全局设置!$B$7*全局设置!$F$14) | H24: =IF(G24="","",G24*全局设置!$B$5) | I24: =IF(AND(B24="",C24=""),"",IF(B24="","缺少敌人",IF(C24="","缺少数量",IF(OR(C24<1,C24>9999,C24<>INT(C24)),"数量无效",IF(COUNTIF($B$7:$B$24,B24)>1,"重复敌人",IFERROR(IF(VLOOKUP(B24,敌人目录!$A$6:$AD$54,27,FALSE)="可回读","可回读","敌人参数错误"),"敌人不存在"))))))
A26: 基础总数 | B26: =SUM(C7:C24) -> 0 | C26: 实际总数 | D26: =SUM(D7:D24) -> 0 | E26: 最大息壤/玩家 | F26: =SUM(F7:F24) -> 0 | G26: 情景息壤/玩家 | H26: =SUM(G7:G24) -> 0
A27: 情景息壤/队伍 | B27: =SUM(H7:H24) -> 0 | C27: 情景收益 = 最大息壤 × 全局击杀率 × 第4日倍率；队伍值再乘模拟玩家数。 | D27: 情景收益 = 最大息壤 × 全局击杀率 × 第4日倍率；队伍值再乘模拟玩家数。 | E27: 情景收益 = 最大息壤 × 全局击杀率 × 第4日倍率；队伍值再乘模拟玩家数。 | F27: 情景收益 = 最大息壤 × 全局击杀率 × 第4日倍率；队伍值再乘模拟玩家数。 | G27: 情景收益 = 最大息壤 × 全局击杀率 × 第4日倍率；队伍值再乘模拟玩家数。 | H27: 情景收益 = 最大息壤 × 全局击杀率 × 第4日倍率；队伍值再乘模拟玩家数。 | I27: 情景收益 = 最大息壤 × 全局击杀率 × 第4日倍率；队伍值再乘模拟玩家数。
A31: 第 14 波｜第 4 日·2/4｜白昼｜待设计 | B31: 第 14 波｜第 4 日·2/4｜白昼｜待设计 | C31: 第 14 波｜第 4 日·2/4｜白昼｜待设计 | D31: 第 14 波｜第 4 日·2/4｜白昼｜待设计 | E31: 第 14 波｜第 4 日·2/4｜白昼｜待设计 | F31: 第 14 波｜第 4 日·2/4｜白昼｜待设计 | G31: 第 14 波｜第 4 日·2/4｜白昼｜待设计 | H31: 第 14 波｜第 4 日·2/4｜白昼｜待设计 | I31: 第 14 波｜第 4 日·2/4｜白昼｜待设计
A32: 波次名称 | B32: 第14波（待设计） | C32: 第14波（待设计） | D32: 出生间隔(s) | E32: 0.22 | F32: 每Tick | G32: 1 | H32: 存活上限 | I32: 300
A33: 出生点 | B33: 点1·开启 | C33: 点2·开启 | D33: 点3·开启 | E33: 点4·开启 | F33: 点5·开启 | G33: 点6·开启 | H33: 波次校验 | I33: =IF(COUNTA(B36:B53)=0,"待设计",IF(COUNTIF(I36:I53,"可回读")=COUNTA(B36:B53),"可回读","需修正")) -> 待设计
A34: 仅编辑蓝色列。敌人数值、固定息壤与掉落统一在“敌人目录”维护；本页按实际数量逐项精确结算息壤。 | B34: 仅编辑蓝色列。敌人数值、固定息壤与掉落统一在“敌人目录”维护；本页按实际数量逐项精确结算息壤。 | C34: 仅编辑蓝色列。敌人数值、固定息壤与掉落统一在“敌人目录”维护；本页按实际数量逐项精确结算息壤。 | D34: 仅编辑蓝色列。敌人数值、固定息壤与掉落统一在“敌人目录”维护；本页按实际数量逐项精确结算息壤。 | E34: 仅编辑蓝色列。敌人数值、固定息壤与掉落统一在“敌人目录”维护；本页按实际数量逐项精确结算息壤。 | F34: 仅编辑蓝色列。敌人数值、固定息壤与掉落统一在“敌人目录”维护；本页按实际数量逐项精确结算息壤。 | G34: 仅编辑蓝色列。敌人数值、固定息壤与掉落统一在“敌人目录”维护；本页按实际数量逐项精确结算息壤。 | H34: 仅编辑蓝色列。敌人数值、固定息壤与掉落统一在“敌人目录”维护；本页按实际数量逐项精确结算息壤。 | I34: 仅编辑蓝色列。敌人数值、固定息壤与掉落统一在“敌人目录”维护；本页按实际数量逐项精确结算息壤。
A35: 槽位 | B35: 敌人（下拉选择） | C35: 基础数量 | D35: 实际数量 | E35: 息壤/击杀 | F35: 本项最大息壤/玩家 | G35: 本项情景息壤/玩家 | H35: 本项情景息壤/队伍 | I35: 校验
A36: 1 | D36: =IF(OR(B36="",C36=""),"",ROUNDUP(C36*(1+(全局设置!$B$5-1)*全局设置!$B$6),0)) | E36: =IFERROR(VLOOKUP(B36,敌人目录!$A$6:$AD$54,13,FALSE),"") | F36: =IF(D36="","",D36*E36) | G36: =IF(F36="","",F36*全局设置!$B$7*全局设置!$F$14) | H36: =IF(G36="","",G36*全局设置!$B$5) | I36: =IF(AND(B36="",C36=""),"",IF(B36="","缺少敌人",IF(C36="","缺少数量",IF(OR(C36<1,C36>9999,C36<>INT(C36)),"数量无效",IF(COUNTIF($B$36:$B$53,B36)>1,"重复敌人",IFERROR(IF(VLOOKUP(B36,敌人目录!$A$6:$AD$54,27,FALSE)="可回读","可回读","敌人参数错误"),"敌人不存在"))))))
A37: 2 | D37: =IF(OR(B37="",C37=""),"",ROUNDUP(C37*(1+(全局设置!$B$5-1)*全局设置!$B$6),0)) | E37: =IFERROR(VLOOKUP(B37,敌人目录!$A$6:$AD$54,13,FALSE),"") | F37: =IF(D37="","",D37*E37) | G37: =IF(F37="","",F37*全局设置!$B$7*全局设置!$F$14) | H37: =IF(G37="","",G37*全局设置!$B$5) | I37: =IF(AND(B37="",C37=""),"",IF(B37="","缺少敌人",IF(C37="","缺少数量",IF(OR(C37<1,C37>9999,C37<>INT(C37)),"数量无效",IF(COUNTIF($B$36:$B$53,B37)>1,"重复敌人",IFERROR(IF(VLOOKUP(B37,敌人目录!$A$6:$AD$54,27,FALSE)="可回读","可回读","敌人参数错误"),"敌人不存在"))))))
A38: 3 | D38: =IF(OR(B38="",C38=""),"",ROUNDUP(C38*(1+(全局设置!$B$5-1)*全局设置!$B$6),0)) | E38: =IFERROR(VLOOKUP(B38,敌人目录!$A$6:$AD$54,13,FALSE),"") | F38: =IF(D38="","",D38*E38) | G38: =IF(F38="","",F38*全局设置!$B$7*全局设置!$F$14) | H38: =IF(G38="","",G38*全局设置!$B$5) | I38: =IF(AND(B38="",C38=""),"",IF(B38="","缺少敌人",IF(C38="","缺少数量",IF(OR(C38<1,C38>9999,C38<>INT(C38)),"数量无效",IF(COUNTIF($B$36:$B$53,B38)>1,"重复敌人",IFERROR(IF(VLOOKUP(B38,敌人目录!$A$6:$AD$54,27,FALSE)="可回读","可回读","敌人参数错误"),"敌人不存在"))))))
A39: 4 | D39: =IF(OR(B39="",C39=""),"",ROUNDUP(C39*(1+(全局设置!$B$5-1)*全局设置!$B$6),0)) | E39: =IFERROR(VLOOKUP(B39,敌人目录!$A$6:$AD$54,13,FALSE),"") | F39: =IF(D39="","",D39*E39) | G39: =IF(F39="","",F39*全局设置!$B$7*全局设置!$F$14) | H39: =IF(G39="","",G39*全局设置!$B$5) | I39: =IF(AND(B39="",C39=""),"",IF(B39="","缺少敌人",IF(C39="","缺少数量",IF(OR(C39<1,C39>9999,C39<>INT(C39)),"数量无效",IF(COUNTIF($B$36:$B$53,B39)>1,"重复敌人",IFERROR(IF(VLOOKUP(B39,敌人目录!$A$6:$AD$54,27,FALSE)="可回读","可回读","敌人参数错误"),"敌人不存在"))))))
A40: 5 | D40: =IF(OR(B40="",C40=""),"",ROUNDUP(C40*(1+(全局设置!$B$5-1)*全局设置!$B$6),0)) | E40: =IFERROR(VLOOKUP(B40,敌人目录!$A$6:$AD$54,13,FALSE),"") | F40: =IF(D40="","",D40*E40) | G40: =IF(F40="","",F40*全局设置!$B$7*全局设置!$F$14) | H40: =IF(G40="","",G40*全局设置!$B$5) | I40: =IF(AND(B40="",C40=""),"",IF(B40="","缺少敌人",IF(C40="","缺少数量",IF(OR(C40<1,C40>9999,C40<>INT(C40)),"数量无效",IF(COUNTIF($B$36:$B$53,B40)>1,"重复敌人",IFERROR(IF(VLOOKUP(B40,敌人目录!$A$6:$AD$54,27,FALSE)="可回读","可回读","敌人参数错误"),"敌人不存在"))))))
A41: 6 | D41: =IF(OR(B41="",C41=""),"",ROUNDUP(C41*(1+(全局设置!$B$5-1)*全局设置!$B$6),0)) | E41: =IFERROR(VLOOKUP(B41,敌人目录!$A$6:$AD$54,13,FALSE),"") | F41: =IF(D41="","",D41*E41) | G41: =IF(F41="","",F41*全局设置!$B$7*全局设置!$F$14) | H41: =IF(G41="","",G41*全局设置!$B$5) | I41: =IF(AND(B41="",C41=""),"",IF(B41="","缺少敌人",IF(C41="","缺少数量",IF(OR(C41<1,C41>9999,C41<>INT(C41)),"数量无效",IF(COUNTIF($B$36:$B$53,B41)>1,"重复敌人",IFERROR(IF(VLOOKUP(B41,敌人目录!$A$6:$AD$54,27,FALSE)="可回读","可回读","敌人参数错误"),"敌人不存在"))))))
A42: 7 | D42: =IF(OR(B42="",C42=""),"",ROUNDUP(C42*(1+(全局设置!$B$5-1)*全局设置!$B$6),0)) | E42: =IFERROR(VLOOKUP(B42,敌人目录!$A$6:$AD$54,13,FALSE),"") | F42: =IF(D42="","",D42*E42) | G42: =IF(F42="","",F42*全局设置!$B$7*全局设置!$F$14) | H42: =IF(G42="","",G42*全局设置!$B$5) | I42: =IF(AND(B42="",C42=""),"",IF(B42="","缺少敌人",IF(C42="","缺少数量",IF(OR(C42<1,C42>9999,C42<>INT(C42)),"数量无效",IF(COUNTIF($B$36:$B$53,B42)>1,"重复敌人",IFERROR(IF(VLOOKUP(B42,敌人目录!$A$6:$AD$54,27,FALSE)="可回读","可回读","敌人参数错误"),"敌人不存在"))))))
A43: 8 | D43: =IF(OR(B43="",C43=""),"",ROUNDUP(C43*(1+(全局设置!$B$5-1)*全局设置!$B$6),0)) | E43: =IFERROR(VLOOKUP(B43,敌人目录!$A$6:$AD$54,13,FALSE),"") | F43: =IF(D43="","",D43*E43) | G43: =IF(F43="","",F43*全局设置!$B$7*全局设置!$F$14) | H43: =IF(G43="","",G43*全局设置!$B$5) | I43: =IF(AND(B43="",C43=""),"",IF(B43="","缺少敌人",IF(C43="","缺少数量",IF(OR(C43<1,C43>9999,C43<>INT(C43)),"数量无效",IF(COUNTIF($B$36:$B$53,B43)>1,"重复敌人",IFERROR(IF(VLOOKUP(B43,敌人目录!$A$6:$AD$54,27,FALSE)="可回读","可回读","敌人参数错误"),"敌人不存在"))))))
A44: 9 | D44: =IF(OR(B44="",C44=""),"",ROUNDUP(C44*(1+(全局设置!$B$5-1)*全局设置!$B$6),0)) | E44: =IFERROR(VLOOKUP(B44,敌人目录!$A$6:$AD$54,13,FALSE),"") | F44: =IF(D44="","",D44*E44) | G44: =IF(F44="","",F44*全局设置!$B$7*全局设置!$F$14) | H44: =IF(G44="","",G44*全局设置!$B$5) | I44: =IF(AND(B44="",C44=""),"",IF(B44="","缺少敌人",IF(C44="","缺少数量",IF(OR(C44<1,C44>9999,C44<>INT(C44)),"数量无效",IF(COUNTIF($B$36:$B$53,B44)>1,"重复敌人",IFERROR(IF(VLOOKUP(B44,敌人目录!$A$6:$AD$54,27,FALSE)="可回读","可回读","敌人参数错误"),"敌人不存在"))))))
A45: 10 | D45: =IF(OR(B45="",C45=""),"",ROUNDUP(C45*(1+(全局设置!$B$5-1)*全局设置!$B$6),0)) | E45: =IFERROR(VLOOKUP(B45,敌人目录!$A$6:$AD$54,13,FALSE),"") | F45: =IF(D45="","",D45*E45) | G45: =IF(F45="","",F45*全局设置!$B$7*全局设置!$F$14) | H45: =IF(G45="","",G45*全局设置!$B$5) | I45: =IF(AND(B45="",C45=""),"",IF(B45="","缺少敌人",IF(C45="","缺少数量",IF(OR(C45<1,C45>9999,C45<>INT(C45)),"数量无效",IF(COUNTIF($B$36:$B$53,B45)>1,"重复敌人",IFERROR(IF(VLOOKUP(B45,敌人目录!$A$6:$AD$54,27,FALSE)="可回读","可回读","敌人参数错误"),"敌人不存在"))))))
A46: 11 | D46: =IF(OR(B46="",C46=""),"",ROUNDUP(C46*(1+(全局设置!$B$5-1)*全局设置!$B$6),0)) | E46: =IFERROR(VLOOKUP(B46,敌人目录!$A$6:$AD$54,13,FALSE),"") | F46: =IF(D46="","",D46*E46) | G46: =IF(F46="","",F46*全局设置!$B$7*全局设置!$F$14) | H46: =IF(G46="","",G46*全局设置!$B$5) | I46: =IF(AND(B46="",C46=""),"",IF(B46="","缺少敌人",IF(C46="","缺少数量",IF(OR(C46<1,C46>9999,C46<>INT(C46)),"数量无效",IF(COUNTIF($B$36:$B$53,B46)>1,"重复敌人",IFERROR(IF(VLOOKUP(B46,敌人目录!$A$6:$AD$54,27,FALSE)="可回读","可回读","敌人参数错误"),"敌人不存在"))))))
A47: 12 | D47: =IF(OR(B47="",C47=""),"",ROUNDUP(C47*(1+(全局设置!$B$5-1)*全局设置!$B$6),0)) | E47: =IFERROR(VLOOKUP(B47,敌人目录!$A$6:$AD$54,13,FALSE),"") | F47: =IF(D47="","",D47*E47) | G47: =IF(F47="","",F47*全局设置!$B$7*全局设置!$F$14) | H47: =IF(G47="","",G47*全局设置!$B$5) | I47: =IF(AND(B47="",C47=""),"",IF(B47="","缺少敌人",IF(C47="","缺少数量",IF(OR(C47<1,C47>9999,C47<>INT(C47)),"数量无效",IF(COUNTIF($B$36:$B$53,B47)>1,"重复敌人",IFERROR(IF(VLOOKUP(B47,敌人目录!$A$6:$AD$54,27,FALSE)="可回读","可回读","敌人参数错误"),"敌人不存在"))))))
... A53: 18 | D53: =IF(OR(B53="",C53=""),"",ROUNDUP(C53*(1+(全局设置!$B$5-1)*全局设置!$B$6),0)) | E53: =IFERROR(VLOOKUP(B53,敌人目录!$A$6:$AD$54,13,FALSE),"") | F53: =IF(D53="","",D53*E53) | G53: =IF(F53="","",F53*全局设置!$B$7*全局设置!$F$14) | H53: =IF(G53="","",G53*全局设置!$B$5) | I53: =IF(AND(B53="",C53=""),"",IF(B53="","缺少敌人",IF(C53="","缺少数量",IF(OR(C53<1,C53>9999,C53<>INT(C53)),"数量无效",IF(COUNTIF($B$36:$B$53,B53)>1,"重复敌人",IFERROR(IF(VLOOKUP(B53,敌人目录!$A$6:$AD$54,27,FALSE)="可回读","可回读","敌人参数错误"),"敌人不存在"))))))
A55: 基础总数 | B55: =SUM(C36:C53) -> 0 | C55: 实际总数 | D55: =SUM(D36:D53) -> 0 | E55: 最大息壤/玩家 | F55: =SUM(F36:F53) -> 0 | G55: 情景息壤/玩家 | H55: =SUM(G36:G53) -> 0
A56: 情景息壤/队伍 | B56: =SUM(H36:H53) -> 0 | C56: 情景收益 = 最大息壤 × 全局击杀率 × 第4日倍率；队伍值再乘模拟玩家数。 | D56: 情景收益 = 最大息壤 × 全局击杀率 × 第4日倍率；队伍值再乘模拟玩家数。 | E56: 情景收益 = 最大息壤 × 全局击杀率 × 第4日倍率；队伍值再乘模拟玩家数。 | F56: 情景收益 = 最大息壤 × 全局击杀率 × 第4日倍率；队伍值再乘模拟玩家数。 | G56: 情景收益 = 最大息壤 × 全局击杀率 × 第4日倍率；队伍值再乘模拟玩家数。 | H56: 情景收益 = 最大息壤 × 全局击杀率 × 第4日倍率；队伍值再乘模拟玩家数。 | I56: 情景收益 = 最大息壤 × 全局击杀率 × 第4日倍率；队伍值再乘模拟玩家数。
A60: 第 15 波｜第 4 日·3/4｜夜晚｜待设计 | B60: 第 15 波｜第 4 日·3/4｜夜晚｜待设计 | C60: 第 15 波｜第 4 日·3/4｜夜晚｜待设计 | D60: 第 15 波｜第 4 日·3/4｜夜晚｜待设计 | E60: 第 15 波｜第 4 日·3/4｜夜晚｜待设计 | F60: 第 15 波｜第 4 日·3/4｜夜晚｜待设计 | G60: 第 15 波｜第 4 日·3/4｜夜晚｜待设计 | H60: 第 15 波｜第 4 日·3/4｜夜晚｜待设计 | I60: 第 15 波｜第 4 日·3/4｜夜晚｜待设计
A61: 波次名称 | B61: 第15波（待设计） | C61: 第15波（待设计） | D61: 出生间隔(s) | E61: 0.22 | F61: 每Tick | G61: 1 | H61: 存活上限 | I61: 300
A62: 出生点 | B62: 点1·开启 | C62: 点2·开启 | D62: 点3·开启 | E62: 点4·开启 | F62: 点5·开启 | G62: 点6·开启 | H62: 波次校验 | I62: =IF(COUNTA(B65:B82)=0,"待设计",IF(COUNTIF(I65:I82,"可回读")=COUNTA(B65:B82),"可回读","需修正")) -> 待设计
A63: 仅编辑蓝色列。敌人数值、固定息壤与掉落统一在“敌人目录”维护；本页按实际数量逐项精确结算息壤。 | B63: 仅编辑蓝色列。敌人数值、固定息壤与掉落统一在“敌人目录”维护；本页按实际数量逐项精确结算息壤。 | C63: 仅编辑蓝色列。敌人数值、固定息壤与掉落统一在“敌人目录”维护；本页按实际数量逐项精确结算息壤。 | D63: 仅编辑蓝色列。敌人数值、固定息壤与掉落统一在“敌人目录”维护；本页按实际数量逐项精确结算息壤。 | E63: 仅编辑蓝色列。敌人数值、固定息壤与掉落统一在“敌人目录”维护；本页按实际数量逐项精确结算息壤。 | F63: 仅编辑蓝色列。敌人数值、固定息壤与掉落统一在“敌人目录”维护；本页按实际数量逐项精确结算息壤。 | G63: 仅编辑蓝色列。敌人数值、固定息壤与掉落统一在“敌人目录”维护；本页按实际数量逐项精确结算息壤。 | H63: 仅编辑蓝色列。敌人数值、固定息壤与掉落统一在“敌人目录”维护；本页按实际数量逐项精确结算息壤。 | I63: 仅编辑蓝色列。敌人数值、固定息壤与掉落统一在“敌人目录”维护；本页按实际数量逐项精确结算息壤。
A64: 槽位 | B64: 敌人（下拉选择） | C64: 基础数量 | D64: 实际数量 | E64: 息壤/击杀 | F64: 本项最大息壤/玩家 | G64: 本项情景息壤/玩家 | H64: 本项情景息壤/队伍 | I64: 校验
A65: 1 | D65: =IF(OR(B65="",C65=""),"",ROUNDUP(C65*(1+(全局设置!$B$5-1)*全局设置!$B$6),0)) | E65: =IFERROR(VLOOKUP(B65,敌人目录!$A$6:$AD$54,13,FALSE),"") | F65: =IF(D65="","",D65*E65) | G65: =IF(F65="","",F65*全局设置!$B$7*全局设置!$F$14) | H65: =IF(G65="","",G65*全局设置!$B$5) | I65: =IF(AND(B65="",C65=""),"",IF(B65="","缺少敌人",IF(C65="","缺少数量",IF(OR(C65<1,C65>9999,C65<>INT(C65)),"数量无效",IF(COUNTIF($B$65:$B$82,B65)>1,"重复敌人",IFERROR(IF(VLOOKUP(B65,敌人目录!$A$6:$AD$54,27,FALSE)="可回读","可回读","敌人参数错误"),"敌人不存在"))))))
A66: 2 | D66: =IF(OR(B66="",C66=""),"",ROUNDUP(C66*(1+(全局设置!$B$5-1)*全局设置!$B$6),0)) | E66: =IFERROR(VLOOKUP(B66,敌人目录!$A$6:$AD$54,13,FALSE),"") | F66: =IF(D66="","",D66*E66) | G66: =IF(F66="","",F66*全局设置!$B$7*全局设置!$F$14) | H66: =IF(G66="","",G66*全局设置!$B$5) | I66: =IF(AND(B66="",C66=""),"",IF(B66="","缺少敌人",IF(C66="","缺少数量",IF(OR(C66<1,C66>9999,C66<>INT(C66)),"数量无效",IF(COUNTIF($B$65:$B$82,B66)>1,"重复敌人",IFERROR(IF(VLOOKUP(B66,敌人目录!$A$6:$AD$54,27,FALSE)="可回读","可回读","敌人参数错误"),"敌人不存在"))))))
A67: 3 | D67: =IF(OR(B67="",C67=""),"",ROUNDUP(C67*(1+(全局设置!$B$5-1)*全局设置!$B$6),0)) | E67: =IFERROR(VLOOKUP(B67,敌人目录!$A$6:$AD$54,13,FALSE),"") | F67: =IF(D67="","",D67*E67) | G67: =IF(F67="","",F67*全局设置!$B$7*全局设置!$F$14) | H67: =IF(G67="","",G67*全局设置!$B$5) | I67: =IF(AND(B67="",C67=""),"",IF(B67="","缺少敌人",IF(C67="","缺少数量",IF(OR(C67<1,C67>9999,C67<>INT(C67)),"数量无效",IF(COUNTIF($B$65:$B$82,B67)>1,"重复敌人",IFERROR(IF(VLOOKUP(B67,敌人目录!$A$6:$AD$54,27,FALSE)="可回读","可回读","敌人参数错误"),"敌人不存在"))))))
A68: 4 | D68: =IF(OR(B68="",C68=""),"",ROUNDUP(C68*(1+(全局设置!$B$5-1)*全局设置!$B$6),0)) | E68: =IFERROR(VLOOKUP(B68,敌人目录!$A$6:$AD$54,13,FALSE),"") | F68: =IF(D68="","",D68*E68) | G68: =IF(F68="","",F68*全局设置!$B$7*全局设置!$F$14) | H68: =IF(G68="","",G68*全局设置!$B$5) | I68: =IF(AND(B68="",C68=""),"",IF(B68="","缺少敌人",IF(C68="","缺少数量",IF(OR(C68<1,C68>9999,C68<>INT(C68)),"数量无效",IF(COUNTIF($B$65:$B$82,B68)>1,"重复敌人",IFERROR(IF(VLOOKUP(B68,敌人目录!$A$6:$AD$54,27,FALSE)="可回读","可回读","敌人参数错误"),"敌人不存在"))))))
A69: 5 | D69: =IF(OR(B69="",C69=""),"",ROUNDUP(C69*(1+(全局设置!$B$5-1)*全局设置!$B$6),0)) | E69: =IFERROR(VLOOKUP(B69,敌人目录!$A$6:$AD$54,13,FALSE),"") | F69: =IF(D69="","",D69*E69) | G69: =IF(F69="","",F69*全局设置!$B$7*全局设置!$F$14) | H69: =IF(G69="","",G69*全局设置!$B$5) | I69: =IF(AND(B69="",C69=""),"",IF(B69="","缺少敌人",IF(C69="","缺少数量",IF(OR(C69<1,C69>9999,C69<>INT(C69)),"数量无效",IF(COUNTIF($B$65:$B$82,B69)>1,"重复敌人",IFERROR(IF(VLOOKUP(B69,敌人目录!$A$6:$AD$54,27,FALSE)="可回读","可回读","敌人参数错误"),"敌人不存在"))))))
A70: 6 | D70: =IF(OR(B70="",C70=""),"",ROUNDUP(C70*(1+(全局设置!$B$5-1)*全局设置!$B$6),0)) | E70: =IFERROR(VLOOKUP(B70,敌人目录!$A$6:$AD$54,13,FALSE),"") | F70: =IF(D70="","",D70*E70) | G70: =IF(F70="","",F70*全局设置!$B$7*全局设置!$F$14) | H70: =IF(G70="","",G70*全局设置!$B$5) | I70: =IF(AND(B70="",C70=""),"",IF(B70="","缺少敌人",IF(C70="","缺少数量",IF(OR(C70<1,C70>9999,C70<>INT(C70)),"数量无效",IF(COUNTIF($B$65:$B$82,B70)>1,"重复敌人",IFERROR(IF(VLOOKUP(B70,敌人目录!$A$6:$AD$54,27,FALSE)="可回读","可回读","敌人参数错误"),"敌人不存在"))))))
A71: 7 | D71: =IF(OR(B71="",C71=""),"",ROUNDUP(C71*(1+(全局设置!$B$5-1)*全局设置!$B$6),0)) | E71: =IFERROR(VLOOKUP(B71,敌人目录!$A$6:$AD$54,13,FALSE),"") | F71: =IF(D71="","",D71*E71) | G71: =IF(F71="","",F71*全局设置!$B$7*全局设置!$F$14) | H71: =IF(G71="","",G71*全局设置!$B$5) | I71: =IF(AND(B71="",C71=""),"",IF(B71="","缺少敌人",IF(C71="","缺少数量",IF(OR(C71<1,C71>9999,C71<>INT(C71)),"数量无效",IF(COUNTIF($B$65:$B$82,B71)>1,"重复敌人",IFERROR(IF(VLOOKUP(B71,敌人目录!$A$6:$AD$54,27,FALSE)="可回读","可回读","敌人参数错误"),"敌人不存在"))))))
A72: 8 | D72: =IF(OR(B72="",C72=""),"",ROUNDUP(C72*(1+(全局设置!$B$5-1)*全局设置!$B$6),0)) | E72: =IFERROR(VLOOKUP(B72,敌人目录!$A$6:$AD$54,13,FALSE),"") | F72: =IF(D72="","",D72*E72) | G72: =IF(F72="","",F72*全局设置!$B$7*全局设置!$F$14) | H72: =IF(G72="","",G72*全局设置!$B$5) | I72: =IF(AND(B72="",C72=""),"",IF(B72="","缺少敌人",IF(C72="","缺少数量",IF(OR(C72<1,C72>9999,C72<>INT(C72)),"数量无效",IF(COUNTIF($B$65:$B$82,B72)>1,"重复敌人",IFERROR(IF(VLOOKUP(B72,敌人目录!$A$6:$AD$54,27,FALSE)="可回读","可回读","敌人参数错误"),"敌人不存在"))))))
A73: 9 | D73: =IF(OR(B73="",C73=""),"",ROUNDUP(C73*(1+(全局设置!$B$5-1)*全局设置!$B$6),0)) | E73: =IFERROR(VLOOKUP(B73,敌人目录!$A$6:$AD$54,13,FALSE),"") | F73: =IF(D73="","",D73*E73) | G73: =IF(F73="","",F73*全局设置!$B$7*全局设置!$F$14) | H73: =IF(G73="","",G73*全局设置!$B$5) | I73: =IF(AND(B73="",C73=""),"",IF(B73="","缺少敌人",IF(C73="","缺少数量",IF(OR(C73<1,C73>9999,C73<>INT(C73)),"数量无效",IF(COUNTIF($B$65:$B$82,B73)>1,"重复敌人",IFERROR(IF(VLOOKUP(B73,敌人目录!$A$6:$AD$54,27,FALSE)="可回读","可回读","敌人参数错误"),"敌人不存在"))))))
A74: 10 | D74: =IF(OR(B74="",C74=""),"",ROUNDUP(C74*(1+(全局设置!$B$5-1)*全局设置!$B$6),0)) | E74: =IFERROR(VLOOKUP(B74,敌人目录!$A$6:$AD$54,13,FALSE),"") | F74: =IF(D74="","",D74*E74) | G74: =IF(F74="","",F74*全局设置!$B$7*全局设置!$F$14) | H74: =IF(G74="","",G74*全局设置!$B$5) | I74: =IF(AND(B74="",C74=""),"",IF(B74="","缺少敌人",IF(C74="","缺少数量",IF(OR(C74<1,C74>9999,C74<>INT(C74)),"数量无效",IF(COUNTIF($B$65:$B$82,B74)>1,"重复敌人",IFERROR(IF(VLOOKUP(B74,敌人目录!$A$6:$AD$54,27,FALSE)="可回读","可回读","敌人参数错误"),"敌人不存在"))))))
A75: 11 | D75: =IF(OR(B75="",C75=""),"",ROUNDUP(C75*(1+(全局设置!$B$5-1)*全局设置!$B$6),0)) | E75: =IFERROR(VLOOKUP(B75,敌人目录!$A$6:$AD$54,13,FALSE),"") | F75: =IF(D75="","",D75*E75) | G75: =IF(F75="","",F75*全局设置!$B$7*全局设置!$F$14) | H75: =IF(G75="","",G75*全局设置!$B$5) | I75: =IF(AND(B75="",C75=""),"",IF(B75="","缺少敌人",IF(C75="","缺少数量",IF(OR(C75<1,C75>9999,C75<>INT(C75)),"数量无效",IF(COUNTIF($B$65:$B$82,B75)>1,"重复敌人",IFERROR(IF(VLOOKUP(B75,敌人目录!$A$6:$AD$54,27,FALSE)="可回读","可回读","敌人参数错误"),"敌人不存在"))))))
A76: 12 | D76: =IF(OR(B76="",C76=""),"",ROUNDUP(C76*(1+(全局设置!$B$5-1)*全局设置!$B$6),0)) | E76: =IFERROR(VLOOKUP(B76,敌人目录!$A$6:$AD$54,13,FALSE),"") | F76: =IF(D76="","",D76*E76) | G76: =IF(F76="","",F76*全局设置!$B$7*全局设置!$F$14) | H76: =IF(G76="","",G76*全局设置!$B$5) | I76: =IF(AND(B76="",C76=""),"",IF(B76="","缺少敌人",IF(C76="","缺少数量",IF(OR(C76<1,C76>9999,C76<>INT(C76)),"数量无效",IF(COUNTIF($B$65:$B$82,B76)>1,"重复敌人",IFERROR(IF(VLOOKUP(B76,敌人目录!$A$6:$AD$54,27,FALSE)="可回读","可回读","敌人参数错误"),"敌人不存在"))))))
... A82: 18 | D82: =IF(OR(B82="",C82=""),"",ROUNDUP(C82*(1+(全局设置!$B$5-1)*全局设置!$B$6),0)) | E82: =IFERROR(VLOOKUP(B82,敌人目录!$A$6:$AD$54,13,FALSE),"") | F82: =IF(D82="","",D82*E82) | G82: =IF(F82="","",F82*全局设置!$B$7*全局设置!$F$14) | H82: =IF(G82="","",G82*全局设置!$B$5) | I82: =IF(AND(B82="",C82=""),"",IF(B82="","缺少敌人",IF(C82="","缺少数量",IF(OR(C82<1,C82>9999,C82<>INT(C82)),"数量无效",IF(COUNTIF($B$65:$B$82,B82)>1,"重复敌人",IFERROR(IF(VLOOKUP(B82,敌人目录!$A$6:$AD$54,27,FALSE)="可回读","可回读","敌人参数错误"),"敌人不存在"))))))
A84: 基础总数 | B84: =SUM(C65:C82) -> 0 | C84: 实际总数 | D84: =SUM(D65:D82) -> 0 | E84: 最大息壤/玩家 | F84: =SUM(F65:F82) -> 0 | G84: 情景息壤/玩家 | H84: =SUM(G65:G82) -> 0
A85: 情景息壤/队伍 | B85: =SUM(H65:H82) -> 0 | C85: 情景收益 = 最大息壤 × 全局击杀率 × 第4日倍率；队伍值再乘模拟玩家数。 | D85: 情景收益 = 最大息壤 × 全局击杀率 × 第4日倍率；队伍值再乘模拟玩家数。 | E85: 情景收益 = 最大息壤 × 全局击杀率 × 第4日倍率；队伍值再乘模拟玩家数。 | F85: 情景收益 = 最大息壤 × 全局击杀率 × 第4日倍率；队伍值再乘模拟玩家数。 | G85: 情景收益 = 最大息壤 × 全局击杀率 × 第4日倍率；队伍值再乘模拟玩家数。 | H85: 情景收益 = 最大息壤 × 全局击杀率 × 第4日倍率；队伍值再乘模拟玩家数。 | I85: 情景收益 = 最大息壤 × 全局击杀率 × 第4日倍率；队伍值再乘模拟玩家数。
A89: 第 16 波｜第 4 日·4/4｜夜晚｜待设计 | B89: 第 16 波｜第 4 日·4/4｜夜晚｜待设计 | C89: 第 16 波｜第 4 日·4/4｜夜晚｜待设计 | D89: 第 16 波｜第 4 日·4/4｜夜晚｜待设计 | E89: 第 16 波｜第 4 日·4/4｜夜晚｜待设计 | F89: 第 16 波｜第 4 日·4/4｜夜晚｜待设计 | G89: 第 16 波｜第 4 日·4/4｜夜晚｜待设计 | H89: 第 16 波｜第 4 日·4/4｜夜晚｜待设计 | I89: 第 16 波｜第 4 日·4/4｜夜晚｜待设计
A90: 波次名称 | B90: 第16波（待设计） | C90: 第16波（待设计） | D90: 出生间隔(s) | E90: 0.22 | F90: 每Tick | G90: 1 | H90: 存活上限 | I90: 300
A91: 出生点 | B91: 点1·开启 | C91: 点2·开启 | D91: 点3·开启 | E91: 点4·开启 | F91: 点5·开启 | G91: 点6·开启 | H91: 波次校验 | I91: =IF(COUNTA(B94:B111)=0,"待设计",IF(COUNTIF(I94:I111,"可回读")=COUNTA(B94:B111),"可回读","需修正")) -> 待设计
A92: 仅编辑蓝色列。敌人数值、固定息壤与掉落统一在“敌人目录”维护；本页按实际数量逐项精确结算息壤。 | B92: 仅编辑蓝色列。敌人数值、固定息壤与掉落统一在“敌人目录”维护；本页按实际数量逐项精确结算息壤。 | C92: 仅编辑蓝色列。敌人数值、固定息壤与掉落统一在“敌人目录”维护；本页按实际数量逐项精确结算息壤。 | D92: 仅编辑蓝色列。敌人数值、固定息壤与掉落统一在“敌人目录”维护；本页按实际数量逐项精确结算息壤。 | E92: 仅编辑蓝色列。敌人数值、固定息壤与掉落统一在“敌人目录”维护；本页按实际数量逐项精确结算息壤。 | F92: 仅编辑蓝色列。敌人数值、固定息壤与掉落统一在“敌人目录”维护；本页按实际数量逐项精确结算息壤。 | G92: 仅编辑蓝色列。敌人数值、固定息壤与掉落统一在“敌人目录”维护；本页按实际数量逐项精确结算息壤。 | H92: 仅编辑蓝色列。敌人数值、固定息壤与掉落统一在“敌人目录”维护；本页按实际数量逐项精确结算息壤。 | I92: 仅编辑蓝色列。敌人数值、固定息壤与掉落统一在“敌人目录”维护；本页按实际数量逐项精确结算息壤。
A93: 槽位 | B93: 敌人（下拉选择） | C93: 基础数量 | D93: 实际数量 | E93: 息壤/击杀 | F93: 本项最大息壤/玩家 | G93: 本项情景息壤/玩家 | H93: 本项情景息壤/队伍 | I93: 校验
A94: 1 | D94: =IF(OR(B94="",C94=""),"",ROUNDUP(C94*(1+(全局设置!$B$5-1)*全局设置!$B$6),0)) | E94: =IFERROR(VLOOKUP(B94,敌人目录!$A$6:$AD$54,13,FALSE),"") | F94: =IF(D94="","",D94*E94) | G94: =IF(F94="","",F94*全局设置!$B$7*全局设置!$F$14) | H94: =IF(G94="","",G94*全局设置!$B$5) | I94: =IF(AND(B94="",C94=""),"",IF(B94="","缺少敌人",IF(C94="","缺少数量",IF(OR(C94<1,C94>9999,C94<>INT(C94)),"数量无效",IF(COUNTIF($B$94:$B$111,B94)>1,"重复敌人",IFERROR(IF(VLOOKUP(B94,敌人目录!$A$6:$AD$54,27,FALSE)="可回读","可回读","敌人参数错误"),"敌人不存在"))))))
A95: 2 | D95: =IF(OR(B95="",C95=""),"",ROUNDUP(C95*(1+(全局设置!$B$5-1)*全局设置!$B$6),0)) | E95: =IFERROR(VLOOKUP(B95,敌人目录!$A$6:$AD$54,13,FALSE),"") | F95: =IF(D95="","",D95*E95) | G95: =IF(F95="","",F95*全局设置!$B$7*全局设置!$F$14) | H95: =IF(G95="","",G95*全局设置!$B$5) | I95: =IF(AND(B95="",C95=""),"",IF(B95="","缺少敌人",IF(C95="","缺少数量",IF(OR(C95<1,C95>9999,C95<>INT(C95)),"数量无效",IF(COUNTIF($B$94:$B$111,B95)>1,"重复敌人",IFERROR(IF(VLOOKUP(B95,敌人目录!$A$6:$AD$54,27,FALSE)="可回读","可回读","敌人参数错误"),"敌人不存在"))))))
A96: 3 | D96: =IF(OR(B96="",C96=""),"",ROUNDUP(C96*(1+(全局设置!$B$5-1)*全局设置!$B$6),0)) | E96: =IFERROR(VLOOKUP(B96,敌人目录!$A$6:$AD$54,13,FALSE),"") | F96: =IF(D96="","",D96*E96) | G96: =IF(F96="","",F96*全局设置!$B$7*全局设置!$F$14) | H96: =IF(G96="","",G96*全局设置!$B$5) | I96: =IF(AND(B96="",C96=""),"",IF(B96="","缺少敌人",IF(C96="","缺少数量",IF(OR(C96<1,C96>9999,C96<>INT(C96)),"数量无效",IF(COUNTIF($B$94:$B$111,B96)>1,"重复敌人",IFERROR(IF(VLOOKUP(B96,敌人目录!$A$6:$AD$54,27,FALSE)="可回读","可回读","敌人参数错误"),"敌人不存在"))))))
A97: 4 | D97: =IF(OR(B97="",C97=""),"",ROUNDUP(C97*(1+(全局设置!$B$5-1)*全局设置!$B$6),0)) | E97: =IFERROR(VLOOKUP(B97,敌人目录!$A$6:$AD$54,13,FALSE),"") | F97: =IF(D97="","",D97*E97) | G97: =IF(F97="","",F97*全局设置!$B$7*全局设置!$F$14) | H97: =IF(G97="","",G97*全局设置!$B$5) | I97: =IF(AND(B97="",C97=""),"",IF(B97="","缺少敌人",IF(C97="","缺少数量",IF(OR(C97<1,C97>9999,C97<>INT(C97)),"数量无效",IF(COUNTIF($B$94:$B$111,B97)>1,"重复敌人",IFERROR(IF(VLOOKUP(B97,敌人目录!$A$6:$AD$54,27,FALSE)="可回读","可回读","敌人参数错误"),"敌人不存在"))))))
A98: 5 | D98: =IF(OR(B98="",C98=""),"",ROUNDUP(C98*(1+(全局设置!$B$5-1)*全局设置!$B$6),0)) | E98: =IFERROR(VLOOKUP(B98,敌人目录!$A$6:$AD$54,13,FALSE),"") | F98: =IF(D98="","",D98*E98) | G98: =IF(F98="","",F98*全局设置!$B$7*全局设置!$F$14) | H98: =IF(G98="","",G98*全局设置!$B$5) | I98: =IF(AND(B98="",C98=""),"",IF(B98="","缺少敌人",IF(C98="","缺少数量",IF(OR(C98<1,C98>9999,C98<>INT(C98)),"数量无效",IF(COUNTIF($B$94:$B$111,B98)>1,"重复敌人",IFERROR(IF(VLOOKUP(B98,敌人目录!$A$6:$AD$54,27,FALSE)="可回读","可回读","敌人参数错误"),"敌人不存在"))))))
A99: 6 | D99: =IF(OR(B99="",C99=""),"",ROUNDUP(C99*(1+(全局设置!$B$5-1)*全局设置!$B$6),0)) | E99: =IFERROR(VLOOKUP(B99,敌人目录!$A$6:$AD$54,13,FALSE),"") | F99: =IF(D99="","",D99*E99) | G99: =IF(F99="","",F99*全局设置!$B$7*全局设置!$F$14) | H99: =IF(G99="","",G99*全局设置!$B$5) | I99: =IF(AND(B99="",C99=""),"",IF(B99="","缺少敌人",IF(C99="","缺少数量",IF(OR(C99<1,C99>9999,C99<>INT(C99)),"数量无效",IF(COUNTIF($B$94:$B$111,B99)>1,"重复敌人",IFERROR(IF(VLOOKUP(B99,敌人目录!$A$6:$AD$54,27,FALSE)="可回读","可回读","敌人参数错误"),"敌人不存在"))))))
A100: 7 | D100: =IF(OR(B100="",C100=""),"",ROUNDUP(C100*(1+(全局设置!$B$5-1)*全局设置!$B$6),0)) | E100: =IFERROR(VLOOKUP(B100,敌人目录!$A$6:$AD$54,13,FALSE),"") | F100: =IF(D100="","",D100*E100) | G100: =IF(F100="","",F100*全局设置!$B$7*全局设置!$F$14) | H100: =IF(G100="","",G100*全局设置!$B$5) | I100: =IF(AND(B100="",C100=""),"",IF(B100="","缺少敌人",IF(C100="","缺少数量",IF(OR(C100<1,C100>9999,C100<>INT(C100)),"数量无效",IF(COUNTIF($B$94:$B$111,B100)>1,"重复敌人",IFERROR(IF(VLOOKUP(B100,敌人目录!$A$6:$AD$54,27,FALSE)="可回读","可回读","敌人参数错误"),"敌人不存在"))))))
A101: 8 | D101: =IF(OR(B101="",C101=""),"",ROUNDUP(C101*(1+(全局设置!$B$5-1)*全局设置!$B$6),0)) | E101: =IFERROR(VLOOKUP(B101,敌人目录!$A$6:$AD$54,13,FALSE),"") | F101: =IF(D101="","",D101*E101) | G101: =IF(F101="","",F101*全局设置!$B$7*全局设置!$F$14) | H101: =IF(G101="","",G101*全局设置!$B$5) | I101: =IF(AND(B101="",C101=""),"",IF(B101="","缺少敌人",IF(C101="","缺少数量",IF(OR(C101<1,C101>9999,C101<>INT(C101)),"数量无效",IF(COUNTIF($B$94:$B$111,B101)>1,"重复敌人",IFERROR(IF(VLOOKUP(B101,敌人目录!$A$6:$AD$54,27,FALSE)="可回读","可回读","敌人参数错误"),"敌人不存在"))))))
A102: 9 | D102: =IF(OR(B102="",C102=""),"",ROUNDUP(C102*(1+(全局设置!$B$5-1)*全局设置!$B$6),0)) | E102: =IFERROR(VLOOKUP(B102,敌人目录!$A$6:$AD$54,13,FALSE),"") | F102: =IF(D102="","",D102*E102) | G102: =IF(F102="","",F102*全局设置!$B$7*全局设置!$F$14) | H102: =IF(G102="","",G102*全局设置!$B$5) | I102: =IF(AND(B102="",C102=""),"",IF(B102="","缺少敌人",IF(C102="","缺少数量",IF(OR(C102<1,C102>9999,C102<>INT(C102)),"数量无效",IF(COUNTIF($B$94:$B$111,B102)>1,"重复敌人",IFERROR(IF(VLOOKUP(B102,敌人目录!$A$6:$AD$54,27,FALSE)="可回读","可回读","敌人参数错误"),"敌人不存在"))))))
A103: 10 | D103: =IF(OR(B103="",C103=""),"",ROUNDUP(C103*(1+(全局设置!$B$5-1)*全局设置!$B$6),0)) | E103: =IFERROR(VLOOKUP(B103,敌人目录!$A$6:$AD$54,13,FALSE),"") | F103: =IF(D103="","",D103*E103) | G103: =IF(F103="","",F103*全局设置!$B$7*全局设置!$F$14) | H103: =IF(G103="","",G103*全局设置!$B$5) | I103: =IF(AND(B103="",C103=""),"",IF(B103="","缺少敌人",IF(C103="","缺少数量",IF(OR(C103<1,C103>9999,C103<>INT(C103)),"数量无效",IF(COUNTIF($B$94:$B$111,B103)>1,"重复敌人",IFERROR(IF(VLOOKUP(B103,敌人目录!$A$6:$AD$54,27,FALSE)="可回读","可回读","敌人参数错误"),"敌人不存在"))))))
A104: 11 | D104: =IF(OR(B104="",C104=""),"",ROUNDUP(C104*(1+(全局设置!$B$5-1)*全局设置!$B$6),0)) | E104: =IFERROR(VLOOKUP(B104,敌人目录!$A$6:$AD$54,13,FALSE),"") | F104: =IF(D104="","",D104*E104) | G104: =IF(F104="","",F104*全局设置!$B$7*全局设置!$F$14) | H104: =IF(G104="","",G104*全局设置!$B$5) | I104: =IF(AND(B104="",C104=""),"",IF(B104="","缺少敌人",IF(C104="","缺少数量",IF(OR(C104<1,C104>9999,C104<>INT(C104)),"数量无效",IF(COUNTIF($B$94:$B$111,B104)>1,"重复敌人",IFERROR(IF(VLOOKUP(B104,敌人目录!$A$6:$AD$54,27,FALSE)="可回读","可回读","敌人参数错误"),"敌人不存在"))))))
A105: 12 | D105: =IF(OR(B105="",C105=""),"",ROUNDUP(C105*(1+(全局设置!$B$5-1)*全局设置!$B$6),0)) | E105: =IFERROR(VLOOKUP(B105,敌人目录!$A$6:$AD$54,13,FALSE),"") | F105: =IF(D105="","",D105*E105) | G105: =IF(F105="","",F105*全局设置!$B$7*全局设置!$F$14) | H105: =IF(G105="","",G105*全局设置!$B$5) | I105: =IF(AND(B105="",C105=""),"",IF(B105="","缺少敌人",IF(C105="","缺少数量",IF(OR(C105<1,C105>9999,C105<>INT(C105)),"数量无效",IF(COUNTIF($B$94:$B$111,B105)>1,"重复敌人",IFERROR(IF(VLOOKUP(B105,敌人目录!$A$6:$AD$54,27,FALSE)="可回读","可回读","敌人参数错误"),"敌人不存在"))))))
... A111: 18 | D111: =IF(OR(B111="",C111=""),"",ROUNDUP(C111*(1+(全局设置!$B$5-1)*全局设置!$B$6),0)) | E111: =IFERROR(VLOOKUP(B111,敌人目录!$A$6:$AD$54,13,FALSE),"") | F111: =IF(D111="","",D111*E111) | G111: =IF(F111="","",F111*全局设置!$B$7*全局设置!$F$14) | H111: =IF(G111="","",G111*全局设置!$B$5) | I111: =IF(AND(B111="",C111=""),"",IF(B111="","缺少敌人",IF(C111="","缺少数量",IF(OR(C111<1,C111>9999,C111<>INT(C111)),"数量无效",IF(COUNTIF($B$94:$B$111,B111)>1,"重复敌人",IFERROR(IF(VLOOKUP(B111,敌人目录!$A$6:$AD$54,27,FALSE)="可回读","可回读","敌人参数错误"),"敌人不存在"))))))
A113: 基础总数 | B113: =SUM(C94:C111) -> 0 | C113: 实际总数 | D113: =SUM(D94:D111) -> 0 | E113: 最大息壤/玩家 | F113: =SUM(F94:F111) -> 0 | G113: 情景息壤/玩家 | H113: =SUM(G94:G111) -> 0
A114: 情景息壤/队伍 | B114: =SUM(H94:H111) -> 0 | C114: 情景收益 = 最大息壤 × 全局击杀率 × 第4日倍率；队伍值再乘模拟玩家数。 | D114: 情景收益 = 最大息壤 × 全局击杀率 × 第4日倍率；队伍值再乘模拟玩家数。 | E114: 情景收益 = 最大息壤 × 全局击杀率 × 第4日倍率；队伍值再乘模拟玩家数。 | F114: 情景收益 = 最大息壤 × 全局击杀率 × 第4日倍率；队伍值再乘模拟玩家数。 | G114: 情景收益 = 最大息壤 × 全局击杀率 × 第4日倍率；队伍值再乘模拟玩家数。 | H114: 情景收益 = 最大息壤 × 全局击杀率 × 第4日倍率；队伍值再乘模拟玩家数。 | I114: 情景收益 = 最大息壤 × 全局击杀率 × 第4日倍率；队伍值再乘模拟玩家数。

Sheet 敌人目录
A1: 敌人目录｜49 个普通波次敌人的全局固定配置 | B1: 敌人目录｜49 个普通波次敌人的全局固定配置 | C1: 敌人目录｜49 个普通波次敌人的全局固定配置 | D1: 敌人目录｜49 个普通波次敌人的全局固定配置 | E1: 敌人目录｜49 个普通波次敌人的全局固定配置 | F1: 敌人目录｜49 个普通波次敌人的全局固定配置 | G1: 敌人目录｜49 个普通波次敌人的全局固定配置 | H1: 敌人目录｜49 个普通波次敌人的全局固定配置 | I1: 敌人目录｜49 个普通波次敌人的全局固定配置 | J1: 敌人目录｜49 个普通波次敌人的全局固定配置 | K1: 敌人目录｜49 个普通波次敌人的全局固定配置 | L1: 敌人目录｜49 个普通波次敌人的全局固定配置 | M1: 敌人目录｜49 个普通波次敌人的全局固定配置 | N1: 敌人目录｜49 个普通波次敌人的全局固定配置 | O1: 敌人目录｜49 个普通波次敌人的全局固定配置 | P1: 敌人目录｜49 个普通波次敌人的全局固定配置 | Q1: 敌人目录｜49 个普通波次敌人的全局固定配置 | R1: 敌人目录｜49 个普通波次敌人的全局固定配置 | S1: 敌人目录｜49 个普通波次敌人的全局固定配置 | T1: 敌人目录｜49 个普通波次敌人的全局固定配置 | U1: 敌人目录｜49 个普通波次敌人的全局固定配置 | V1: 敌人目录｜49 个普通波次敌人的全局固定配置 | W1: 敌人目录｜49 个普通波次敌人的全局固定配置 | X1: 敌人目录｜49 个普通波次敌人的全局固定配置 | Y1: 敌人目录｜49 个普通波次敌人的全局固定配置 | Z1: 敌人目录｜49 个普通波次敌人的全局固定配置 | AA1: 敌人目录｜49 个普通波次敌人的全局固定配置 | AB1: 敌人目录｜49 个普通波次敌人的全局固定配置 | AC1: 敌人目录｜49 个普通波次敌人的全局固定配置 | AD1: 敌人目录｜49 个普通波次敌人的全局固定配置
A2: 蓝色、金色、绿色与紫色区域均可编辑。每种敌人的数值、息壤和掉落只在此处定义一次，并由所有波次共同引用；波次页不再提供覆盖值。 | B2: 蓝色、金色、绿色与紫色区域均可编辑。每种敌人的数值、息壤和掉落只在此处定义一次，并由所有波次共同引用；波次页不再提供覆盖值。 | C2: 蓝色、金色、绿色与紫色区域均可编辑。每种敌人的数值、息壤和掉落只在此处定义一次，并由所有波次共同引用；波次页不再提供覆盖值。 | D2: 蓝色、金色、绿色与紫色区域均可编辑。每种敌人的数值、息壤和掉落只在此处定义一次，并由所有波次共同引用；波次页不再提供覆盖值。 | E2: 蓝色、金色、绿色与紫色区域均可编辑。每种敌人的数值、息壤和掉落只在此处定义一次，并由所有波次共同引用；波次页不再提供覆盖值。 | F2: 蓝色、金色、绿色与紫色区域均可编辑。每种敌人的数值、息壤和掉落只在此处定义一次，并由所有波次共同引用；波次页不再提供覆盖值。 | G2: 蓝色、金色、绿色与紫色区域均可编辑。每种敌人的数值、息壤和掉落只在此处定义一次，并由所有波次共同引用；波次页不再提供覆盖值。 | H2: 蓝色、金色、绿色与紫色区域均可编辑。每种敌人的数值、息壤和掉落只在此处定义一次，并由所有波次共同引用；波次页不再提供覆盖值。 | I2: 蓝色、金色、绿色与紫色区域均可编辑。每种敌人的数值、息壤和掉落只在此处定义一次，并由所有波次共同引用；波次页不再提供覆盖值。 | J2: 蓝色、金色、绿色与紫色区域均可编辑。每种敌人的数值、息壤和掉落只在此处定义一次，并由所有波次共同引用；波次页不再提供覆盖值。 | K2: 蓝色、金色、绿色与紫色区域均可编辑。每种敌人的数值、息壤和掉落只在此处定义一次，并由所有波次共同引用；波次页不再提供覆盖值。 | L2: 蓝色、金色、绿色与紫色区域均可编辑。每种敌人的数值、息壤和掉落只在此处定义一次，并由所有波次共同引用；波次页不再提供覆盖值。 | M2: 蓝色、金色、绿色与紫色区域均可编辑。每种敌人的数值、息壤和掉落只在此处定义一次，并由所有波次共同引用；波次页不再提供覆盖值。 | N2: 蓝色、金色、绿色与紫色区域均可编辑。每种敌人的数值、息壤和掉落只在此处定义一次，并由所有波次共同引用；波次页不再提供覆盖值。 | O2: 蓝色、金色、绿色与紫色区域均可编辑。每种敌人的数值、息壤和掉落只在此处定义一次，并由所有波次共同引用；波次页不再提供覆盖值。 | P2: 蓝色、金色、绿色与紫色区域均可编辑。每种敌人的数值、息壤和掉落只在此处定义一次，并由所有波次共同引用；波次页不再提供覆盖值。 | Q2: 蓝色、金色、绿色与紫色区域均可编辑。每种敌人的数值、息壤和掉落只在此处定义一次，并由所有波次共同引用；波次页不再提供覆盖值。 | R2: 蓝色、金色、绿色与紫色区域均可编辑。每种敌人的数值、息壤和掉落只在此处定义一次，并由所有波次共同引用；波次页不再提供覆盖值。 | S2: 蓝色、金色、绿色与紫色区域均可编辑。每种敌人的数值、息壤和掉落只在此处定义一次，并由所有波次共同引用；波次页不再提供覆盖值。 | T2: 蓝色、金色、绿色与紫色区域均可编辑。每种敌人的数值、息壤和掉落只在此处定义一次，并由所有波次共同引用；波次页不再提供覆盖值。 | U2: 蓝色、金色、绿色与紫色区域均可编辑。每种敌人的数值、息壤和掉落只在此处定义一次，并由所有波次共同引用；波次页不再提供覆盖值。 | V2: 蓝色、金色、绿色与紫色区域均可编辑。每种敌人的数值、息壤和掉落只在此处定义一次，并由所有波次共同引用；波次页不再提供覆盖值。 | W2: 蓝色、金色、绿色与紫色区域均可编辑。每种敌人的数值、息壤和掉落只在此处定义一次，并由所有波次共同引用；波次页不再提供覆盖值。 | X2: 蓝色、金色、绿色与紫色区域均可编辑。每种敌人的数值、息壤和掉落只在此处定义一次，并由所有波次共同引用；波次页不再提供覆盖值。 | Y2: 蓝色、金色、绿色与紫色区域均可编辑。每种敌人的数值、息壤和掉落只在此处定义一次，并由所有波次共同引用；波次页不再提供覆盖值。 | Z2: 蓝色、金色、绿色与紫色区域均可编辑。每种敌人的数值、息壤和掉落只在此处定义一次，并由所有波次共同引用；波次页不再提供覆盖值。 | AA2: 蓝色、金色、绿色与紫色区域均可编辑。每种敌人的数值、息壤和掉落只在此处定义一次，并由所有波次共同引用；波次页不再提供覆盖值。 | AB2: 蓝色、金色、绿色与紫色区域均可编辑。每种敌人的数值、息壤和掉落只在此处定义一次，并由所有波次共同引用；波次页不再提供覆盖值。 | AC2: 蓝色、金色、绿色与紫色区域均可编辑。每种敌人的数值、息壤和掉落只在此处定义一次，并由所有波次共同引用；波次页不再提供覆盖值。 | AD2: 蓝色、金色、绿色与紫色区域均可编辑。每种敌人的数值、息壤和掉落只在此处定义一次，并由所有波次共同引用；波次页不再提供覆盖值。
A4: 身份与引用｜只读 | B4: 身份与引用｜只读 | C4: 身份与引用｜只读 | D4: 身份与引用｜只读 | E4: 身份与引用｜只读 | F4: 身份与引用｜只读 | G4: 战斗数值｜可编辑 | H4: 战斗数值｜可编辑 | I4: 战斗数值｜可编辑 | J4: 战斗数值｜可编辑 | K4: 战斗数值｜可编辑 | L4: 战斗数值｜可编辑 | M4: 击杀奖励｜可编辑 | N4: 自动计算 | O4: 材料掉落概率｜每次击杀独立判定 | P4: 材料掉落概率｜每次击杀独立判定 | Q4: 材料掉落概率｜每次击杀独立判定 | R4: 材料掉落概率｜每次击杀独立判定 | S4: 材料掉落概率｜每次击杀独立判定 | T4: 材料掉落概率｜每次击杀独立判定 | U4: 材料掉落概率｜每次击杀独立判定 | V4: 功能道具掉落概率｜每次击杀独立判定 | W4: 功能道具掉落概率｜每次击杀独立判定 | X4: 功能道具掉落概率｜每次击杀独立判定 | Y4: 功能道具掉落概率｜每次击杀独立判定 | Z4: 功能道具掉落概率｜每次击杀独立判定 | AA4: 校验与来源｜只读 | AB4: 校验与来源｜只读 | AC4: 校验与来源｜只读 | AD4: 校验与来源｜只读
A5: 下拉名称 | B5: 稳定ID | C5: 名称 | D5: 家族 | E5: 等级 | F5: 正式波次已使用 | G5: 生命 | H5: 攻击 | I5: 物理防御 | J5: 法术防御 | K5: 移速 | L5: Home伤害 | M5: 息壤/击杀 | N5: 掉落期望/击杀 | O5: 木头 | P5: 白色水晶 | Q5: 树苗 | R5: 卡普蓝晶 | S5: 术士紫晶粉 | T5: 凝胶 | U5: 小石块 | V5: 移速道具 | W5: 射速道具 | X5: 天妇罗道具 | Y5: 生命药瓶 | Z5: 雪狼破军 | AA5: 行校验 | AB5: 类别标签 | AC5: 配置路径 | AD5: 场景路径
A6: 普通原石虫 | B6: yuanshi_insect_basic | C6: 普通原石虫 | D6: 原石虫 | E6: 普通 | F6: 是 | G6: 40 | H6: 10 | I6: 0 | J6: 0 | K6: 20 | L6: 1 | M6: 1 | N6: =SUM(O6:Z6) -> 0.05 | O6: 0.02 | P6: 0.002 | Q6: 0.01 | R6: 0 | S6: 0 | T6: 0 | U6: 0 | V6: 0.004 | W6: 0.004 | X6: 0.004 | Y6: 0.004 | Z6: 0.002 | AA6: =IF(OR(G6<1,G6<>INT(G6)),"生命无效",IF(OR(H6<0,H6<>INT(H6)),"攻击无效",IF(OR(I6<0,I6<>INT(I6)),"物防无效",IF(OR(J6<0,J6>100,J6<>INT(J6)),"法防无效",IF(OR(K6<0,K6>1000),"移速无效",IF(OR(L6<1,L6<>INT(L6)),"Home伤害无效",IF(OR(M6<0,M6<>INT(M6)),"息壤无效",IF(OR(MIN(O6:Z6)<0,MAX(O6:Z6)>1),"掉落概率无效","可回读")))))))) -> 可回读 | AB6: yuanshi_insect | AC6: res://resources/config/enemies/yuanshi_insect_basic.tres | AD6: res://scene/enemy/yuanshi_insect/yuanshi_insect_basic.tscn
A7: 硬壳原石虫 | B7: yuanshi_insect_shell | C7: 硬壳原石虫 | D7: 原石虫 | E7: 普通 | F7: 是 | G7: 140 | H7: 14 | I7: 3 | J7: 0 | K7: 20 | L7: 1 | M7: 2 | N7: =SUM(O7:Z7) -> 0.05 | O7: 0.02 | P7: 0.002 | Q7: 0.01 | R7: 0 | S7: 0 | T7: 0 | U7: 0 | V7: 0.004 | W7: 0.004 | X7: 0.004 | Y7: 0.004 | Z7: 0.002 | AA7: =IF(OR(G7<1,G7<>INT(G7)),"生命无效",IF(OR(H7<0,H7<>INT(H7)),"攻击无效",IF(OR(I7<0,I7<>INT(I7)),"物防无效",IF(OR(J7<0,J7>100,J7<>INT(J7)),"法防无效",IF(OR(K7<0,K7>1000),"移速无效",IF(OR(L7<1,L7<>INT(L7)),"Home伤害无效",IF(OR(M7<0,M7<>INT(M7)),"息壤无效",IF(OR(MIN(O7:Z7)<0,MAX(O7:Z7)>1),"掉落概率无效","可回读")))))))) -> 可回读 | AB7: yuanshi_insect | AC7: res://resources/config/enemies/yuanshi_insect_shell.tres | AD7: res://scene/enemy/yuanshi_insect/yuanshi_insect_shell.tscn
A8: 迅捷原石虫 | B8: yuanshi_insect_fast | C8: 迅捷原石虫 | D8: 原石虫 | E8: 普通 | F8: 是 | G8: 35 | H8: 10 | I8: 0 | J8: 0 | K8: 40 | L8: 1 | M8: 1 | N8: =SUM(O8:Z8) -> 0.05 | O8: 0.02 | P8: 0.002 | Q8: 0.01 | R8: 0 | S8: 0 | T8: 0 | U8: 0 | V8: 0.004 | W8: 0.004 | X8: 0.004 | Y8: 0.004 | Z8: 0.002 | AA8: =IF(OR(G8<1,G8<>INT(G8)),"生命无效",IF(OR(H8<0,H8<>INT(H8)),"攻击无效",IF(OR(I8<0,I8<>INT(I8)),"物防无效",IF(OR(J8<0,J8>100,J8<>INT(J8)),"法防无效",IF(OR(K8<0,K8>1000),"移速无效",IF(OR(L8<1,L8<>INT(L8)),"Home伤害无效",IF(OR(M8<0,M8<>INT(M8)),"息壤无效",IF(OR(MIN(O8:Z8)<0,MAX(O8:Z8)>1),"掉落概率无效","可回读")))))))) -> 可回读 | AB8: yuanshi_insect | AC8: res://resources/config/enemies/yuanshi_insect_fast.tres | AD8: res://scene/enemy/yuanshi_insect/yuanshi_insect_fast.tscn
A9: 自爆原石虫 | B9: yuanshi_insect_bomber | C9: 自爆原石虫 | D9: 原石虫 | E9: 普通 | F9: 是 | G9: 30 | H9: 10 | I9: 0 | J9: 0 | K9: 18 | L9: 1 | M9: 1 | N9: =SUM(O9:Z9) -> 0.05 | O9: 0.02 | P9: 0.002 | Q9: 0.01 | R9: 0 | S9: 0 | T9: 0 | U9: 0 | V9: 0.004 | W9: 0.004 | X9: 0.004 | Y9: 0.004 | Z9: 0.002 | AA9: =IF(OR(G9<1,G9<>INT(G9)),"生命无效",IF(OR(H9<0,H9<>INT(H9)),"攻击无效",IF(OR(I9<0,I9<>INT(I9)),"物防无效",IF(OR(J9<0,J9>100,J9<>INT(J9)),"法防无效",IF(OR(K9<0,K9>1000),"移速无效",IF(OR(L9<1,L9<>INT(L9)),"Home伤害无效",IF(OR(M9<0,M9<>INT(M9)),"息壤无效",IF(OR(MIN(O9:Z9)<0,MAX(O9:Z9)>1),"掉落概率无效","可回读")))))))) -> 可回读 | AB9: yuanshi_insect | AC9: res://resources/config/enemies/yuanshi_insect_bomber.tres | AD9: res://scene/enemy/yuanshi_insect/yuanshi_insect_bomber.tscn
A10: 紫晶自爆原石虫 | B10: yuanshi_insect_purple_bomber | C10: 紫晶自爆原石虫 | D10: 原石虫 | E10: 普通 | F10: 是 | G10: 40 | H10: 10 | I10: 0 | J10: 0 | K10: 32 | L10: 1 | M10: 2 | N10: =SUM(O10:Z10) -> 0.05 | O10: 0.02 | P10: 0.002 | Q10: 0.01 | R10: 0 | S10: 0 | T10: 0 | U10: 0 | V10: 0.004 | W10: 0.004 | X10: 0.004 | Y10: 0.004 | Z10: 0.002 | AA10: =IF(OR(G10<1,G10<>INT(G10)),"生命无效",IF(OR(H10<0,H10<>INT(H10)),"攻击无效",IF(OR(I10<0,I10<>INT(I10)),"物防无效",IF(OR(J10<0,J10>100,J10<>INT(J10)),"法防无效",IF(OR(K10<0,K10>1000),"移速无效",IF(OR(L10<1,L10<>INT(L10)),"Home伤害无效",IF(OR(M10<0,M10<>INT(M10)),"息壤无效",IF(OR(MIN(O10:Z10)<0,MAX(O10:Z10)>1),"掉落概率无效","可回读")))))))) -> 可回读 | AB10: yuanshi_insect | AC10: res://resources/config/enemies/yuanshi_insect_purple_bomber.tres | AD10: res://scene/enemy/yuanshi_insect/yuanshi_insect_purple_bomber.tscn
A11: 翠壳原石虫 | B11: yuanshi_insect_green_shell | C11: 翠壳原石虫 | D11: 原石虫 | E11: 普通 | F11: 是 | G11: 200 | H11: 20 | I11: 5 | J11: 0 | K11: 15 | L11: 1 | M11: 2 | N11: =SUM(O11:Z11) -> 0.05 | O11: 0.02 | P11: 0.002 | Q11: 0.01 | R11: 0 | S11: 0 | T11: 0 | U11: 0 | V11: 0.004 | W11: 0.004 | X11: 0.004 | Y11: 0.004 | Z11: 0.002 | AA11: =IF(OR(G11<1,G11<>INT(G11)),"生命无效",IF(OR(H11<0,H11<>INT(H11)),"攻击无效",IF(OR(I11<0,I11<>INT(I11)),"物防无效",IF(OR(J11<0,J11>100,J11<>INT(J11)),"法防无效",IF(OR(K11<0,K11>1000),"移速无效",IF(OR(L11<1,L11<>INT(L11)),"Home伤害无效",IF(OR(M11<0,M11<>INT(M11)),"息壤无效",IF(OR(MIN(O11:Z11)<0,MAX(O11:Z11)>1),"掉落概率无效","可回读")))))))) -> 可回读 | AB11: yuanshi_insect | AC11: res://resources/config/enemies/yuanshi_insect_green_shell.tres | AD11: res://scene/enemy/yuanshi_insect/yuanshi_insect_green_shell.tscn
A12: 火焰弹原石虫 | B12: yuanshi_insect_fire_ranged | C12: 火焰弹原石虫 | D12: 原石虫 | E12: 普通 | F12: 是 | G12: 40 | H12: 25 | I12: 0 | J12: 0 | K12: 22 | L12: 1 | M12: 1 | N12: =SUM(O12:Z12) -> 0.05 | O12: 0.02 | P12: 0.002 | Q12: 0.01 | R12: 0 | S12: 0 | T12: 0 | U12: 0 | V12: 0.004 | W12: 0.004 | X12: 0.004 | Y12: 0.004 | Z12: 0.002 | AA12: =IF(OR(G12<1,G12<>INT(G12)),"生命无效",IF(OR(H12<0,H12<>INT(H12)),"攻击无效",IF(OR(I12<0,I12<>INT(I12)),"物防无效",IF(OR(J12<0,J12>100,J12<>INT(J12)),"法防无效",IF(OR(K12<0,K12>1000),"移速无效",IF(OR(L12<1,L12<>INT(L12)),"Home伤害无效",IF(OR(M12<0,M12<>INT(M12)),"息壤无效",IF(OR(MIN(O12:Z12)<0,MAX(O12:Z12)>1),"掉落概率无效","可回读")))))))) -> 可回读 | AB12: yuanshi_insect | AC12: res://resources/config/enemies/yuanshi_insect_fire_ranged.tres | AD12: res://scene/enemy/yuanshi_insect/yuanshi_insect_fire_ranged.tscn
A13: 守护者原石虫 | B13: yuanshi_insect_guardian | C13: 守护者原石虫 | D13: 原石虫 | E13: 普通 | F13: 是 | G13: 150 | H13: 10 | I13: 5 | J13: 0 | K13: 20 | L13: 1 | M13: 2 | N13: =SUM(O13:Z13) -> 0.05 | O13: 0.02 | P13: 0.002 | Q13: 0.01 | R13: 0 | S13: 0 | T13: 0 | U13: 0 | V13: 0.004 | W13: 0.004 | X13: 0.004 | Y13: 0.004 | Z13: 0.002 | AA13: =IF(OR(G13<1,G13<>INT(G13)),"生命无效",IF(OR(H13<0,H13<>INT(H13)),"攻击无效",IF(OR(I13<0,I13<>INT(I13)),"物防无效",IF(OR(J13<0,J13>100,J13<>INT(J13)),"法防无效",IF(OR(K13<0,K13>1000),"移速无效",IF(OR(L13<1,L13<>INT(L13)),"Home伤害无效",IF(OR(M13<0,M13<>INT(M13)),"息壤无效",IF(OR(MIN(O13:Z13)<0,MAX(O13:Z13)>1),"掉落概率无效","可回读")))))))) -> 可回读 | AB13: yuanshi_insect | AC13: res://resources/config/enemies/yuanshi_insect_guardian.tres | AD13: res://scene/enemy/yuanshi_insect/yuanshi_insect_guardian.tscn
A14: 被石头侵蚀的普通原石虫 | B14: stone_eroded_yuanshi_insect_basic | C14: 被石头侵蚀的普通原石虫 | D14: 原石虫 | E14: 普通 | F14: 否 | G14: 80 | H14: 10 | I14: 150 | J14: 0 | K14: 20 | L14: 1 | M14: 1 | N14: =SUM(O14:Z14) -> 0.05 | O14: 0.02 | P14: 0.002 | Q14: 0.01 | R14: 0 | S14: 0 | T14: 0 | U14: 0 | V14: 0.004 | W14: 0.004 | X14: 0.004 | Y14: 0.004 | Z14: 0.002 | AA14: =IF(OR(G14<1,G14<>INT(G14)),"生命无效",IF(OR(H14<0,H14<>INT(H14)),"攻击无效",IF(OR(I14<0,I14<>INT(I14)),"物防无效",IF(OR(J14<0,J14>100,J14<>INT(J14)),"法防无效",IF(OR(K14<0,K14>1000),"移速无效",IF(OR(L14<1,L14<>INT(L14)),"Home伤害无效",IF(OR(M14<0,M14<>INT(M14)),"息壤无效",IF(OR(MIN(O14:Z14)<0,MAX(O14:Z14)>1),"掉落概率无效","可回读")))))))) -> 可回读 | AB14: yuanshi_insect, stone_eroded | AC14: res://resources/config/enemies/stone_eroded_yuanshi_insect_basic.tres | AD14: res://scene/enemy/stone_eroded/stone_eroded_yuanshi_insect_basic.tscn
A15: 被石头侵蚀的硬壳原石虫 | B15: stone_eroded_yuanshi_insect_shell | C15: 被石头侵蚀的硬壳原石虫 | D15: 原石虫 | E15: 普通 | F15: 否 | G15: 280 | H15: 14 | I15: 150 | J15: 0 | K15: 20 | L15: 1 | M15: 2 | N15: =SUM(O15:Z15) -> 0.05 | O15: 0.02 | P15: 0.002 | Q15: 0.01 | R15: 0 | S15: 0 | T15: 0 | U15: 0 | V15: 0.004 | W15: 0.004 | X15: 0.004 | Y15: 0.004 | Z15: 0.002 | AA15: =IF(OR(G15<1,G15<>INT(G15)),"生命无效",IF(OR(H15<0,H15<>INT(H15)),"攻击无效",IF(OR(I15<0,I15<>INT(I15)),"物防无效",IF(OR(J15<0,J15>100,J15<>INT(J15)),"法防无效",IF(OR(K15<0,K15>1000),"移速无效",IF(OR(L15<1,L15<>INT(L15)),"Home伤害无效",IF(OR(M15<0,M15<>INT(M15)),"息壤无效",IF(OR(MIN(O15:Z15)<0,MAX(O15:Z15)>1),"掉落概率无效","可回读")))))))) -> 可回读 | AB15: yuanshi_insect, stone_eroded | AC15: res://resources/config/enemies/stone_eroded_yuanshi_insect_shell.tres | AD15: res://scene/enemy/stone_eroded/stone_eroded_yuanshi_insect_shell.tscn
A16: 被石头侵蚀的迅捷原石虫 | B16: stone_eroded_yuanshi_insect_fast | C16: 被石头侵蚀的迅捷原石虫 | D16: 原石虫 | E16: 普通 | F16: 否 | G16: 70 | H16: 10 | I16: 150 | J16: 0 | K16: 40 | L16: 1 | M16: 1 | N16: =SUM(O16:Z16) -> 0.05 | O16: 0.02 | P16: 0.002 | Q16: 0.01 | R16: 0 | S16: 0 | T16: 0 | U16: 0 | V16: 0.004 | W16: 0.004 | X16: 0.004 | Y16: 0.004 | Z16: 0.002 | AA16: =IF(OR(G16<1,G16<>INT(G16)),"生命无效",IF(OR(H16<0,H16<>INT(H16)),"攻击无效",IF(OR(I16<0,I16<>INT(I16)),"物防无效",IF(OR(J16<0,J16>100,J16<>INT(J16)),"法防无效",IF(OR(K16<0,K16>1000),"移速无效",IF(OR(L16<1,L16<>INT(L16)),"Home伤害无效",IF(OR(M16<0,M16<>INT(M16)),"息壤无效",IF(OR(MIN(O16:Z16)<0,MAX(O16:Z16)>1),"掉落概率无效","可回读")))))))) -> 可回读 | AB16: yuanshi_insect, stone_eroded | AC16: res://resources/config/enemies/stone_eroded_yuanshi_insect_fast.tres | AD16: res://scene/enemy/stone_eroded/stone_eroded_yuanshi_insect_fast.tscn
A17: 被石头侵蚀的自爆原石虫 | B17: stone_eroded_yuanshi_insect_bomber | C17: 被石头侵蚀的自爆原石虫 | D17: 原石虫 | E17: 普通 | F17: 否 | G17: 60 | H17: 10 | I17: 150 | J17: 0 | K17: 18 | L17: 1 | M17: 1 | N17: =SUM(O17:Z17) -> 0.05 | O17: 0.02 | P17: 0.002 | Q17: 0.01 | R17: 0 | S17: 0 | T17: 0 | U17: 0 | V17: 0.004 | W17: 0.004 | X17: 0.004 | Y17: 0.004 | Z17: 0.002 | AA17: =IF(OR(G17<1,G17<>INT(G17)),"生命无效",IF(OR(H17<0,H17<>INT(H17)),"攻击无效",IF(OR(I17<0,I17<>INT(I17)),"物防无效",IF(OR(J17<0,J17>100,J17<>INT(J17)),"法防无效",IF(OR(K17<0,K17>1000),"移速无效",IF(OR(L17<1,L17<>INT(L17)),"Home伤害无效",IF(OR(M17<0,M17<>INT(M17)),"息壤无效",IF(OR(MIN(O17:Z17)<0,MAX(O17:Z17)>1),"掉落概率无效","可回读")))))))) -> 可回读 | AB17: yuanshi_insect, stone_eroded | AC17: res://resources/config/enemies/stone_eroded_yuanshi_insect_bomber.tres | AD17: res://scene/enemy/stone_eroded/stone_eroded_yuanshi_insect_bomber.tscn
... A54: 精英石头人 | B54: stone_golem_elite | C54: 精英石头人 | D54: 人工造物 | E54: 精英 | F54: 否 | G54: 1800 | H54: 150 | I54: 75 | J54: 0 | K54: 15 | L54: 3 | M54: 80 | N54: =SUM(O54:Z54) -> 0.57 | O54: 0.02 | P54: 0.002 | Q54: 0.01 | R54: 0.01 | S54: 0.01 | T54: 0 | U54: 0.5 | V54: 0.004 | W54: 0.004 | X54: 0.004 | Y54: 0.004 | Z54: 0.002 | AA54: =IF(OR(G54<1,G54<>INT(G54)),"生命无效",IF(OR(H54<0,H54<>INT(H54)),"攻击无效",IF(OR(I54<0,I54<>INT(I54)),"物防无效",IF(OR(J54<0,J54>100,J54<>INT(J54)),"法防无效",IF(OR(K54<0,K54>1000),"移速无效",IF(OR(L54<1,L54<>INT(L54)),"Home伤害无效",IF(OR(M54<0,M54<>INT(M54)),"息壤无效",IF(OR(MIN(O54:Z54)<0,MAX(O54:Z54)>1),"掉落概率无效","可回读")))))))) -> 可回读 | AB54: artificial_creation | AC54: res://resources/config/enemies/stone_golem_elite.tres | AD54: res://scene/enemy/artificial_creation/stone_golem_elite.tscn

Sheet 敌人导入数据（勿改）
A1: 敌人导入数据（机器读取区域，请勿编辑；每行是一种敌人的全局固定配置） | B1: 敌人导入数据（机器读取区域，请勿编辑；每行是一种敌人的全局固定配置） | C1: 敌人导入数据（机器读取区域，请勿编辑；每行是一种敌人的全局固定配置） | D1: 敌人导入数据（机器读取区域，请勿编辑；每行是一种敌人的全局固定配置） | E1: 敌人导入数据（机器读取区域，请勿编辑；每行是一种敌人的全局固定配置） | F1: 敌人导入数据（机器读取区域，请勿编辑；每行是一种敌人的全局固定配置） | G1: 敌人导入数据（机器读取区域，请勿编辑；每行是一种敌人的全局固定配置） | H1: 敌人导入数据（机器读取区域，请勿编辑；每行是一种敌人的全局固定配置） | I1: 敌人导入数据（机器读取区域，请勿编辑；每行是一种敌人的全局固定配置） | J1: 敌人导入数据（机器读取区域，请勿编辑；每行是一种敌人的全局固定配置） | K1: 敌人导入数据（机器读取区域，请勿编辑；每行是一种敌人的全局固定配置） | L1: 敌人导入数据（机器读取区域，请勿编辑；每行是一种敌人的全局固定配置） | M1: 敌人导入数据（机器读取区域，请勿编辑；每行是一种敌人的全局固定配置） | N1: 敌人导入数据（机器读取区域，请勿编辑；每行是一种敌人的全局固定配置） | O1: 敌人导入数据（机器读取区域，请勿编辑；每行是一种敌人的全局固定配置） | P1: 敌人导入数据（机器读取区域，请勿编辑；每行是一种敌人的全局固定配置） | Q1: 敌人导入数据（机器读取区域，请勿编辑；每行是一种敌人的全局固定配置） | R1: 敌人导入数据（机器读取区域，请勿编辑；每行是一种敌人的全局固定配置） | S1: 敌人导入数据（机器读取区域，请勿编辑；每行是一种敌人的全局固定配置） | T1: 敌人导入数据（机器读取区域，请勿编辑；每行是一种敌人的全局固定配置） | U1: 敌人导入数据（机器读取区域，请勿编辑；每行是一种敌人的全局固定配置） | V1: 敌人导入数据（机器读取区域，请勿编辑；每行是一种敌人的全局固定配置） | W1: 敌人导入数据（机器读取区域，请勿编辑；每行是一种敌人的全局固定配置） | X1: 敌人导入数据（机器读取区域，请勿编辑；每行是一种敌人的全局固定配置）
A2: schema_version | B2: 2 | C2: workbook_id | D2: tower_defense_wave_designer_v2 | E2: catalog_sha256 | F2: b1fe8380d773e1597266e16f821f218f409f50807d0f37e8e2cf139bc0c16be8 | G2: enemy_count | H2: 49
A4: schema_version | B4: enemy_id | C4: max_health | D4: attack_damage | E4: physical_defense | F4: magic_defense | G4: move_speed | H4: home_damage | I4: xirang_kill_reward | J4: material_wood | K4: material_white_crystal | L4: material_sapling | M4: material_capoo_blue_crystal | N4: material_sorcerer_violet_powder | O4: material_gel | P4: material_small_stone | Q4: pickup_speed | R4: pickup_rapid | S4: pickup_tenpura | T4: pickup_health | U4: pickup_spiral | V4: expected_drop_count_per_kill | W4: row_validation | X4: config_path
A5: 2 | B5: =敌人目录!B6 -> yuanshi_insect_basic | C5: =敌人目录!G6 -> 40 | D5: =敌人目录!H6 -> 10 | E5: =敌人目录!I6 -> 0 | F5: =敌人目录!J6 -> 0 | G5: =敌人目录!K6 -> 20 | H5: =敌人目录!L6 -> 1 | I5: =敌人目录!M6 -> 1 | J5: =敌人目录!O6 -> 0.02 | K5: =敌人目录!P6 -> 0.002 | L5: =敌人目录!Q6 -> 0.01 | M5: =敌人目录!R6 -> 0 | N5: =敌人目录!S6 -> 0 | O5: =敌人目录!T6 -> 0 | P5: =敌人目录!U6 -> 0 | Q5: =敌人目录!V6 -> 0.004 | ... U5: =敌人目录!Z6 -> 0.002 | V5: =敌人目录!N6 -> 0.05 | W5: =敌人目录!AA6 -> 可回读 | X5: =敌人目录!AC6 -> res://resources/config/enemies/yuanshi_insect_basic.tres
A6: 2 | B6: =敌人目录!B7 -> yuanshi_insect_shell | C6: =敌人目录!G7 -> 140 | D6: =敌人目录!H7 -> 14 | E6: =敌人目录!I7 -> 3 | F6: =敌人目录!J7 -> 0 | G6: =敌人目录!K7 -> 20 | H6: =敌人目录!L7 -> 1 | I6: =敌人目录!M7 -> 2 | J6: =敌人目录!O7 -> 0.02 | K6: =敌人目录!P7 -> 0.002 | L6: =敌人目录!Q7 -> 0.01 | M6: =敌人目录!R7 -> 0 | N6: =敌人目录!S7 -> 0 | O6: =敌人目录!T7 -> 0 | P6: =敌人目录!U7 -> 0 | Q6: =敌人目录!V7 -> 0.004 | ... U6: =敌人目录!Z7 -> 0.002 | V6: =敌人目录!N7 -> 0.05 | W6: =敌人目录!AA7 -> 可回读 | X6: =敌人目录!AC7 -> res://resources/config/enemies/yuanshi_insect_shell.tres
A7: 2 | B7: =敌人目录!B8 -> yuanshi_insect_fast | C7: =敌人目录!G8 -> 35 | D7: =敌人目录!H8 -> 10 | E7: =敌人目录!I8 -> 0 | F7: =敌人目录!J8 -> 0 | G7: =敌人目录!K8 -> 40 | H7: =敌人目录!L8 -> 1 | I7: =敌人目录!M8 -> 1 | J7: =敌人目录!O8 -> 0.02 | K7: =敌人目录!P8 -> 0.002 | L7: =敌人目录!Q8 -> 0.01 | M7: =敌人目录!R8 -> 0 | N7: =敌人目录!S8 -> 0 | O7: =敌人目录!T8 -> 0 | P7: =敌人目录!U8 -> 0 | Q7: =敌人目录!V8 -> 0.004 | ... U7: =敌人目录!Z8 -> 0.002 | V7: =敌人目录!N8 -> 0.05 | W7: =敌人目录!AA8 -> 可回读 | X7: =敌人目录!AC8 -> res://resources/config/enemies/yuanshi_insect_fast.tres
A8: 2 | B8: =敌人目录!B9 -> yuanshi_insect_bomber | C8: =敌人目录!G9 -> 30 | D8: =敌人目录!H9 -> 10 | E8: =敌人目录!I9 -> 0 | F8: =敌人目录!J9 -> 0 | G8: =敌人目录!K9 -> 18 | H8: =敌人目录!L9 -> 1 | I8: =敌人目录!M9 -> 1 | J8: =敌人目录!O9 -> 0.02 | K8: =敌人目录!P9 -> 0.002 | L8: =敌人目录!Q9 -> 0.01 | M8: =敌人目录!R9 -> 0 | N8: =敌人目录!S9 -> 0 | O8: =敌人目录!T9 -> 0 | P8: =敌人目录!U9 -> 0 | Q8: =敌人目录!V9 -> 0.004 | ... U8: =敌人目录!Z9 -> 0.002 | V8: =敌人目录!N9 -> 0.05 | W8: =敌人目录!AA9 -> 可回读 | X8: =敌人目录!AC9 -> res://resources/config/enemies/yuanshi_insect_bomber.tres
A9: 2 | B9: =敌人目录!B10 -> yuanshi_insect_purple_bomber | C9: =敌人目录!G10 -> 40 | D9: =敌人目录!H10 -> 10 | E9: =敌人目录!I10 -> 0 | F9: =敌人目录!J10 -> 0 | G9: =敌人目录!K10 -> 32 | H9: =敌人目录!L10 -> 1 | I9: =敌人目录!M10 -> 2 | J9: =敌人目录!O10 -> 0.02 | K9: =敌人目录!P10 -> 0.002 | L9: =敌人目录!Q10 -> 0.01 | M9: =敌人目录!R10 -> 0 | N9: =敌人目录!S10 -> 0 | O9: =敌人目录!T10 -> 0 | P9: =敌人目录!U10 -> 0 | Q9: =敌人目录!V10 -> 0.004 | ... U9: =敌人目录!Z10 -> 0.002 | V9: =敌人目录!N10 -> 0.05 | W9: =敌人目录!AA10 -> 可回读 | X9: =敌人目录!AC10 -> res://resources/config/enemies/yuanshi_insect_purple_bomber.tres
A10: 2 | B10: =敌人目录!B11 -> yuanshi_insect_green_shell | C10: =敌人目录!G11 -> 200 | D10: =敌人目录!H11 -> 20 | E10: =敌人目录!I11 -> 5 | F10: =敌人目录!J11 -> 0 | G10: =敌人目录!K11 -> 15 | H10: =敌人目录!L11 -> 1 | I10: =敌人目录!M11 -> 2 | J10: =敌人目录!O11 -> 0.02 | K10: =敌人目录!P11 -> 0.002 | L10: =敌人目录!Q11 -> 0.01 | M10: =敌人目录!R11 -> 0 | N10: =敌人目录!S11 -> 0 | O10: =敌人目录!T11 -> 0 | P10: =敌人目录!U11 -> 0 | Q10: =敌人目录!V11 -> 0.004 | ... U10: =敌人目录!Z11 -> 0.002 | V10: =敌人目录!N11 -> 0.05 | W10: =敌人目录!AA11 -> 可回读 | X10: =敌人目录!AC11 -> res://resources/config/enemies/yuanshi_insect_green_shell.tres
A11: 2 | B11: =敌人目录!B12 -> yuanshi_insect_fire_ranged | C11: =敌人目录!G12 -> 40 | D11: =敌人目录!H12 -> 25 | E11: =敌人目录!I12 -> 0 | F11: =敌人目录!J12 -> 0 | G11: =敌人目录!K12 -> 22 | H11: =敌人目录!L12 -> 1 | I11: =敌人目录!M12 -> 1 | J11: =敌人目录!O12 -> 0.02 | K11: =敌人目录!P12 -> 0.002 | L11: =敌人目录!Q12 -> 0.01 | M11: =敌人目录!R12 -> 0 | N11: =敌人目录!S12 -> 0 | O11: =敌人目录!T12 -> 0 | P11: =敌人目录!U12 -> 0 | Q11: =敌人目录!V12 -> 0.004 | ... U11: =敌人目录!Z12 -> 0.002 | V11: =敌人目录!N12 -> 0.05 | W11: =敌人目录!AA12 -> 可回读 | X11: =敌人目录!AC12 -> res://resources/config/enemies/yuanshi_insect_fire_ranged.tres
A12: 2 | B12: =敌人目录!B13 -> yuanshi_insect_guardian | C12: =敌人目录!G13 -> 150 | D12: =敌人目录!H13 -> 10 | E12: =敌人目录!I13 -> 5 | F12: =敌人目录!J13 -> 0 | G12: =敌人目录!K13 -> 20 | H12: =敌人目录!L13 -> 1 | I12: =敌人目录!M13 -> 2 | J12: =敌人目录!O13 -> 0.02 | K12: =敌人目录!P13 -> 0.002 | L12: =敌人目录!Q13 -> 0.01 | M12: =敌人目录!R13 -> 0 | N12: =敌人目录!S13 -> 0 | O12: =敌人目录!T13 -> 0 | P12: =敌人目录!U13 -> 0 | Q12: =敌人目录!V13 -> 0.004 | ... U12: =敌人目录!Z13 -> 0.002 | V12: =敌人目录!N13 -> 0.05 | W12: =敌人目录!AA13 -> 可回读 | X12: =敌人目录!AC13 -> res://resources/config/enemies/yuanshi_insect_guardian.tres
A13: 2 | B13: =敌人目录!B14 -> stone_eroded_yuanshi_insect_basic | C13: =敌人目录!G14 -> 80 | D13: =敌人目录!H14 -> 10 | E13: =敌人目录!I14 -> 150 | F13: =敌人目录!J14 -> 0 | G13: =敌人目录!K14 -> 20 | H13: =敌人目录!L14 -> 1 | I13: =敌人目录!M14 -> 1 | J13: =敌人目录!O14 -> 0.02 | K13: =敌人目录!P14 -> 0.002 | L13: =敌人目录!Q14 -> 0.01 | M13: =敌人目录!R14 -> 0 | N13: =敌人目录!S14 -> 0 | O13: =敌人目录!T14 -> 0 | P13: =敌人目录!U14 -> 0 | Q13: =敌人目录!V14 -> 0.004 | ... U13: =敌人目录!Z14 -> 0.002 | V13: =敌人目录!N14 -> 0.05 | W13: =敌人目录!AA14 -> 可回读 | X13: =敌人目录!AC14 -> res://resources/config/enemies/stone_eroded_yuanshi_insect_basic.tres
A14: 2 | B14: =敌人目录!B15 -> stone_eroded_yuanshi_insect_shell | C14: =敌人目录!G15 -> 280 | D14: =敌人目录!H15 -> 14 | E14: =敌人目录!I15 -> 150 | F14: =敌人目录!J15 -> 0 | G14: =敌人目录!K15 -> 20 | H14: =敌人目录!L15 -> 1 | I14: =敌人目录!M15 -> 2 | J14: =敌人目录!O15 -> 0.02 | K14: =敌人目录!P15 -> 0.002 | L14: =敌人目录!Q15 -> 0.01 | M14: =敌人目录!R15 -> 0 | N14: =敌人目录!S15 -> 0 | O14: =敌人目录!T15 -> 0 | P14: =敌人目录!U15 -> 0 | Q14: =敌人目录!V15 -> 0.004 | ... U14: =敌人目录!Z15 -> 0.002 | V14: =敌人目录!N15 -> 0.05 | W14: =敌人目录!AA15 -> 可回读 | X14: =敌人目录!AC15 -> res://resources/config/enemies/stone_eroded_yuanshi_insect_shell.tres
A15: 2 | B15: =敌人目录!B16 -> stone_eroded_yuanshi_insect_fast | C15: =敌人目录!G16 -> 70 | D15: =敌人目录!H16 -> 10 | E15: =敌人目录!I16 -> 150 | F15: =敌人目录!J16 -> 0 | G15: =敌人目录!K16 -> 40 | H15: =敌人目录!L16 -> 1 | I15: =敌人目录!M16 -> 1 | J15: =敌人目录!O16 -> 0.02 | K15: =敌人目录!P16 -> 0.002 | L15: =敌人目录!Q16 -> 0.01 | M15: =敌人目录!R16 -> 0 | N15: =敌人目录!S16 -> 0 | O15: =敌人目录!T16 -> 0 | P15: =敌人目录!U16 -> 0 | Q15: =敌人目录!V16 -> 0.004 | ... U15: =敌人目录!Z16 -> 0.002 | V15: =敌人目录!N16 -> 0.05 | W15: =敌人目录!AA16 -> 可回读 | X15: =敌人目录!AC16 -> res://resources/config/enemies/stone_eroded_yuanshi_insect_fast.tres
